ISO-10303-21;
HEADER;
FILE_DESCRIPTION (( 'STEP AP214' ),
    '1' );
FILE_NAME ('ACJM-IH.STEP',
    '2022-09-28T10:00:56',
    ( '' ),
    ( '' ),
    'SwSTEP 2.0',
    'SolidWorks 2017',
    '' );
FILE_SCHEMA (( 'AUTOMOTIVE_DESIGN' ));
ENDSEC;

DATA;
#1 = EDGE_CURVE ( 'NONE', #1773, #9107, #965, .T. ) ;
#2 = ORIENTED_EDGE ( 'NONE', *, *, #3737, .T. ) ;
#3 = DIRECTION ( 'NONE',  ( 0.7071067811865418000, 0.0000000000000000000, 0.7071067811865532300 ) ) ;
#4 = ORIENTED_EDGE ( 'NONE', *, *, #9112, .T. ) ;
#5 = EDGE_CURVE ( 'NONE', #9448, #634, #8144, .T. ) ;
#6 = LINE ( 'NONE', #1791, #1667 ) ;
#7 = ORIENTED_EDGE ( 'NONE', *, *, #5124, .F. ) ;
#8 = DIRECTION ( 'NONE',  ( 1.000000000000000000, 0.0000000000000000000, -0.0000000000000000000 ) ) ;
#9 = ORIENTED_EDGE ( 'NONE', *, *, #7188, .T. ) ;
#10 = CARTESIAN_POINT ( 'NONE',  ( -8.350000000000001400, 12.30000000000000100, 16.20000000000011300 ) ) ;
#11 = DIRECTION ( 'NONE',  ( -1.000000000000000000, 0.0000000000000000000, 0.0000000000000000000 ) ) ;
#12 = DIRECTION ( 'NONE',  ( -0.9920049496797153100, 0.1261989691358270700, -6.696916640619664200E-016 ) ) ;
#13 = CARTESIAN_POINT ( 'NONE',  ( 8.350000000000001400, -1.843908891458577100, 5.100000000000000500 ) ) ;
#14 = VECTOR ( 'NONE', #6876, 1000.000000000000000 ) ;
#15 = EDGE_CURVE ( 'NONE', #472, #4265, #5364, .T. ) ;
#16 = ORIENTED_EDGE ( 'NONE', *, *, #8570, .T. ) ;
#17 = CARTESIAN_POINT ( 'NONE',  ( 7.900000000000114900, 7.949999999999998400, 14.70000000000000100 ) ) ;
#18 = ORIENTED_EDGE ( 'NONE', *, *, #5370, .T. ) ;
#19 = DIRECTION ( 'NONE',  ( 2.111837275102199700E-016, -0.0000000000000000000, -1.000000000000000000 ) ) ;
#21 = CARTESIAN_POINT ( 'NONE',  ( -4.837073890375361200, 11.78284682717160900, 3.923606797750093000 ) ) ;
#20 =( NAMED_UNIT ( * ) SI_UNIT ( $, .STERADIAN. ) SOLID_ANGLE_UNIT ( ) );
#22 = ORIENTED_EDGE ( 'NONE', *, *, #1606, .F. ) ;
#23 = DIRECTION ( 'NONE',  ( 0.9920049496797154200, -0.1261989691358267300, -0.0000000000000000000 ) ) ;
#24 =( NAMED_UNIT ( * ) PLANE_ANGLE_UNIT ( ) SI_UNIT ( $, .RADIAN. ) );
#25 = DIRECTION ( 'NONE',  ( 1.000000000000000000, -0.0000000000000000000, 0.0000000000000000000 ) ) ;
#26 = EDGE_LOOP ( 'NONE', ( #3800, #7534 ) ) ;
#27 = FACE_OUTER_BOUND ( 'NONE', #7811, .T. ) ;
#28 = ORIENTED_EDGE ( 'NONE', *, *, #3859, .F. ) ;
#29 = ORIENTED_EDGE ( 'NONE', *, *, #6094, .F. ) ;
#30 = ADVANCED_FACE ( 'NONE', ( #9893 ), #5135, .T. ) ;
#31 = DIRECTION ( 'NONE',  ( -0.5726248390748289700, 0.5201357824263478400, -0.6336872742246424400 ) ) ;
#32 = ORIENTED_EDGE ( 'NONE', *, *, #8432, .T. ) ;
#33 = EDGE_CURVE ( 'NONE', #2509, #6821, #10180, .T. ) ;
#34 = CARTESIAN_POINT ( 'NONE',  ( -4.837073890375361200, 11.78284682717160900, 4.476393202250133800 ) ) ;
#35 = EDGE_CURVE ( 'NONE', #1210, #5379, #8523, .T. ) ;
#36 = FACE_OUTER_BOUND ( 'NONE', #7215, .T. ) ;
#37 = VERTEX_POINT ( 'NONE', #7710 ) ;
#38 = DIRECTION ( 'NONE',  ( -1.000000000000000000, 0.0000000000000000000, 5.010031699572010200E-016 ) ) ;
#39 = CARTESIAN_POINT ( 'NONE',  ( 8.350000000000001400, 1.599999999999912600, 15.94999999999999900 ) ) ;
#40 = ORIENTED_EDGE ( 'NONE', *, *, #5175, .T. ) ;
#41 = AXIS2_PLACEMENT_3D ( 'NONE', #642, #1519, #2414 ) ;
#42 = ORIENTED_EDGE ( 'NONE', *, *, #1881, .F. ) ;
#43 = ORIENTED_EDGE ( 'NONE', *, *, #3756, .F. ) ;
#44 = CIRCLE ( 'NONE', #10999, 7.874999999999994700 ) ;
#45 = ORIENTED_EDGE ( 'NONE', *, *, #10770, .T. ) ;
#46 = CARTESIAN_POINT ( 'NONE',  ( -7.950000000000000200, 3.100000000000000500, 4.700000000000002000 ) ) ;
#47 = PLANE ( 'NONE',  #1918 ) ;
#48 = ORIENTED_EDGE ( 'NONE', *, *, #1812, .F. ) ;
#49 = CARTESIAN_POINT ( 'NONE',  ( -4.837073890375361200, 11.78284682717160900, 16.97639320225013300 ) ) ;
#50 = EDGE_CURVE ( 'NONE', #10620, #1987, #2622, .T. ) ;
#51 = ADVANCED_FACE ( 'NONE', ( #6476 ), #4694, .T. ) ;
#52 = DIRECTION ( 'NONE',  ( 0.0000000000000000000, 0.0000000000000000000, 1.000000000000000000 ) ) ;
#53 = DIRECTION ( 'NONE',  ( -0.0000000000000000000, -0.0000000000000000000, 1.000000000000000000 ) ) ;
#54 = AXIS2_PLACEMENT_3D ( 'NONE', #8163, #2921, #5603 ) ;
#55 = CARTESIAN_POINT ( 'NONE',  ( -4.837073890375361200, 11.78284682717160900, 16.42360679775009700 ) ) ;
#56 = AXIS2_PLACEMENT_3D ( 'NONE', #10780, #1145, #5570 ) ;
#57 = DIRECTION ( 'NONE',  ( 0.0000000000000000000, 0.0000000000000000000, -1.000000000000000000 ) ) ;
#58 = ORIENTED_EDGE ( 'NONE', *, *, #9586, .T. ) ;
#59 = FACE_OUTER_BOUND ( 'NONE', #7423, .T. ) ;
#60 = LINE ( 'NONE', #9698, #4609 ) ;
#61 = VERTEX_POINT ( 'NONE', #2619 ) ;
#62 = CARTESIAN_POINT ( 'NONE',  ( 7.900000000000114900, 7.949999999999998400, 8.450000000000001100 ) ) ;
#63 = DIRECTION ( 'NONE',  ( 0.0000000000000000000, 0.0000000000000000000, -1.000000000000000000 ) ) ;
#64 = CARTESIAN_POINT ( 'NONE',  ( -8.450000000000001100, 8.223606797749978300, 9.950000000000114800 ) ) ;
#65 = EDGE_CURVE ( 'NONE', #8790, #7608, #3873, .T. ) ;
#66 = ORIENTED_EDGE ( 'NONE', *, *, #7497, .F. ) ;
#67 = CARTESIAN_POINT ( 'NONE',  ( 7.900000000000114900, 7.949999999999998400, 2.200000000000000600 ) ) ;
#68 = ORIENTED_EDGE ( 'NONE', *, *, #2204, .F. ) ;
#69 = AXIS2_PLACEMENT_3D ( 'NONE', #4456, #9804, #10580 ) ;
#70 = VECTOR ( 'NONE', #1567, 1000.000000000000000 ) ;
#71 = FACE_OUTER_BOUND ( 'NONE', #9291, .T. ) ;
#72 = CARTESIAN_POINT ( 'NONE',  ( 4.999999999999995600, 3.600000000000000100, 18.75000000000000400 ) ) ;
#73 = FACE_OUTER_BOUND ( 'NONE', #2666, .T. ) ;
#74 = CARTESIAN_POINT ( 'NONE',  ( 8.347213595500074100, 8.000000000000000000, 2.200000000000000600 ) ) ;
#75 = ORIENTED_EDGE ( 'NONE', *, *, #2670, .T. ) ;
#76 = CARTESIAN_POINT ( 'NONE',  ( 3.210233636357321600, 8.000000000000023100, 12.49999999999999800 ) ) ;
#77 = VECTOR ( 'NONE', #886, 1000.000000000000000 ) ;
#78 = VECTOR ( 'NONE', #1540, 1000.000000000000000 ) ;
#79 = ORIENTED_EDGE ( 'NONE', *, *, #3440, .F. ) ;
#80 = ORIENTED_EDGE ( 'NONE', *, *, #6234, .F. ) ;
#81 = LINE ( 'NONE', #9928, #2845 ) ;
#82 = VECTOR ( 'NONE', #7498, 1000.000000000000000 ) ;
#83 = DIRECTION ( 'NONE',  ( 0.0000000000000000000, 0.0000000000000000000, -1.000000000000000000 ) ) ;
#84 = EDGE_CURVE ( 'NONE', #6346, #11127, #5134, .T. ) ;
#85 = LINE ( 'NONE', #2744, #2711 ) ;
#86 = ADVANCED_FACE ( 'NONE', ( #6061 ), #7570, .T. ) ;
#87 = AXIS2_PLACEMENT_3D ( 'NONE', #6728, #5005, #3383 ) ;
#88 = CARTESIAN_POINT ( 'NONE',  ( 3.081487911019577400E-030, 7.825000000000000200, 5.204170427930421300E-015 ) ) ;
#89 = ORIENTED_EDGE ( 'NONE', *, *, #6228, .T. ) ;
#90 = DIRECTION ( 'NONE',  ( -1.000000000000000000, 0.0000000000000000000, -2.111837275102199700E-016 ) ) ;
#91 = FACE_OUTER_BOUND ( 'NONE', #3786, .T. ) ;
#92 = DIRECTION ( 'NONE',  ( 0.6846169860849559100, 0.3601944209030644200, 0.6336872742246425500 ) ) ;
#93 = CARTESIAN_POINT ( 'NONE',  ( 10.00000000000000000, 8.000000000000000000, 11.35000000000000100 ) ) ;
#94 = ORIENTED_EDGE ( 'NONE', *, *, #4948, .F. ) ;
#95 = FACE_OUTER_BOUND ( 'NONE', #9503, .T. ) ;
#96 = TOROIDAL_SURFACE ( 'NONE', #155, 0.1999999999999994300, 0.5000000000000000000 ) ;
#97 = LINE ( 'NONE', #6693, #6578 ) ;
#98 = LINE ( 'NONE', #5984, #2171 ) ;
#99 = CARTESIAN_POINT ( 'NONE',  ( -1.880187805439772300, 9.527196853685959300, 4.544145861810740400 ) ) ;
#100 = LINE ( 'NONE', #712, #7411 ) ;
#101 = APPLICATION_CONTEXT ( 'automotive_design' ) ;
#102 = EDGE_LOOP ( 'NONE', ( #3314, #8140, #3236, #1405 ) ) ;
#103 = CARTESIAN_POINT ( 'NONE',  ( 2.932702847350674400, 9.259228901349223100, 4.664438816375781700 ) ) ;
#104 = EDGE_CURVE ( 'NONE', #6480, #10500, #3741, .T. ) ;
#105 = VECTOR ( 'NONE', #2095, 1000.000000000000000 ) ;
#106 = CARTESIAN_POINT ( 'NONE',  ( -8.450000000000001100, 8.000000000000000000, 16.20000000000011300 ) ) ;
#107 = CARTESIAN_POINT ( 'NONE',  ( -5.402871767273012400, 12.98250998384233400, 4.476393202250133800 ) ) ;
#108 = ORIENTED_EDGE ( 'NONE', *, *, #4381, .T. ) ;
#109 = EDGE_CURVE ( 'NONE', #489, #8322, #10575, .T. ) ;
#110 = CIRCLE ( 'NONE', #5527, 1.400000000000000100 ) ;
#111 = STYLED_ITEM ( 'NONE', ( #10939 ), #5827 ) ;
#112 = CIRCLE ( 'NONE', #661, 4.758349359033618800 ) ;
#113 = CARTESIAN_POINT ( 'NONE',  ( 8.350000000000116900, 7.949999999999998400, 2.200000000000000600 ) ) ;
#114 = ADVANCED_FACE ( 'NONE', ( #4149 ), #2652, .T. ) ;
#115 = ORIENTED_EDGE ( 'NONE', *, *, #1641, .T. ) ;
#116 = ORIENTED_EDGE ( 'NONE', *, *, #7990, .T. ) ;
#118 = DIRECTION ( 'NONE',  ( -1.579750383876801700E-015, -0.0000000000000000000, -1.000000000000000000 ) ) ;
#117 = DIRECTION ( 'NONE',  ( -1.000000000000000000, 0.0000000000000000000, 5.586652861001696000E-016 ) ) ;
#119 = CIRCLE ( 'NONE', #3029, 1.000000000000005600 ) ;
#120 = EDGE_LOOP ( 'NONE', ( #442, #5887, #7489, #3747 ) ) ;
#121 = ORIENTED_EDGE ( 'NONE', *, *, #5385, .F. ) ;
#122 = LINE ( 'NONE', #3094, #3868 ) ;
#123 = EDGE_CURVE ( 'NONE', #9260, #10877, #8250, .T. ) ;
#124 = DIRECTION ( 'NONE',  ( -0.0000000000000000000, -0.0000000000000000000, 1.000000000000000000 ) ) ;
#125 = AXIS2_PLACEMENT_3D ( 'NONE', #5567, #10815, #2888 ) ;
#126 = CYLINDRICAL_SURFACE ( 'NONE', #6028, 1.099999999999996800 ) ;
#127 = ORIENTED_EDGE ( 'NONE', *, *, #3225, .T. ) ;
#128 = PLANE ( 'NONE',  #4561 ) ;
#129 = CARTESIAN_POINT ( 'NONE',  ( 5.915044977147069000, 10.32787459131577800, 7.566568964668701500 ) ) ;
#130 = CARTESIAN_POINT ( 'NONE',  ( 0.0000000000000000000, 7.825000000000000200, 24.80000000000000400 ) ) ;
#131 = LINE ( 'NONE', #9343, #4964 ) ;
#132 = ORIENTED_EDGE ( 'NONE', *, *, #10719, .F. ) ;
#133 = CARTESIAN_POINT ( 'NONE',  ( -7.950000000000000200, 8.000000000000000000, 8.450000000000113000 ) ) ;
#134 = ORIENTED_EDGE ( 'NONE', *, *, #7497, .T. ) ;
#135 = ORIENTED_EDGE ( 'NONE', *, *, #1978, .T. ) ;
#136 = ORIENTED_EDGE ( 'NONE', *, *, #5159, .F. ) ;
#137 = CARTESIAN_POINT ( 'NONE',  ( -8.350000000000001400, 3.299999999999999800, 9.700000000000001100 ) ) ;
#138 = ORIENTED_EDGE ( 'NONE', *, *, #10017, .F. ) ;
#139 = EDGE_CURVE ( 'NONE', #483, #5166, #5511, .T. ) ;
#140 = DIRECTION ( 'NONE',  ( 1.000000000000000000, 0.0000000000000000000, 0.0000000000000000000 ) ) ;
#141 = AXIS2_PLACEMENT_3D ( 'NONE', #6417, #7569, #3933 ) ;
#142 = VECTOR ( 'NONE', #5138, 1000.000000000000100 ) ;
#143 = ORIENTED_EDGE ( 'NONE', *, *, #9170, .F. ) ;
#144 = VERTEX_POINT ( 'NONE', #6155 ) ;
#145 = ADVANCED_FACE ( 'NONE', ( #10449 ), #846, .F. ) ;
#146 = ORIENTED_EDGE ( 'NONE', *, *, #2729, .F. ) ;
#147 = CARTESIAN_POINT ( 'NONE',  ( -8.350000000000001400, 8.000000000000000000, 15.80000000000011600 ) ) ;
#148 = VECTOR ( 'NONE', #4779, 1000.000000000000000 ) ;
#149 = ORIENTED_EDGE ( 'NONE', *, *, #5909, .T. ) ;
#150 = CARTESIAN_POINT ( 'NONE',  ( -9.999999999999996400, 0.0000000000000000000, 0.0000000000000000000 ) ) ;
#151 = ORIENTED_EDGE ( 'NONE', *, *, #6247, .T. ) ;
#152 = PLANE ( 'NONE',  #7077 ) ;
#153 = EDGE_CURVE ( 'NONE', #2816, #1281, #828, .T. ) ;
#154 = CARTESIAN_POINT ( 'NONE',  ( -8.350000000000001400, 8.000000000000000000, 2.200000000000114300 ) ) ;
#155 = AXIS2_PLACEMENT_3D ( 'NONE', #853, #1693, #9645 ) ;
#156 = CARTESIAN_POINT ( 'NONE',  ( 6.997055580779380600, 9.566654908446548000, 12.15000000000011600 ) ) ;
#157 = ORIENTED_EDGE ( 'NONE', *, *, #7192, .T. ) ;
#158 = PRESENTATION_STYLE_ASSIGNMENT (( #4926 ) ) ;
#159 = VERTEX_POINT ( 'NONE', #1649 ) ;
#160 = VERTEX_POINT ( 'NONE', #3557 ) ;
#161 = DIRECTION ( 'NONE',  ( 0.0000000000000000000, 1.000000000000000000, 0.0000000000000000000 ) ) ;
#162 = DIRECTION ( 'NONE',  ( 1.000000000000000000, 0.0000000000000000000, 0.0000000000000000000 ) ) ;
#163 = ADVANCED_FACE ( 'NONE', ( #8108 ), #1653, .T. ) ;
#164 = EDGE_LOOP ( 'NONE', ( #8970, #10920, #6906, #8062 ) ) ;
#165 = CARTESIAN_POINT ( 'NONE',  ( 7.950000000000000200, 0.4000000000000001900, 17.60000000000000100 ) ) ;
#166 = EDGE_CURVE ( 'NONE', #3719, #5722, #9070, .T. ) ;
#167 = CARTESIAN_POINT ( 'NONE',  ( -8.414611063213548900, 8.057789891777611400, 17.14221010822250300 ) ) ;
#168 = AXIS2_PLACEMENT_3D ( 'NONE', #2018, #9890, #3888 ) ;
#169 = VECTOR ( 'NONE', #7076, 1000.000000000000000 ) ;
#170 = EDGE_LOOP ( 'NONE', ( #1063, #871, #6312, #826, #7765, #10475, #8845, #5239 ) ) ;
#171 = EDGE_LOOP ( 'NONE', ( #1423, #1926, #9822, #10536 ) ) ;
#172 = DIRECTION ( 'NONE',  ( -0.0000000000000000000, -0.0000000000000000000, 1.000000000000000000 ) ) ;
#173 = CARTESIAN_POINT ( 'NONE',  ( 6.648974508221138000, 9.207712619315408600, 18.70000000000011700 ) ) ;
#174 = ORIENTED_EDGE ( 'NONE', *, *, #2829, .T. ) ;
#175 = DIRECTION ( 'NONE',  ( 0.0000000000000000000, -1.000000000000000000, 0.0000000000000000000 ) ) ;
#176 = ADVANCED_FACE ( 'NONE', ( #8394 ), #4321, .F. ) ;
#177 = ORIENTED_EDGE ( 'NONE', *, *, #8101, .T. ) ;
#178 = VECTOR ( 'NONE', #7627, 1000.000000000000000 ) ;
#179 = VERTEX_POINT ( 'NONE', #6926 ) ;
#180 = DIRECTION ( 'NONE',  ( -1.000000000000000000, -0.0000000000000000000, -0.0000000000000000000 ) ) ;
#181 = ORIENTED_EDGE ( 'NONE', *, *, #187, .F. ) ;
#182 = EDGE_CURVE ( 'NONE', #1301, #1852, #4286, .T. ) ;
#184 = CARTESIAN_POINT ( 'NONE',  ( -9.999999999999996400, 0.0000000000000000000, 3.300000000000000700 ) ) ;
#183 = PLANE ( 'NONE',  #2255 ) ;
#185 = VERTEX_POINT ( 'NONE', #8973 ) ;
#186 = DIRECTION ( 'NONE',  ( -0.0000000000000000000, 0.0000000000000000000, -1.000000000000000000 ) ) ;
#187 = EDGE_CURVE ( 'NONE', #5668, #7697, #559, .T. ) ;
#188 = ORIENTED_EDGE ( 'NONE', *, *, #6604, .F. ) ;
#189 = CARTESIAN_POINT ( 'NONE',  ( 1.195506840486542100, 9.397451589815954500, 4.547166793932204200 ) ) ;
#190 = ORIENTED_EDGE ( 'NONE', *, *, #1978, .F. ) ;
#191 = VECTOR ( 'NONE', #6905, 1000.000000000000000 ) ;
#192 = DIRECTION ( 'NONE',  ( 0.0000000000000000000, -1.000000000000000000, 0.0000000000000000000 ) ) ;
#193 = LINE ( 'NONE', #1100, #2826 ) ;
#194 = ORIENTED_EDGE ( 'NONE', *, *, #10845, .T. ) ;
#195 = ORIENTED_EDGE ( 'NONE', *, *, #4961, .T. ) ;
#196 = DIRECTION ( 'NONE',  ( -0.0000000000000000000, -0.0000000000000000000, 1.000000000000000000 ) ) ;
#197 = SHAPE_DEFINITION_REPRESENTATION ( #6430, #1724 ) ;
#198 = DIRECTION ( 'NONE',  ( 1.000000000000000000, -3.854941057726231600E-015, 0.0000000000000000000 ) ) ;
#199 = ORIENTED_EDGE ( 'NONE', *, *, #9011, .T. ) ;
#200 = CARTESIAN_POINT ( 'NONE',  ( -8.150000000000000400, 12.30000000000000100, 16.97639320225013600 ) ) ;
#201 = ORIENTED_EDGE ( 'NONE', *, *, #750, .T. ) ;
#202 = CIRCLE ( 'NONE', #1267, 1.000000000000000900 ) ;
#203 = VECTOR ( 'NONE', #7335, 1000.000000000000000 ) ;
#204 = EDGE_CURVE ( 'NONE', #1401, #7895, #5917, .T. ) ;
#205 = ORIENTED_EDGE ( 'NONE', *, *, #1038, .T. ) ;
#206 = DIRECTION ( 'NONE',  ( 0.0000000000000000000, 1.000000000000000000, 0.0000000000000000000 ) ) ;
#207 = CARTESIAN_POINT ( 'NONE',  ( 7.950000000000000200, 9.360147050873548500, 9.700000000000001100 ) ) ;
#208 = AXIS2_PLACEMENT_3D ( 'NONE', #808, #1616, #10483 ) ;
#209 = CARTESIAN_POINT ( 'NONE',  ( -9.999999999999996400, 0.0000000000000000000, 17.60000000000000100 ) ) ;
#210 = DIRECTION ( 'NONE',  ( 0.0000000000000000000, 0.0000000000000000000, -1.000000000000000000 ) ) ;
#211 = VERTEX_POINT ( 'NONE', #4465 ) ;
#212 = VERTEX_POINT ( 'NONE', #6226 ) ;
#213 = DIRECTION ( 'NONE',  ( -1.248002500702738800E-016, -0.0000000000000000000, -1.000000000000000000 ) ) ;
#214 = ORIENTED_EDGE ( 'NONE', *, *, #6815, .T. ) ;
#215 = LINE ( 'NONE', #6597, #7931 ) ;
#216 = VECTOR ( 'NONE', #3571, 1000.000000000000100 ) ;
#217 = DIRECTION ( 'NONE',  ( -1.000000000000000000, 0.0000000000000000000, 1.079143686455245600E-015 ) ) ;
#218 = CARTESIAN_POINT ( 'NONE',  ( -9.999999999999996400, 8.000000000000000000, 9.550000000000000700 ) ) ;
#219 = CARTESIAN_POINT ( 'NONE',  ( -9.999999999999996400, 1.600000000000000100, 10.95000000000000100 ) ) ;
#220 = VECTOR ( 'NONE', #10903, 1000.000000000000000 ) ;
#221 = EDGE_CURVE ( 'NONE', #9558, #4691, #4971, .T. ) ;
#222 = DIRECTION ( 'NONE',  ( 5.583261179213479200E-016, 0.0000000000000000000, 1.000000000000000000 ) ) ;
#223 = AXIS2_PLACEMENT_3D ( 'NONE', #5952, #496, #6650 ) ;
#224 = EDGE_CURVE ( 'NONE', #1321, #10043, #3599, .T. ) ;
#225 = ADVANCED_FACE ( 'NONE', ( #7969 ), #1104, .T. ) ;
#226 = VECTOR ( 'NONE', #10448, 1000.000000000000000 ) ;
#227 = ORIENTED_EDGE ( 'NONE', *, *, #6094, .T. ) ;
#228 = FACE_OUTER_BOUND ( 'NONE', #10494, .T. ) ;
#229 = CIRCLE ( 'NONE', #7034, 7.874999999999992900 ) ;
#231 = DIRECTION ( 'NONE',  ( -1.248002500702738800E-016, -0.0000000000000000000, -1.000000000000000000 ) ) ;
#230 = CARTESIAN_POINT ( 'NONE',  ( -8.350000000000001400, 0.4000000000000001900, 9.550000000000114400 ) ) ;
#232 = LINE ( 'NONE', #2844, #8916 ) ;
#233 = CARTESIAN_POINT ( 'NONE',  ( -5.674208310909324200, 12.85453936187189900, 10.72639320225013500 ) ) ;
#234 = LINE ( 'NONE', #9120, #7802 ) ;
#235 = LINE ( 'NONE', #9026, #9312 ) ;
#236 = CARTESIAN_POINT ( 'NONE',  ( -7.350000000000001400, 1.600000000000000300, 17.20000000000000300 ) ) ;
#237 = LINE ( 'NONE', #10001, #9035 ) ;
#238 = EDGE_LOOP ( 'NONE', ( #3356, #10086, #7369, #5444 ) ) ;
#239 = CARTESIAN_POINT ( 'NONE',  ( 3.300000000000014900, 3.600000000000000100, 9.449999999999994000 ) ) ;
#240 = ADVANCED_FACE ( 'NONE', ( #1930 ), #7186, .F. ) ;
#241 = ORIENTED_EDGE ( 'NONE', *, *, #7515, .T. ) ;
#242 = EDGE_CURVE ( 'NONE', #9943, #4918, #273, .T. ) ;
#243 = LINE ( 'NONE', #5321, #10685 ) ;
#244 = AXIS2_PLACEMENT_3D ( 'NONE', #8162, #1223, #5522 ) ;
#245 = VECTOR ( 'NONE', #9868, 1000.000000000000000 ) ;
#246 = EDGE_CURVE ( 'NONE', #4691, #1695, #2062, .T. ) ;
#247 = DIRECTION ( 'NONE',  ( -0.0000000000000000000, 0.0000000000000000000, -1.000000000000000000 ) ) ;
#248 = DIRECTION ( 'NONE',  ( -0.0000000000000000000, 0.0000000000000000000, 1.000000000000000000 ) ) ;
#249 = FACE_OUTER_BOUND ( 'NONE', #11201, .T. ) ;
#250 = FACE_OUTER_BOUND ( 'NONE', #8438, .T. ) ;
#251 =( BOUNDED_CURVE ( )  B_SPLINE_CURVE ( 3, ( #8339, #1343, #7493, #4891 ),
 .UNSPECIFIED., .F., .F. ) 
 B_SPLINE_CURVE_WITH_KNOTS ( ( 4, 4 ),
 ( 3.871320309816753500, 4.271693344256120500 ),
 .UNSPECIFIED. ) 
 CURVE ( )  GEOMETRIC_REPRESENTATION_ITEM ( )  RATIONAL_B_SPLINE_CURVE ( ( 1.000000000000000000, 0.9866863370284214600, 0.9866863370284214600, 1.000000000000000000 ) ) 
 REPRESENTATION_ITEM ( '' )  );
#252 = DIRECTION ( 'NONE',  ( -0.0000000000000000000, 0.0000000000000000000, 1.000000000000000000 ) ) ;
#253 = VERTEX_POINT ( 'NONE', #1951 ) ;
#254 = CARTESIAN_POINT ( 'NONE',  ( 8.350000000000001400, -3.349999999999998800, 3.550000000000116200 ) ) ;
#255 = LINE ( 'NONE', #1293, #9459 ) ;
#256 = PLANE ( 'NONE',  #11132 ) ;
#257 = EDGE_LOOP ( 'NONE', ( #6639, #3057, #341, #9914 ) ) ;
#258 = DIRECTION ( 'NONE',  ( 0.6846169860849559100, 0.3601944209030644200, -0.6336872742246425500 ) ) ;
#259 = FACE_OUTER_BOUND ( 'NONE', #9606, .T. ) ;
#260 = DIRECTION ( 'NONE',  ( 1.000000000000000000, 0.0000000000000000000, 0.0000000000000000000 ) ) ;
#261 = ORIENTED_EDGE ( 'NONE', *, *, #465, .T. ) ;
#262 = CARTESIAN_POINT ( 'NONE',  ( -3.927680589516822100, 11.96451637429937500, 6.200000000000113900 ) ) ;
#263 = CARTESIAN_POINT ( 'NONE',  ( 6.997055580779380600, 9.566654908446548000, 8.450000000000113000 ) ) ;
#264 = EDGE_CURVE ( 'NONE', #4734, #4624, #8652, .T. ) ;
#265 = VECTOR ( 'NONE', #8522, 1000.000000000000000 ) ;
#266 = CARTESIAN_POINT ( 'NONE',  ( -7.950000000000000200, 8.000000000000000000, 3.300000000000114400 ) ) ;
#267 = ORIENTED_EDGE ( 'NONE', *, *, #9268, .T. ) ;
#268 = LINE ( 'NONE', #5698, #2466 ) ;
#269 = EDGE_LOOP ( 'NONE', ( #7853, #4141, #5315, #3229 ) ) ;
#271 = CARTESIAN_POINT ( 'NONE',  ( 2.806005623304877800, 9.192570267145338600, 16.35283320606802000 ) ) ;
#270 = DIRECTION ( 'NONE',  ( -0.0000000000000000000, -0.0000000000000000000, -1.000000000000000000 ) ) ;
#272 = DIRECTION ( 'NONE',  ( 0.0000000000000000000, 0.0000000000000000000, -1.000000000000000000 ) ) ;
#273 = CIRCLE ( 'NONE', #10213, 1.400000000000000100 ) ;
#274 = DIRECTION ( 'NONE',  ( -5.583261179213479200E-016, -0.0000000000000000000, -1.000000000000000000 ) ) ;
#275 = CARTESIAN_POINT ( 'NONE',  ( 8.350000000000001400, 0.4000000000000001900, 15.80000000000000100 ) ) ;
#276 = EDGE_LOOP ( 'NONE', ( #9247, #592, #5960, #1995 ) ) ;
#277 = LINE ( 'NONE', #6087, #9354 ) ;
#278 = ORIENTED_EDGE ( 'NONE', *, *, #10051, .F. ) ;
#279 = EDGE_CURVE ( 'NONE', #3708, #10869, #10714, .T. ) ;
#280 = CARTESIAN_POINT ( 'NONE',  ( -6.850000000000002300, 12.30000000000000100, 2.200000000000114300 ) ) ;
#281 = ORIENTED_EDGE ( 'NONE', *, *, #4256, .T. ) ;
#282 = AXIS2_PLACEMENT_3D ( 'NONE', #4688, #3923, #10805 ) ;
#283 = VERTEX_POINT ( 'NONE', #2842 ) ;
#284 = AXIS2_PLACEMENT_3D ( 'NONE', #10101, #4859, #10982 ) ;
#285 = ORIENTED_EDGE ( 'NONE', *, *, #10151, .F. ) ;
#286 = CARTESIAN_POINT ( 'NONE',  ( 4.750000000000132300, 8.400000000000000400, 14.70000000000000100 ) ) ;
#287 = CARTESIAN_POINT ( 'NONE',  ( -7.950000000000000200, 8.000000000000000000, 14.70000000000011700 ) ) ;
#288 = VERTEX_POINT ( 'NONE', #6367 ) ;
#289 = ADVANCED_FACE ( 'NONE', ( #7845 ), #7110, .F. ) ;
#290 = DIRECTION ( 'NONE',  ( -1.000000000000000000, 0.0000000000000000000, 1.079143686455245600E-015 ) ) ;
#291 = LINE ( 'NONE', #5174, #969 ) ;
#292 = ORIENTED_EDGE ( 'NONE', *, *, #4570, .T. ) ;
#293 = DIRECTION ( 'NONE',  ( -1.000000000000000000, 0.0000000000000000000, 0.0000000000000000000 ) ) ;
#294 = EDGE_CURVE ( 'NONE', #8046, #7778, #10435, .T. ) ;
#295 = EDGE_CURVE ( 'NONE', #9212, #10066, #5233, .T. ) ;
#296 = ORIENTED_EDGE ( 'NONE', *, *, #7051, .T. ) ;
#297 = AXIS2_PLACEMENT_3D ( 'NONE', #10860, #3819, #1113 ) ;
#298 = ADVANCED_FACE ( 'NONE', ( #7023 ), #126, .F. ) ;
#299 = STYLED_ITEM ( 'NONE', ( #5222 ), #10194 ) ;
#300 = CARTESIAN_POINT ( 'NONE',  ( -5.493317281818449700, 12.93985310985218700, 4.700000000000113900 ) ) ;
#301 = CYLINDRICAL_SURFACE ( 'NONE', #41, 4.499999999999999100 ) ;
#302 = EDGE_LOOP ( 'NONE', ( #7612, #6156 ) ) ;
#303 = ORIENTED_EDGE ( 'NONE', *, *, #4058, .T. ) ;
#304 = CARTESIAN_POINT ( 'NONE',  ( -8.350000000000001400, 12.30000000000000100, 18.70000000000011700 ) ) ;
#305 = CARTESIAN_POINT ( 'NONE',  ( 0.0000000000000000000, 7.825000000000000200, -4.500000000000000000 ) ) ;
#306 = ORIENTED_EDGE ( 'NONE', *, *, #10128, .T. ) ;
#307 = VECTOR ( 'NONE', #11327, 1000.000000000000000 ) ;
#308 = EDGE_CURVE ( 'NONE', #9895, #37, #1642, .T. ) ;
#309 = ORIENTED_EDGE ( 'NONE', *, *, #2100, .F. ) ;
#310 = CARTESIAN_POINT ( 'NONE',  ( 3.595603029820318800, 2.058315289082935700, -7.413982055361336700 ) ) ;
#311 = ORIENTED_EDGE ( 'NONE', *, *, #2763, .T. ) ;
#312 = CARTESIAN_POINT ( 'NONE',  ( -8.350000000000001400, 8.000000000000000000, 9.550000000000114400 ) ) ;
#313 = EDGE_LOOP ( 'NONE', ( #5661, #7476, #10005, #18 ) ) ;
#314 = ADVANCED_FACE ( 'NONE', ( #9208 ), #7286, .T. ) ;
#315 = CIRCLE ( 'NONE', #2926, 4.500000000000000000 ) ;
#316 = VERTEX_POINT ( 'NONE', #2029 ) ;
#317 = CARTESIAN_POINT ( 'NONE',  ( -9.999999999999996400, 1.600000000000000100, 4.950000000000000200 ) ) ;
#318 = DIRECTION ( 'NONE',  ( 0.0000000000000000000, 1.000000000000000000, 0.0000000000000000000 ) ) ;
#319 = ORIENTED_EDGE ( 'NONE', *, *, #7202, .F. ) ;
#320 = DIRECTION ( 'NONE',  ( -1.000000000000000000, 0.0000000000000000000, 6.308085367188394200E-016 ) ) ;
#321 = CARTESIAN_POINT ( 'NONE',  ( 6.997055580779380600, 9.566654908446548000, 2.200000000000114300 ) ) ;
#322 = UNCERTAINTY_MEASURE_WITH_UNIT (LENGTH_MEASURE( 1.000000000000000100E-005 ), #10898, 'distance_accuracy_value', 'NONE');
#323 = EDGE_CURVE ( 'NONE', #1966, #9546, #8098, .T. ) ;
#324 = ORIENTED_EDGE ( 'NONE', *, *, #5540, .T. ) ;
#325 = AXIS2_PLACEMENT_3D ( 'NONE', #9093, #10777, #217 ) ;
#326 = EDGE_CURVE ( 'NONE', #4669, #7096, #2895, .T. ) ;
#327 = DIRECTION ( 'NONE',  ( 1.000000000000000000, -0.0000000000000000000, 0.0000000000000000000 ) ) ;
#328 = EDGE_LOOP ( 'NONE', ( #9283, #5612, #2077, #5706 ) ) ;
#329 = VECTOR ( 'NONE', #4188, 1000.000000000000000 ) ;
#330 = VERTEX_POINT ( 'NONE', #8173 ) ;
#331 = VERTEX_POINT ( 'NONE', #8253 ) ;
#332 = CARTESIAN_POINT ( 'NONE',  ( -7.673004626611402500, 8.000000000000000000, 18.75000000000000000 ) ) ;
#333 = DIRECTION ( 'NONE',  ( -1.579750383876801700E-015, -0.0000000000000000000, -1.000000000000000000 ) ) ;
#334 = DIRECTION ( 'NONE',  ( 0.2830212059666797300, 0.9591136517499718700, 0.0000000000000000000 ) ) ;
#335 = DIRECTION ( 'NONE',  ( 1.000000000000000000, -0.0000000000000000000, -0.0000000000000000000 ) ) ;
#336 = ORIENTED_EDGE ( 'NONE', *, *, #4381, .F. ) ;
#337 = CARTESIAN_POINT ( 'NONE',  ( -9.999999999999996400, -3.349999999999998800, 9.800000000000116200 ) ) ;
#338 = ORIENTED_EDGE ( 'NONE', *, *, #3073, .T. ) ;
#339 = VECTOR ( 'NONE', #2885, 1000.000000000000000 ) ;
#340 = FACE_OUTER_BOUND ( 'NONE', #7896, .T. ) ;
#341 = ORIENTED_EDGE ( 'NONE', *, *, #8350, .F. ) ;
#342 = ADVANCED_FACE ( 'NONE', ( #3038 ), #10932, .F. ) ;
#343 = EDGE_CURVE ( 'NONE', #5937, #6633, #684, .T. ) ;
#345 = CARTESIAN_POINT ( 'NONE',  ( 6.997055580779380600, 9.566654908446548000, 5.900000000000115800 ) ) ;
#344 = CARTESIAN_POINT ( 'NONE',  ( -9.999999999999996400, 1.600000000000000100, 3.700000000000000600 ) ) ;
#346 = CARTESIAN_POINT ( 'NONE',  ( -8.450000000000002800, 12.30000000000000100, 10.17360679775009300 ) ) ;
#347 = PLANE ( 'NONE',  #6983 ) ;
#348 = DIRECTION ( 'NONE',  ( -0.0000000000000000000, 1.000000000000000000, -0.0000000000000000000 ) ) ;
#349 = AXIS2_PLACEMENT_3D ( 'NONE', #11337, #192, #6350 ) ;
#350 = CARTESIAN_POINT ( 'NONE',  ( 8.350000000000001400, 0.4000000000000001900, 15.80000000000000100 ) ) ;
#351 = EDGE_LOOP ( 'NONE', ( #11335, #9048, #7584, #9493 ) ) ;
#352 = ORIENTED_EDGE ( 'NONE', *, *, #6540, .T. ) ;
#353 = FACE_OUTER_BOUND ( 'NONE', #7780, .T. ) ;
#354 = CARTESIAN_POINT ( 'NONE',  ( 7.950000000000000200, -3.349999999999998800, 3.550000000000116200 ) ) ;
#355 = ADVANCED_FACE ( 'NONE', ( #5777 ), #3777, .F. ) ;
#356 = VECTOR ( 'NONE', #6621, 1000.000000000000000 ) ;
#357 = DIRECTION ( 'NONE',  ( 0.0000000000000000000, 0.5766660201766968800, -0.8169799882332305900 ) ) ;
#358 = CARTESIAN_POINT ( 'NONE',  ( -7.673004626611401600, 8.000000000000000000, 0.0000000000000000000 ) ) ;
#359 = EDGE_CURVE ( 'NONE', #6441, #3885, #9748, .T. ) ;
#360 = FACE_OUTER_BOUND ( 'NONE', #5107, .T. ) ;
#362 = VECTOR ( 'NONE', #5637, 1000.000000000000000 ) ;
#361 = PLANE ( 'NONE',  #2011 ) ;
#363 = VERTEX_POINT ( 'NONE', #332 ) ;
#364 = ORIENTED_EDGE ( 'NONE', *, *, #9635, .F. ) ;
#365 = VECTOR ( 'NONE', #10647, 1000.000000000000000 ) ;
#366 = LINE ( 'NONE', #5575, #3130 ) ;
#367 = LINE ( 'NONE', #358, #929 ) ;
#368 = DIRECTION ( 'NONE',  ( -1.000000000000000000, 0.0000000000000000000, 1.927470528863115800E-015 ) ) ;
#369 = VECTOR ( 'NONE', #9830, 1000.000000000000000 ) ;
#370 = CARTESIAN_POINT ( 'NONE',  ( 7.950000000000000200, 0.4000000000000001900, 3.300000000000000700 ) ) ;
#371 = DIRECTION ( 'NONE',  ( -1.000000000000000000, 0.0000000000000000000, 1.579750383876801700E-015 ) ) ;
#372 = LINE ( 'NONE', #2596, #7266 ) ;
#373 = FILL_AREA_STYLE ('',( #10937 ) ) ;
#374 = ORIENTED_EDGE ( 'NONE', *, *, #8211, .F. ) ;
#375 = DIRECTION ( 'NONE',  ( 1.000000000000000000, 0.0000000000000000000, -0.0000000000000000000 ) ) ;
#376 = VERTEX_POINT ( 'NONE', #6571 ) ;
#377 = SURFACE_STYLE_FILL_AREA ( #7156 ) ;
#378 = VECTOR ( 'NONE', #6198, 1000.000000000000000 ) ;
#379 = VECTOR ( 'NONE', #4284, 1000.000000000000000 ) ;
#380 = LINE ( 'NONE', #6400, #9455 ) ;
#381 = EDGE_CURVE ( 'NONE', #4578, #9705, #7434, .T. ) ;
#382 = DIRECTION ( 'NONE',  ( 1.000000000000000000, 0.0000000000000000000, -5.507058653894630800E-016 ) ) ;
#383 = LINE ( 'NONE', #10979, #1350 ) ;
#384 = AXIS2_PLACEMENT_3D ( 'NONE', #3994, #11030, #5746 ) ;
#386 = DIRECTION ( 'NONE',  ( 0.9044551454543675600, 0.4265687399014594400, 0.0000000000000000000 ) ) ;
#385 = CARTESIAN_POINT ( 'NONE',  ( 7.299999999999998900, 8.000000000000000000, 15.80000000000000100 ) ) ;
#387 = LINE ( 'NONE', #9974, #3983 ) ;
#388 = ORIENTED_EDGE ( 'NONE', *, *, #7559, .T. ) ;
#389 = CARTESIAN_POINT ( 'NONE',  ( -6.850000000000002300, 12.30000000000000100, 14.70000000000011700 ) ) ;
#390 = PLANE ( 'NONE',  #5492 ) ;
#391 = LINE ( 'NONE', #9027, #8770 ) ;
#393 = DIRECTION ( 'NONE',  ( 0.0000000000000000000, 0.0000000000000000000, -1.000000000000000000 ) ) ;
#392 = LINE ( 'NONE', #693, #3438 ) ;
#394 =( BOUNDED_CURVE ( )  B_SPLINE_CURVE ( 3, ( #4955, #3185, #3104, #3998 ),
 .UNSPECIFIED., .F., .F. ) 
 B_SPLINE_CURVE_WITH_KNOTS ( ( 4, 4 ),
 ( 1.570796326794895400, 2.011491962923467100 ),
 .UNSPECIFIED. ) 
 CURVE ( )  GEOMETRIC_REPRESENTATION_ITEM ( )  RATIONAL_B_SPLINE_CURVE ( ( 1.000000000000000000, 0.9838809907308638800, 0.9838809907308638800, 1.000000000000000000 ) ) 
 REPRESENTATION_ITEM ( '' )  );
#395 = EDGE_CURVE ( 'NONE', #3642, #3066, #406, .T. ) ;
#396 = CYLINDRICAL_SURFACE ( 'NONE', #7723, 0.5999999999999997600 ) ;
#397 = EDGE_LOOP ( 'NONE', ( #10354, #2667, #10918, #7701, #7753, #10996, #4030, #3344 ) ) ;
#398 = AXIS2_PLACEMENT_3D ( 'NONE', #2094, #9007, #1259 ) ;
#399 = CARTESIAN_POINT ( 'NONE',  ( -5.855099340000199600, 12.76922561389160500, 18.70000000000011700 ) ) ;
#400 = CARTESIAN_POINT ( 'NONE',  ( 7.950000000000000200, 9.360147050873548500, 17.35000000000011500 ) ) ;
#401 = CARTESIAN_POINT ( 'NONE',  ( 7.950000000000000200, 9.360147050873548500, 4.850000000000117800 ) ) ;
#402 = LINE ( 'NONE', #11260, #6469 ) ;
#403 = ADVANCED_FACE ( 'NONE', ( #10991 ), #9014, .F. ) ;
#404 = CARTESIAN_POINT ( 'NONE',  ( -4.053879558652648800, 10.97251142461965900, 12.45000000000011300 ) ) ;
#405 = EDGE_LOOP ( 'NONE', ( #5213, #4583, #2103, #7079, #8948, #3318 ) ) ;
#406 = CIRCLE ( 'NONE', #8232, 1.000000000000000900 ) ;
#407 = EDGE_LOOP ( 'NONE', ( #2964, #8092, #2933, #9900 ) ) ;
#408 = DIRECTION ( 'NONE',  ( 1.000000000000000000, -0.0000000000000000000, -0.0000000000000000000 ) ) ;
#409 = CARTESIAN_POINT ( 'NONE',  ( -3.210233636357315400, 8.000000000000000000, 18.75000000000000000 ) ) ;
#410 = FACE_OUTER_BOUND ( 'NONE', #3959, .T. ) ;
#411 = ORIENTED_EDGE ( 'NONE', *, *, #1408, .F. ) ;
#412 = CARTESIAN_POINT ( 'NONE',  ( 4.500564466318534600E-017, 7.825000000000000200, -6.399999999999999500 ) ) ;
#413 = ADVANCED_FACE ( 'NONE', ( #1371 ), #1228, .F. ) ;
#414 = ORIENTED_EDGE ( 'NONE', *, *, #2516, .F. ) ;
#415 = CARTESIAN_POINT ( 'NONE',  ( 6.648974508221138000, 9.207712619315408600, 6.200000000000113900 ) ) ;
#416 = EDGE_CURVE ( 'NONE', #3365, #438, #1093, .T. ) ;
#417 = ORIENTED_EDGE ( 'NONE', *, *, #6907, .T. ) ;
#418 = CARTESIAN_POINT ( 'NONE',  ( -4.053879558652648800, 10.97251142461965900, 2.200000000000114300 ) ) ;
#419 = EDGE_CURVE ( 'NONE', #3334, #4603, #1922, .T. ) ;
#420 = EDGE_LOOP ( 'NONE', ( #4119, #3476, #5468, #1759 ) ) ;
#421 = PLANE ( 'NONE',  #3876 ) ;
#422 = AXIS2_PLACEMENT_3D ( 'NONE', #6707, #1289, #6596 ) ;
#423 = CLOSED_SHELL ( 'NONE', ( #8798, #4057, #3900, #2519, #10797, #10144, #4279, #1222, #3069, #5928, #7959, #9609, #2408, #7764, #5426, #9333, #7274, #7446, #5773, #6484, #7214, #10487, #3297, #7455, #10763, #1131, #2968 ) ) ;
#424 = FACE_OUTER_BOUND ( 'NONE', #5565, .T. ) ;
#425 = ORIENTED_EDGE ( 'NONE', *, *, #8946, .T. ) ;
#427 = DIRECTION ( 'NONE',  ( 0.0000000000000000000, 1.000000000000000000, 0.0000000000000000000 ) ) ;
#426 = DIRECTION ( 'NONE',  ( 0.0000000000000000000, -1.000000000000000000, -5.782411586589357600E-016 ) ) ;
#428 = ORIENTED_EDGE ( 'NONE', *, *, #3975, .T. ) ;
#429 = CARTESIAN_POINT ( 'NONE',  ( 4.500000000000003600, 7.825000000000000200, 0.04999999999999805300 ) ) ;
#430 = CARTESIAN_POINT ( 'NONE',  ( -7.950000000000000200, 3.299999999999999800, 3.450000000000000600 ) ) ;
#431 = CARTESIAN_POINT ( 'NONE',  ( 10.00000000000000000, 0.0000000000000000000, 15.80000000000000100 ) ) ;
#432 = ORIENTED_EDGE ( 'NONE', *, *, #10787, .F. ) ;
#433 = EDGE_CURVE ( 'NONE', #608, #1331, #4275, .T. ) ;
#434 = DIRECTION ( 'NONE',  ( -5.583261179213479200E-016, -0.0000000000000000000, -1.000000000000000000 ) ) ;
#435 = AXIS2_PLACEMENT_3D ( 'NONE', #9629, #9552, #1677 ) ;
#436 = LINE ( 'NONE', #8519, #8820 ) ;
#437 = ORIENTED_EDGE ( 'NONE', *, *, #1877, .F. ) ;
#438 = VERTEX_POINT ( 'NONE', #6916 ) ;
#439 = AXIS2_PLACEMENT_3D ( 'NONE', #10649, #10691, #1022 ) ;
#440 = DIRECTION ( 'NONE',  ( 0.0000000000000000000, 0.0000000000000000000, 1.000000000000000000 ) ) ;
#441 = FILL_AREA_STYLE ('',( #10122 ) ) ;
#442 = ORIENTED_EDGE ( 'NONE', *, *, #9603, .T. ) ;
#443 = DIRECTION ( 'NONE',  ( 0.0000000000000000000, -1.000000000000000000, -0.0000000000000000000 ) ) ;
#444 = CARTESIAN_POINT ( 'NONE',  ( -3.462500000000002100, 1.827774078792768100, -6.399999999999990600 ) ) ;
#445 = DIRECTION ( 'NONE',  ( 0.0000000000000000000, 1.000000000000000000, 0.0000000000000000000 ) ) ;
#446 = LINE ( 'NONE', #4823, #2508 ) ;
#447 = ORIENTED_EDGE ( 'NONE', *, *, #7019, .T. ) ;
#448 = CARTESIAN_POINT ( 'NONE',  ( 3.210233636357325200, 8.000000000000023100, 6.249999999999999100 ) ) ;
#449 = EDGE_LOOP ( 'NONE', ( #6674, #10712, #11122, #5783 ) ) ;
#450 = EDGE_CURVE ( 'NONE', #9460, #3767, #2754, .T. ) ;
#451 = CARTESIAN_POINT ( 'NONE',  ( 2.806005623304877800, 9.192570267145338600, 3.852833206068020400 ) ) ;
#452 = AXIS2_PLACEMENT_3D ( 'NONE', #8290, #3039, #10060 ) ;
#453 = ORIENTED_EDGE ( 'NONE', *, *, #2884, .F. ) ;
#454 = CARTESIAN_POINT ( 'NONE',  ( 6.997055580779380600, 9.566654908446548000, 2.200000000000114300 ) ) ;
#455 = CARTESIAN_POINT ( 'NONE',  ( 8.347213595500074100, 8.000000000000000000, 3.300000000000000700 ) ) ;
#456 = DIRECTION ( 'NONE',  ( 1.000000000000000000, 0.0000000000000000000, 0.0000000000000000000 ) ) ;
#457 = FACE_OUTER_BOUND ( 'NONE', #4685, .T. ) ;
#458 = ORIENTED_EDGE ( 'NONE', *, *, #1799, .F. ) ;
#459 = DIRECTION ( 'NONE',  ( -0.4265687399014594400, 0.9044551454543675600, -0.0000000000000000000 ) ) ;
#460 = ORIENTED_EDGE ( 'NONE', *, *, #7473, .F. ) ;
#461 = ADVANCED_FACE ( 'NONE', ( #8641 ), #9367, .T. ) ;
#462 = CARTESIAN_POINT ( 'NONE',  ( -3.927680589516822100, 11.96451637429937500, 8.450000000000113000 ) ) ;
#463 = EDGE_LOOP ( 'NONE', ( #3587, #5190, #9810, #995 ) ) ;
#464 = CARTESIAN_POINT ( 'NONE',  ( -4.104359146306979500, 10.57570944474777400, 2.200000000000114300 ) ) ;
#465 = EDGE_CURVE ( 'NONE', #3401, #3055, #813, .T. ) ;
#466 = DIRECTION ( 'NONE',  ( 0.9920049496797154200, -0.1261989691358265700, -3.011300041641596900E-017 ) ) ;
#467 = DIRECTION ( 'NONE',  ( 0.4265687399014593800, -0.9044551454543674500, -0.0000000000000000000 ) ) ;
#468 = ORIENTED_EDGE ( 'NONE', *, *, #6686, .T. ) ;
#469 = CARTESIAN_POINT ( 'NONE',  ( 7.950000000000000200, 3.100000000000000500, 4.700000000000002000 ) ) ;
#470 = LINE ( 'NONE', #7854, #5299 ) ;
#471 = ORIENTED_EDGE ( 'NONE', *, *, #3305, .F. ) ;
#472 = VERTEX_POINT ( 'NONE', #6795 ) ;
#473 = CARTESIAN_POINT ( 'NONE',  ( -5.000000000000004400, 0.0000000000000000000, 18.74999999999999600 ) ) ;
#474 = ORIENTED_EDGE ( 'NONE', *, *, #6472, .F. ) ;
#475 = CARTESIAN_POINT ( 'NONE',  ( 3.646209105255879600E-015, 7.825000000000000200, 0.05000000000000056500 ) ) ;
#476 = ORIENTED_EDGE ( 'NONE', *, *, #521, .F. ) ;
#477 = DIRECTION ( 'NONE',  ( -1.000000000000000000, 0.0000000000000000000, 0.0000000000000000000 ) ) ;
#478 = VECTOR ( 'NONE', #10287, 1000.000000000000000 ) ;
#479 = LINE ( 'NONE', #1704, #2412 ) ;
#480 = ORIENTED_EDGE ( 'NONE', *, *, #9334, .T. ) ;
#481 = PLANE ( 'NONE',  #2989 ) ;
#482 = CARTESIAN_POINT ( 'NONE',  ( 8.350000000000131100, 8.400000000000000400, 14.70000000000000100 ) ) ;
#483 = VERTEX_POINT ( 'NONE', #7715 ) ;
#484 = EDGE_CURVE ( 'NONE', #9546, #10682, #7157, .T. ) ;
#485 = DIRECTION ( 'NONE',  ( 0.0000000000000000000, 0.0000000000000000000, 1.000000000000000000 ) ) ;
#486 = EDGE_CURVE ( 'NONE', #10078, #6629, #6880, .T. ) ;
#487 = DIRECTION ( 'NONE',  ( -1.000000000000000000, -0.0000000000000000000, -0.0000000000000000000 ) ) ;
#488 =( GEOMETRIC_REPRESENTATION_CONTEXT ( 3 ) GLOBAL_UNCERTAINTY_ASSIGNED_CONTEXT ( ( #5685 ) ) GLOBAL_UNIT_ASSIGNED_CONTEXT ( ( #2458, #5240, #5954 ) ) REPRESENTATION_CONTEXT ( 'NONE', 'WORKASPACE' ) );
#489 = VERTEX_POINT ( 'NONE', #7750 ) ;
#490 = EDGE_LOOP ( 'NONE', ( #7297, #10586, #6543, #5142, #10161 ) ) ;
#491 = DIRECTION ( 'NONE',  ( 1.000000000000000000, 0.0000000000000000000, 0.0000000000000000000 ) ) ;
#492 = CIRCLE ( 'NONE', #603, 0.4500000000000007300 ) ;
#493 = LINE ( 'NONE', #10236, #10642 ) ;
#494 = EDGE_LOOP ( 'NONE', ( #3692, #1372, #2574, #3088 ) ) ;
#495 = DIRECTION ( 'NONE',  ( 1.000000000000000000, 0.0000000000000000000, 0.0000000000000000000 ) ) ;
#496 = DIRECTION ( 'NONE',  ( -1.000000000000000000, 0.0000000000000000000, 2.496005001405477600E-016 ) ) ;
#497 = CARTESIAN_POINT ( 'NONE',  ( -7.950000000000000200, 8.000000000000000000, 12.45000000000011300 ) ) ;
#498 = ORIENTED_EDGE ( 'NONE', *, *, #9025, .T. ) ;
#499 = ORIENTED_EDGE ( 'NONE', *, *, #11045, .F. ) ;
#500 = FACE_OUTER_BOUND ( 'NONE', #727, .T. ) ;
#501 = VECTOR ( 'NONE', #2227, 1000.000000000000000 ) ;
#502 = EDGE_CURVE ( 'NONE', #5712, #1130, #7830, .T. ) ;
#503 = FILL_AREA_STYLE ('',( #3246 ) ) ;
#504 = AXIS2_PLACEMENT_3D ( 'NONE', #9742, #8828, #996 ) ;
#505 = CARTESIAN_POINT ( 'NONE',  ( 7.950000000000000200, 9.360147050873548500, 3.450000000000000600 ) ) ;
#506 = CARTESIAN_POINT ( 'NONE',  ( 7.874999999999994700, 7.825000000000002000, -1.400000000000000100 ) ) ;
#507 = LINE ( 'NONE', #4206, #9574 ) ;
#508 = AXIS2_PLACEMENT_3D ( 'NONE', #2790, #8111, #2825 ) ;
#509 = DIRECTION ( 'NONE',  ( -0.0000000000000000000, -0.0000000000000000000, -1.000000000000000000 ) ) ;
#510 = LINE ( 'NONE', #749, #6984 ) ;
#511 = DIRECTION ( 'NONE',  ( 0.8849876374630411000, 0.4656145203251128600, 0.0000000000000000000 ) ) ;
#512 = ORIENTED_EDGE ( 'NONE', *, *, #10556, .T. ) ;
#513 = VECTOR ( 'NONE', #6142, 1000.000000000000000 ) ;
#514 = LINE ( 'NONE', #10564, #6987 ) ;
#515 = FACE_OUTER_BOUND ( 'NONE', #10317, .T. ) ;
#516 = VECTOR ( 'NONE', #8658, 1000.000000000000000 ) ;
#517 = PLANE ( 'NONE',  #5942 ) ;
#518 = EDGE_CURVE ( 'NONE', #9846, #9612, #5096, .T. ) ;
#519 = LINE ( 'NONE', #11048, #7947 ) ;
#520 = CARTESIAN_POINT ( 'NONE',  ( -2.860270609150314100, 10.41744139280553200, 2.771259202696968200 ) ) ;
#521 = EDGE_CURVE ( 'NONE', #3830, #6735, #2197, .T. ) ;
#522 = ADVANCED_FACE ( 'NONE', ( #6318, #2612 ), #1525, .F. ) ;
#523 = ORIENTED_EDGE ( 'NONE', *, *, #10967, .T. ) ;
#524 = DIRECTION ( 'NONE',  ( 1.000000000000000000, 0.0000000000000000000, -0.0000000000000000000 ) ) ;
#525 = CARTESIAN_POINT ( 'NONE',  ( -5.193917793152937000, 11.36732013843733200, 12.45000000000011300 ) ) ;
#526 = AXIS2_PLACEMENT_3D ( 'NONE', #9984, #4701, #1232 ) ;
#527 = VECTOR ( 'NONE', #2199, 1000.000000000000000 ) ;
#528 = CARTESIAN_POINT ( 'NONE',  ( -5.000000000000004400, 3.600000000000000100, 18.74999999999999600 ) ) ;
#529 = AXIS2_PLACEMENT_3D ( 'NONE', #6607, #3966, #9132 ) ;
#530 = ORIENTED_EDGE ( 'NONE', *, *, #1858, .F. ) ;
#531 = DIRECTION ( 'NONE',  ( -0.1261989691358260700, -0.9920049496797154200, 0.0000000000000000000 ) ) ;
#532 = CYLINDRICAL_SURFACE ( 'NONE', #4369, 1.499999999999999600 ) ;
#533 = CYLINDRICAL_SURFACE ( 'NONE', #2275, 1.400000000000000100 ) ;
#534 = LINE ( 'NONE', #2685, #6449 ) ;
#535 = DIRECTION ( 'NONE',  ( -1.000000000000000000, 0.0000000000000000000, 0.0000000000000000000 ) ) ;
#536 = PLANE ( 'NONE',  #10866 ) ;
#537 = ORIENTED_EDGE ( 'NONE', *, *, #9008, .F. ) ;
#538 = CARTESIAN_POINT ( 'NONE',  ( -4.499999999999996400, 7.825000000000000200, 0.05000000000000307700 ) ) ;
#539 = DIRECTION ( 'NONE',  ( 1.000000000000000000, 0.0000000000000000000, -1.579750383876801700E-015 ) ) ;
#540 = LINE ( 'NONE', #10240, #4254 ) ;
#541 = ORIENTED_EDGE ( 'NONE', *, *, #2081, .F. ) ;
#542 = EDGE_CURVE ( 'NONE', #3638, #1013, #3172, .T. ) ;
#543 = CARTESIAN_POINT ( 'NONE',  ( 4.999999999999997300, 3.600000000000000100, 1.949999999999993500 ) ) ;
#544 = LINE ( 'NONE', #10350, #9733 ) ;
#545 = MANIFOLD_SOLID_BREP ( 'Metal Nut', #10068 ) ;
#546 = DIRECTION ( 'NONE',  ( -1.579750383876801700E-015, -0.0000000000000000000, -1.000000000000000000 ) ) ;
#547 = EDGE_LOOP ( 'NONE', ( #2175, #1492, #9, #3929 ) ) ;
#548 = CARTESIAN_POINT ( 'NONE',  ( -4.808410434011671300, 11.65487620520117000, 16.29563617577965600 ) ) ;
#549 = LINE ( 'NONE', #9509, #806 ) ;
#550 = CARTESIAN_POINT ( 'NONE',  ( -3.462499999999997200, 13.82222592120723300, -6.399999999999990600 ) ) ;
#551 = CARTESIAN_POINT ( 'NONE',  ( -1.449034526683844500, 9.733879744213474800, 6.250000000000000000 ) ) ;
#552 = ORIENTED_EDGE ( 'NONE', *, *, #2470, .T. ) ;
#553 = VECTOR ( 'NONE', #8746, 1000.000000000000000 ) ;
#554 = ORIENTED_EDGE ( 'NONE', *, *, #7737, .T. ) ;
#555 = DIRECTION ( 'NONE',  ( 1.000000000000000000, -0.0000000000000000000, -0.0000000000000000000 ) ) ;
#556 = EDGE_CURVE ( 'NONE', #10902, #7736, #4414, .T. ) ;
#557 = EDGE_LOOP ( 'NONE', ( #10701, #4421, #214, #10376 ) ) ;
#558 = EDGE_CURVE ( 'NONE', #9023, #3103, #11121, .T. ) ;
#559 = CIRCLE ( 'NONE', #504, 0.6500000000000012400 ) ;
#560 = CARTESIAN_POINT ( 'NONE',  ( -3.210233636357316700, 8.000000000000000000, 2.100000000000000100 ) ) ;
#561 = ORIENTED_EDGE ( 'NONE', *, *, #8651, .T. ) ;
#562 = CARTESIAN_POINT ( 'NONE',  ( -6.850000000000002300, 12.30000000000000100, 3.700000000000113900 ) ) ;
#563 = FACE_OUTER_BOUND ( 'NONE', #351, .T. ) ;
#564 = VERTEX_POINT ( 'NONE', #1797 ) ;
#565 = CARTESIAN_POINT ( 'NONE',  ( -3.515000000000012600, 7.825000000000000200, -8.199999999999990400 ) ) ;
#566 = CARTESIAN_POINT ( 'NONE',  ( -5.193917793152937000, 11.36732013843733200, 14.70000000000011700 ) ) ;
#567 = ORIENTED_EDGE ( 'NONE', *, *, #10735, .T. ) ;
#568 = CARTESIAN_POINT ( 'NONE',  ( 8.350000000000132900, 8.400000000000000400, 18.70000000000000300 ) ) ;
#569 = ORIENTED_EDGE ( 'NONE', *, *, #11148, .F. ) ;
#570 = CARTESIAN_POINT ( 'NONE',  ( -8.350000000000001400, 0.4000000000000001900, 11.35000000000011300 ) ) ;
#571 = DIRECTION ( 'NONE',  ( -0.0000000000000000000, -1.000000000000000000, -0.0000000000000000000 ) ) ;
#572 = DIRECTION ( 'NONE',  ( 0.0000000000000000000, 0.0000000000000000000, -1.000000000000000000 ) ) ;
#573 = ORIENTED_EDGE ( 'NONE', *, *, #1090, .F. ) ;
#574 = EDGE_CURVE ( 'NONE', #4886, #144, #8786, .T. ) ;
#575 = ORIENTED_EDGE ( 'NONE', *, *, #6506, .F. ) ;
#576 = PLANE ( 'NONE',  #4026 ) ;
#577 = ADVANCED_FACE ( 'NONE', ( #6050 ), #3588, .F. ) ;
#578 = ORIENTED_EDGE ( 'NONE', *, *, #11301, .T. ) ;
#579 = DIRECTION ( 'NONE',  ( 0.4265687399014593800, -0.9044551454543674500, 0.0000000000000000000 ) ) ;
#580 = CARTESIAN_POINT ( 'NONE',  ( -7.816565650898846800E-016, 7.825000000000000200, -1.399999999999995900 ) ) ;
#581 = FACE_OUTER_BOUND ( 'NONE', #3498, .T. ) ;
#582 = EDGE_LOOP ( 'NONE', ( #1413, #861, #4255, #9271, #9187 ) ) ;
#583 = CARTESIAN_POINT ( 'NONE',  ( -5.493317281818449700, 12.93985310985218700, 10.95000000000011500 ) ) ;
#584 = ORIENTED_EDGE ( 'NONE', *, *, #4346, .T. ) ;
#585 = CARTESIAN_POINT ( 'NONE',  ( 8.350000000000116900, 7.949999999999998400, 15.80000000000000100 ) ) ;
#586 = EDGE_CURVE ( 'NONE', #4320, #4476, #119, .T. ) ;
#587 = EDGE_LOOP ( 'NONE', ( #10887, #5513, #880, #6756 ) ) ;
#588 = DIRECTION ( 'NONE',  ( -1.000000000000000000, 0.0000000000000000000, 5.507058653894630800E-016 ) ) ;
#589 = FACE_OUTER_BOUND ( 'NONE', #5316, .T. ) ;
#590 = VERTEX_POINT ( 'NONE', #11317 ) ;
#591 = DIRECTION ( 'NONE',  ( -0.0000000000000000000, -0.0000000000000000000, 1.000000000000000000 ) ) ;
#592 = ORIENTED_EDGE ( 'NONE', *, *, #3144, .F. ) ;
#593 = DIRECTION ( 'NONE',  ( -1.000000000000000000, 0.0000000000000000000, -0.0000000000000000000 ) ) ;
#594 = CARTESIAN_POINT ( 'NONE',  ( 7.300000000000002500, 8.000000000000000000, 3.300000000000000700 ) ) ;
#595 = ORIENTED_EDGE ( 'NONE', *, *, #10394, .T. ) ;
#596 = PLANE ( 'NONE',  #6211 ) ;
#597 = DIRECTION ( 'NONE',  ( 1.000000000000000000, 0.0000000000000000000, 3.614007241618350200E-016 ) ) ;
#598 = LINE ( 'NONE', #11024, #9671 ) ;
#599 = EDGE_CURVE ( 'NONE', #6346, #5109, #8513, .T. ) ;
#600 = ORIENTED_EDGE ( 'NONE', *, *, #1197, .F. ) ;
#601 = ORIENTED_EDGE ( 'NONE', *, *, #9008, .T. ) ;
#602 = DIRECTION ( 'NONE',  ( -1.000000000000000000, 0.0000000000000000000, 1.079143686455245600E-015 ) ) ;
#603 = AXIS2_PLACEMENT_3D ( 'NONE', #8251, #5648, #368 ) ;
#604 = EDGE_CURVE ( 'NONE', #1231, #10745, #10306, .T. ) ;
#605 = DIRECTION ( 'NONE',  ( 1.000000000000000000, 0.0000000000000000000, -5.583261179213479200E-016 ) ) ;
#606 = CARTESIAN_POINT ( 'NONE',  ( 0.0000000000000000000, 7.825000000000000200, 24.80000000000000400 ) ) ;
#607 = DIRECTION ( 'NONE',  ( 0.0000000000000000000, 1.000000000000000000, 0.0000000000000000000 ) ) ;
#608 = VERTEX_POINT ( 'NONE', #2566 ) ;
#609 = CARTESIAN_POINT ( 'NONE',  ( 6.946575993125049900, 9.169852928574661300, 18.40000000000011900 ) ) ;
#610 = ORIENTED_EDGE ( 'NONE', *, *, #1735, .T. ) ;
#611 = VECTOR ( 'NONE', #2285, 1000.000000000000000 ) ;
#612 = ORIENTED_EDGE ( 'NONE', *, *, #7174, .T. ) ;
#613 = ORIENTED_EDGE ( 'NONE', *, *, #5057, .F. ) ;
#615 = DIRECTION ( 'NONE',  ( 0.0000000000000000000, 0.0000000000000000000, -1.000000000000000000 ) ) ;
#614 =( LENGTH_UNIT ( ) NAMED_UNIT ( * ) SI_UNIT ( .MILLI., .METRE. ) );
#616 = PLANE ( 'NONE',  #8679 ) ;
#617 = EDGE_CURVE ( 'NONE', #3040, #8322, #3030, .T. ) ;
#618 = CARTESIAN_POINT ( 'NONE',  ( 4.343440674907173000, 9.501013568232988100, 5.628740797303256800 ) ) ;
#619 = CARTESIAN_POINT ( 'NONE',  ( -9.999999999999996400, 1.600000000000000100, 3.700000000000000600 ) ) ;
#620 = AXIS2_PLACEMENT_3D ( 'NONE', #8897, #4459, #1061 ) ;
#621 = ORIENTED_EDGE ( 'NONE', *, *, #3073, .F. ) ;
#622 = ORIENTED_EDGE ( 'NONE', *, *, #5744, .T. ) ;
#623 = LINE ( 'NONE', #9171, #6964 ) ;
#624 = LINE ( 'NONE', #3893, #9691 ) ;
#625 = ORIENTED_EDGE ( 'NONE', *, *, #4253, .T. ) ;
#626 = CARTESIAN_POINT ( 'NONE',  ( 3.210233636357328700, 8.000000000000023100, 1.355898211009252600E-015 ) ) ;
#627 = ADVANCED_FACE ( 'NONE', ( #7961 ), #5194, .T. ) ;
#628 = CARTESIAN_POINT ( 'NONE',  ( 7.900000000000114900, 7.949999999999998400, 12.45000000000000100 ) ) ;
#629 = ORIENTED_EDGE ( 'NONE', *, *, #4555, .T. ) ;
#630 = CARTESIAN_POINT ( 'NONE',  ( 7.774999999999994100, 7.825000000000002000, -1.500000000000000400 ) ) ;
#631 = EDGE_LOOP ( 'NONE', ( #4516, #5437, #1981, #5132 ) ) ;
#632 = LINE ( 'NONE', #4706, #6822 ) ;
#633 = VECTOR ( 'NONE', #1601, 1000.000000000000000 ) ;
#634 = VERTEX_POINT ( 'NONE', #4394 ) ;
#635 = DIRECTION ( 'NONE',  ( -1.579750383876800900E-015, 0.0000000000000000000, -1.000000000000000000 ) ) ;
#636 = EDGE_CURVE ( 'NONE', #288, #830, #4537, .T. ) ;
#637 = CARTESIAN_POINT ( 'NONE',  ( -3.210233636357315800, 8.000000000000000000, 12.49999999999999800 ) ) ;
#638 = EDGE_CURVE ( 'NONE', #3198, #10869, #6870, .T. ) ;
#639 = AXIS2_PLACEMENT_3D ( 'NONE', #2713, #949, #7936 ) ;
#640 = CARTESIAN_POINT ( 'NONE',  ( -7.950000000000000200, 3.100000000000000500, 11.10000000000000300 ) ) ;
#641 = FACE_OUTER_BOUND ( 'NONE', #1738, .T. ) ;
#642 = CARTESIAN_POINT ( 'NONE',  ( 0.0000000000000000000, 7.825000000000000200, 0.0000000000000000000 ) ) ;
#643 = FACE_BOUND ( 'NONE', #9538, .T. ) ;
#644 = ORIENTED_EDGE ( 'NONE', *, *, #6887, .T. ) ;
#645 = ORIENTED_EDGE ( 'NONE', *, *, #5144, .T. ) ;
#646 = VECTOR ( 'NONE', #7428, 1000.000000000000000 ) ;
#647 = DIRECTION ( 'NONE',  ( 0.0000000000000000000, 0.0000000000000000000, -1.000000000000000000 ) ) ;
#648 = FACE_OUTER_BOUND ( 'NONE', #7195, .T. ) ;
#649 = CIRCLE ( 'NONE', #9784, 4.500000000000000000 ) ;
#650 = ORIENTED_EDGE ( 'NONE', *, *, #5732, .T. ) ;
#651 = CARTESIAN_POINT ( 'NONE',  ( -1.880187805439771800, 9.527196853685957500, 3.855854138189487300 ) ) ;
#652 = EDGE_CURVE ( 'NONE', #2949, #6135, #2881, .T. ) ;
#654 = PLANE ( 'NONE',  #2342 ) ;
#653 = PLANE ( 'NONE',  #10705 ) ;
#655 = VECTOR ( 'NONE', #1050, 1000.000000000000000 ) ;
#656 = EDGE_LOOP ( 'NONE', ( #437, #8504, #6676, #8392 ) ) ;
#657 = ORIENTED_EDGE ( 'NONE', *, *, #7924, .T. ) ;
#658 = CARTESIAN_POINT ( 'NONE',  ( -9.999999999999996400, 1.600000000000000100, 11.20000000000000100 ) ) ;
#659 = CYLINDRICAL_SURFACE ( 'NONE', #297, 0.4500000000000007300 ) ;
#660 = LINE ( 'NONE', #2913, #1594 ) ;
#661 = AXIS2_PLACEMENT_3D ( 'NONE', #1411, #5838, #10296 ) ;
#662 = LINE ( 'NONE', #10263, #10011 ) ;
#663 = VECTOR ( 'NONE', #1059, 1000.000000000000000 ) ;
#664 = LINE ( 'NONE', #10247, #4809 ) ;
#665 = DIRECTION ( 'NONE',  ( -5.583261179213479200E-016, -0.0000000000000000000, -1.000000000000000000 ) ) ;
#666 = LINE ( 'NONE', #11265, #4528 ) ;
#667 = ORIENTED_EDGE ( 'NONE', *, *, #9871, .T. ) ;
#668 = DIRECTION ( 'NONE',  ( -0.0000000000000000000, -0.0000000000000000000, 1.000000000000000000 ) ) ;
#669 = CARTESIAN_POINT ( 'NONE',  ( 7.950000000000000200, -3.349999999999998800, 4.850000000000117800 ) ) ;
#670 = VECTOR ( 'NONE', #9060, 1000.000000000000000 ) ;
#671 = EDGE_CURVE ( 'NONE', #9417, #10630, #10428, .T. ) ;
#672 = CARTESIAN_POINT ( 'NONE',  ( 10.00000000000000200, 0.0000000000000000000, 0.0000000000000000000 ) ) ;
#673 = AXIS2_PLACEMENT_3D ( 'NONE', #4429, #917, #8824 ) ;
#674 = CARTESIAN_POINT ( 'NONE',  ( 6.699454095875466900, 9.604514599187295300, 6.200000000000113900 ) ) ;
#675 = CIRCLE ( 'NONE', #2644, 1.499999999999999600 ) ;
#676 = VERTEX_POINT ( 'NONE', #7829 ) ;
#677 = ADVANCED_FACE ( 'NONE', ( #11253 ), #837, .F. ) ;
#678 = CARTESIAN_POINT ( 'NONE',  ( -7.673004626611401600, 8.000000000000000000, 12.49999999999999800 ) ) ;
#679 = LINE ( 'NONE', #2044, #4268 ) ;
#680 = DIRECTION ( 'NONE',  ( 0.0000000000000000000, 0.0000000000000000000, -1.000000000000000000 ) ) ;
#681 =( BOUNDED_CURVE ( )  B_SPLINE_CURVE ( 3, ( #7820, #11346, #5067, #710 ),
 .UNSPECIFIED., .F., .F. ) 
 B_SPLINE_CURVE_WITH_KNOTS ( ( 4, 4 ),
 ( 5.672320068981572500, 6.283185307179586200 ),
 .UNSPECIFIED. ) 
 CURVE ( )  GEOMETRIC_REPRESENTATION_ITEM ( )  RATIONAL_B_SPLINE_CURVE ( ( 1.000000000000000000, 0.9691446338321514400, 0.9691446338321514400, 1.000000000000000000 ) ) 
 REPRESENTATION_ITEM ( '' )  );
#682 = CARTESIAN_POINT ( 'NONE',  ( -7.299999999999995400, 8.000000000000000000, 15.80000000000000100 ) ) ;
#683 = EDGE_CURVE ( 'NONE', #4189, #11058, #5086, .T. ) ;
#684 = CIRCLE ( 'NONE', #4131, 7.674999999999998000 ) ;
#685 = CARTESIAN_POINT ( 'NONE',  ( 5.950000000000165400, 8.400000000000000400, 10.44999999999998900 ) ) ;
#686 = ORIENTED_EDGE ( 'NONE', *, *, #10967, .F. ) ;
#687 = AXIS2_PLACEMENT_3D ( 'NONE', #762, #7791, #8664 ) ;
#688 = ADVANCED_FACE ( 'NONE', ( #7819 ), #873, .T. ) ;
#689 = CARTESIAN_POINT ( 'NONE',  ( 8.350000000000001400, 0.4000000000000001900, 3.300000000000000700 ) ) ;
#690 = VECTOR ( 'NONE', #2525, 1000.000000000000100 ) ;
#691 = VERTEX_POINT ( 'NONE', #2643 ) ;
#693 = CARTESIAN_POINT ( 'NONE',  ( 8.350000000000001400, 3.299999999999999800, 4.950000000000000200 ) ) ;
#692 = CARTESIAN_POINT ( 'NONE',  ( -9.999999999999991100, 8.000000000000000000, 20.85000000000000100 ) ) ;
#694 = DIRECTION ( 'NONE',  ( -1.000000000000000000, -0.0000000000000000000, -0.0000000000000000000 ) ) ;
#695 = DIRECTION ( 'NONE',  ( -2.168404344971008100E-016, 0.0000000000000000000, -1.000000000000000000 ) ) ;
#696 = ORIENTED_EDGE ( 'NONE', *, *, #2786, .F. ) ;
#697 = EDGE_LOOP ( 'NONE', ( #3658, #4054, #10059, #10733 ) ) ;
#698 = DIRECTION ( 'NONE',  ( -0.0000000000000000000, -0.0000000000000000000, -1.000000000000000000 ) ) ;
#699 = VECTOR ( 'NONE', #5442, 1000.000000000000000 ) ;
#700 = EDGE_CURVE ( 'NONE', #1640, #1231, #675, .T. ) ;
#701 = ORIENTED_EDGE ( 'NONE', *, *, #856, .F. ) ;
#702 = EDGE_CURVE ( 'NONE', #9881, #11058, #1236, .T. ) ;
#703 = CARTESIAN_POINT ( 'NONE',  ( -4.832135734971188900, 11.53794763439791800, 16.20000000000011300 ) ) ;
#704 = ORIENTED_EDGE ( 'NONE', *, *, #3335, .T. ) ;
#705 = CARTESIAN_POINT ( 'NONE',  ( -8.350000000000001400, 12.30000000000000100, 6.200000000000113900 ) ) ;
#706 = DIRECTION ( 'NONE',  ( 0.0000000000000000000, 0.0000000000000000000, 1.000000000000000000 ) ) ;
#707 = DIRECTION ( 'NONE',  ( -5.583261179213479200E-016, -0.0000000000000000000, -1.000000000000000000 ) ) ;
#708 = VECTOR ( 'NONE', #2450, 1000.000000000000000 ) ;
#709 = ORIENTED_EDGE ( 'NONE', *, *, #6456, .T. ) ;
#710 = CARTESIAN_POINT ( 'NONE',  ( 3.004255071646474700, 8.796433938085819200, 4.200000000000113900 ) ) ;
#711 = EDGE_LOOP ( 'NONE', ( #1002, #5515, #3437, #6257, #4430 ) ) ;
#712 = CARTESIAN_POINT ( 'NONE',  ( 7.950000000000000200, 9.360147050873548500, 9.949999999999999300 ) ) ;
#713 = VERTEX_POINT ( 'NONE', #254 ) ;
#714 = DIRECTION ( 'NONE',  ( 0.0000000000000000000, 0.0000000000000000000, 1.000000000000000000 ) ) ;
#715 = DIRECTION ( 'NONE',  ( 1.000000000000000000, 0.0000000000000000000, 0.0000000000000000000 ) ) ;
#716 = PLANE ( 'NONE',  #9927 ) ;
#717 = EDGE_CURVE ( 'NONE', #1342, #5651, #7147, .T. ) ;
#718 = DIRECTION ( 'NONE',  ( -5.583261179213479200E-016, -0.0000000000000000000, -1.000000000000000000 ) ) ;
#719 = EDGE_CURVE ( 'NONE', #179, #7849, #10031, .T. ) ;
#720 = VECTOR ( 'NONE', #6461, 1000.000000000000000 ) ;
#721 = ORIENTED_EDGE ( 'NONE', *, *, #5309, .F. ) ;
#722 = DIRECTION ( 'NONE',  ( -0.0000000000000000000, -1.000000000000000000, -0.0000000000000000000 ) ) ;
#723 = ORIENTED_EDGE ( 'NONE', *, *, #6022, .F. ) ;
#724 = AXIS2_PLACEMENT_3D ( 'NONE', #8305, #4831, #4793 ) ;
#725 =( NAMED_UNIT ( * ) SI_UNIT ( $, .STERADIAN. ) SOLID_ANGLE_UNIT ( ) );
#726 = CARTESIAN_POINT ( 'NONE',  ( 7.950000000000000200, 9.360147050873548500, 4.850000000000117800 ) ) ;
#727 = EDGE_LOOP ( 'NONE', ( #9034, #10758, #8615, #7083 ) ) ;
#728 = DIRECTION ( 'NONE',  ( 0.0000000000000000000, -0.0000000000000000000, 1.000000000000000000 ) ) ;
#729 = DIRECTION ( 'NONE',  ( 0.9920049496797153100, -0.1261989691358270700, -6.696916640619664200E-016 ) ) ;
#730 = CARTESIAN_POINT ( 'NONE',  ( -4.837073890375361200, 11.78284682717160900, 10.72639320225013500 ) ) ;
#731 = LINE ( 'NONE', #5994, #9793 ) ;
#732 = ORIENTED_EDGE ( 'NONE', *, *, #6604, .T. ) ;
#733 = ORIENTED_EDGE ( 'NONE', *, *, #2641, .F. ) ;
#734 = ADVANCED_FACE ( 'NONE', ( #7688 ), #5372, .F. ) ;
#735 = EDGE_CURVE ( 'NONE', #1512, #1314, #6040, .T. ) ;
#736 = PLANE ( 'NONE',  #3671 ) ;
#737 = ORIENTED_EDGE ( 'NONE', *, *, #6313, .T. ) ;
#738 = AXIS2_PLACEMENT_3D ( 'NONE', #9495, #6859, #3322 ) ;
#739 = DIRECTION ( 'NONE',  ( 0.0000000000000000000, 0.0000000000000000000, -1.000000000000000000 ) ) ;
#740 = ORIENTED_EDGE ( 'NONE', *, *, #10252, .F. ) ;
#741 = DIRECTION ( 'NONE',  ( 0.0000000000000000000, -0.0000000000000000000, 1.000000000000000000 ) ) ;
#742 = VECTOR ( 'NONE', #11117, 1000.000000000000000 ) ;
#743 = EDGE_LOOP ( 'NONE', ( #962, #7392 ) ) ;
#744 = ADVANCED_FACE ( 'NONE', ( #5638 ), #396, .T. ) ;
#745 = CARTESIAN_POINT ( 'NONE',  ( -9.999999999999996400, 1.600000000000000100, 15.95000000000000300 ) ) ;
#746 = DIRECTION ( 'NONE',  ( 0.0000000000000000000, 1.000000000000000000, 0.0000000000000000000 ) ) ;
#747 = VERTEX_POINT ( 'NONE', #10765 ) ;
#748 = ORIENTED_EDGE ( 'NONE', *, *, #2849, .F. ) ;
#749 = CARTESIAN_POINT ( 'NONE',  ( -8.350000000000001400, 12.30000000000000100, 6.200000000000113900 ) ) ;
#750 = EDGE_CURVE ( 'NONE', #3600, #8192, #9737, .T. ) ;
#751 = ORIENTED_EDGE ( 'NONE', *, *, #9045, .F. ) ;
#752 = CARTESIAN_POINT ( 'NONE',  ( 7.673004626611400700, 8.000000000000000000, 8.349999999999999600 ) ) ;
#753 = AXIS2_PLACEMENT_3D ( 'NONE', #3415, #10499, #8 ) ;
#754 = FACE_BOUND ( 'NONE', #3532, .T. ) ;
#755 = TOROIDAL_SURFACE ( 'NONE', #9670, 0.2000000000001241300, 0.5000000000000000000 ) ;
#756 = ORIENTED_EDGE ( 'NONE', *, *, #1659, .F. ) ;
#757 = CARTESIAN_POINT ( 'NONE',  ( -7.950000000000000200, 9.360147050873548500, 9.950000000000001100 ) ) ;
#758 = ORIENTED_EDGE ( 'NONE', *, *, #8761, .T. ) ;
#759 = DIRECTION ( 'NONE',  ( -0.0000000000000000000, -0.0000000000000000000, 1.000000000000000000 ) ) ;
#760 = CARTESIAN_POINT ( 'NONE',  ( 3.061838949330783200, 8.826730281731135700, 10.69247939767546300 ) ) ;
#761 = DIRECTION ( 'NONE',  ( -1.000000000000000000, 0.0000000000000000000, 0.0000000000000000000 ) ) ;
#762 = CARTESIAN_POINT ( 'NONE',  ( -4.578274166955052300E-015, 7.825000000000000200, 24.80000000000000400 ) ) ;
#763 = CARTESIAN_POINT ( 'NONE',  ( -9.999999999999996400, -3.349999999999998800, 4.850000000000117800 ) ) ;
#764 = ORIENTED_EDGE ( 'NONE', *, *, #5791, .T. ) ;
#765 = VECTOR ( 'NONE', #258, 1000.000000000000000 ) ;
#766 = LINE ( 'NONE', #3810, #7232 ) ;
#767 = ORIENTED_EDGE ( 'NONE', *, *, #6856, .F. ) ;
#768 = DIRECTION ( 'NONE',  ( 1.000000000000000000, 0.0000000000000000000, 0.0000000000000000000 ) ) ;
#769 = EDGE_CURVE ( 'NONE', #4539, #4960, #3718, .T. ) ;
#770 = PLANE ( 'NONE',  #10561 ) ;
#771 = DIRECTION ( 'NONE',  ( 0.0000000000000000000, 1.000000000000000000, 0.0000000000000000000 ) ) ;
#772 = AXIS2_PLACEMENT_3D ( 'NONE', #5789, #6748, #524 ) ;
#773 = ORIENTED_EDGE ( 'NONE', *, *, #5281, .T. ) ;
#774 = DIRECTION ( 'NONE',  ( 1.579750383876801700E-015, 0.0000000000000000000, 1.000000000000000000 ) ) ;
#775 = EDGE_LOOP ( 'NONE', ( #3095, #5365, #11310, #11195 ) ) ;
#776 = LINE ( 'NONE', #7141, #2154 ) ;
#777 = CIRCLE ( 'NONE', #5781, 0.5000000000000004400 ) ;
#778 = CARTESIAN_POINT ( 'NONE',  ( 6.653393380716586600, 8.295436464270862200, -7.520620408876626900 ) ) ;
#779 = CARTESIAN_POINT ( 'NONE',  ( -1.740153877978051700, 9.399998989646013200, 10.45000000000011500 ) ) ;
#780 = VECTOR ( 'NONE', #9605, 1000.000000000000000 ) ;
#781 = CARTESIAN_POINT ( 'NONE',  ( 5.499999999999994700, 7.825000000000000200, -2.999999999999999600 ) ) ;
#782 = VERTEX_POINT ( 'NONE', #2880 ) ;
#783 = LINE ( 'NONE', #10544, #6157 ) ;
#784 = LINE ( 'NONE', #10631, #9856 ) ;
#785 = EDGE_CURVE ( 'NONE', #8638, #10093, #8636, .T. ) ;
#786 = DIRECTION ( 'NONE',  ( -1.248002500702738800E-016, -0.0000000000000000000, -1.000000000000000000 ) ) ;
#787 = EDGE_CURVE ( 'NONE', #6753, #5151, #8381, .T. ) ;
#788 = FACE_OUTER_BOUND ( 'NONE', #6834, .T. ) ;
#789 = CIRCLE ( 'NONE', #8403, 0.6500000000000012400 ) ;
#790 = ADVANCED_FACE ( 'NONE', ( #10566 ), #4498, .F. ) ;
#791 = CARTESIAN_POINT ( 'NONE',  ( -4.808410434011671300, 11.65487620520117000, 16.29563617577965600 ) ) ;
#792 = CARTESIAN_POINT ( 'NONE',  ( -1.201700650471024400, 13.82222592120723400, -7.894239636610233600 ) ) ;
#793 = CARTESIAN_POINT ( 'NONE',  ( 7.950000000000000200, 1.599999999999912600, 16.19999999999999900 ) ) ;
#794 = VECTOR ( 'NONE', #9031, 1000.000000000000000 ) ;
#795 = CARTESIAN_POINT ( 'NONE',  ( -8.350000000000001400, 8.000000000000000000, 8.450000000000113000 ) ) ;
#796 = ORIENTED_EDGE ( 'NONE', *, *, #10113, .T. ) ;
#797 = CARTESIAN_POINT ( 'NONE',  ( -8.150000000000000400, 12.30000000000000100, 16.42360679775009300 ) ) ;
#798 = LINE ( 'NONE', #3945, #5219 ) ;
#799 = VECTOR ( 'NONE', #7307, 1000.000000000000100 ) ;
#800 = CYLINDRICAL_SURFACE ( 'NONE', #4084, 7.874999999999992900 ) ;
#801 = EDGE_CURVE ( 'NONE', #1026, #8332, #3435, .T. ) ;
#802 = DIRECTION ( 'NONE',  ( -1.000000000000000000, 0.0000000000000000000, 5.010031699572010200E-016 ) ) ;
#803 = DIRECTION ( 'NONE',  ( -1.000000000000000000, 0.0000000000000000000, 5.519574696289844800E-016 ) ) ;
#804 = DIRECTION ( 'NONE',  ( 0.0000000000000000000, 0.0000000000000000000, 1.000000000000000000 ) ) ;
#805 = AXIS2_PLACEMENT_3D ( 'NONE', #11295, #11209, #1575 ) ;
#806 = VECTOR ( 'NONE', #786, 1000.000000000000000 ) ;
#807 = CARTESIAN_POINT ( 'NONE',  ( -8.350000000000001400, 9.360147050873548500, 16.05000000000000100 ) ) ;
#808 = CARTESIAN_POINT ( 'NONE',  ( 6.946575993125049900, 9.169852928574661300, 2.200000000000114300 ) ) ;
#809 = AXIS2_PLACEMENT_3D ( 'NONE', #3406, #9535, #6006 ) ;
#810 = ORIENTED_EDGE ( 'NONE', *, *, #5293, .T. ) ;
#811 = VECTOR ( 'NONE', #2535, 1000.000000000000000 ) ;
#812 = ADVANCED_FACE ( 'NONE', ( #8091 ), #9876, .F. ) ;
#813 = LINE ( 'NONE', #11280, #3727 ) ;
#814 = CARTESIAN_POINT ( 'NONE',  ( -4.837073890375361200, 11.78284682717160900, 10.17360679775009300 ) ) ;
#815 = ORIENTED_EDGE ( 'NONE', *, *, #10825, .F. ) ;
#816 = DIRECTION ( 'NONE',  ( 1.000000000000000000, -0.0000000000000000000, -0.0000000000000000000 ) ) ;
#817 = EDGE_CURVE ( 'NONE', #9081, #2841, #1085, .T. ) ;
#818 = CARTESIAN_POINT ( 'NONE',  ( 3.462499999999994100, 13.82222592120723300, -6.400000000000001200 ) ) ;
#819 = DIRECTION ( 'NONE',  ( 0.0000000000000000000, -0.0000000000000000000, 1.000000000000000000 ) ) ;
#820 = AXIS2_PLACEMENT_3D ( 'NONE', #7218, #9860, #4577 ) ;
#821 = CIRCLE ( 'NONE', #9554, 7.874999999999996400 ) ;
#822 = ORIENTED_EDGE ( 'NONE', *, *, #5218, .F. ) ;
#823 = EDGE_CURVE ( 'NONE', #9113, #9646, #1500, .T. ) ;
#824 = DIRECTION ( 'NONE',  ( -1.000000000000000000, 0.0000000000000000000, 0.0000000000000000000 ) ) ;
#825 = MANIFOLD_SOLID_BREP ( 'Housing ', #1976 ) ;
#826 = ORIENTED_EDGE ( 'NONE', *, *, #1915, .F. ) ;
#827 = DIRECTION ( 'NONE',  ( 0.0000000000000000000, 0.0000000000000000000, -1.000000000000000000 ) ) ;
#828 = LINE ( 'NONE', #4365, #9347 ) ;
#829 = CARTESIAN_POINT ( 'NONE',  ( 0.0000000000000000000, 8.000000000000000000, 0.0000000000000000000 ) ) ;
#830 = VERTEX_POINT ( 'NONE', #9164 ) ;
#831 = DIRECTION ( 'NONE',  ( -1.000000000000000000, 0.0000000000000000000, -0.0000000000000000000 ) ) ;
#832 = CARTESIAN_POINT ( 'NONE',  ( -4.832135734971188900, 11.53794763439791800, 17.20000000000011300 ) ) ;
#833 = CARTESIAN_POINT ( 'NONE',  ( -7.950000000000000200, 3.299999999999999800, 11.10000000000000300 ) ) ;
#834 = VECTOR ( 'NONE', #5635, 1000.000000000000000 ) ;
#835 = VERTEX_POINT ( 'NONE', #3889 ) ;
#836 = CARTESIAN_POINT ( 'NONE',  ( 1.149071889010235200, 9.032443048002463100, 4.200000000000113900 ) ) ;
#837 = PLANE ( 'NONE',  #4636 ) ;
#838 = VERTEX_POINT ( 'NONE', #10884 ) ;
#839 = EDGE_CURVE ( 'NONE', #11407, #6346, #8846, .T. ) ;
#840 = CARTESIAN_POINT ( 'NONE',  ( 1.195506840486542300, 9.397451589815954500, 12.50000000000000000 ) ) ;
#841 = AXIS2_PLACEMENT_3D ( 'NONE', #1336, #10242, #5760 ) ;
#842 = VERTEX_POINT ( 'NONE', #1062 ) ;
#843 = VERTEX_POINT ( 'NONE', #4847 ) ;
#844 = DIRECTION ( 'NONE',  ( 0.0000000000000000000, 1.000000000000000000, 0.0000000000000000000 ) ) ;
#845 = ORIENTED_EDGE ( 'NONE', *, *, #7125, .F. ) ;
#846 = PLANE ( 'NONE',  #4274 ) ;
#847 = LINE ( 'NONE', #317, #4166 ) ;
#848 = ORIENTED_EDGE ( 'NONE', *, *, #7528, .T. ) ;
#849 = DIRECTION ( 'NONE',  ( -0.0000000000000000000, -1.000000000000000000, -0.0000000000000000000 ) ) ;
#850 = DIRECTION ( 'NONE',  ( 0.0000000000000000000, 0.0000000000000000000, -1.000000000000000000 ) ) ;
#851 = ADVANCED_FACE ( 'NONE', ( #1911 ), #8230, .T. ) ;
#852 = ORIENTED_EDGE ( 'NONE', *, *, #5938, .T. ) ;
#853 = CARTESIAN_POINT ( 'NONE',  ( 5.950000000000165400, 8.400000000000000400, 10.44999999999998900 ) ) ;
#854 = COLOUR_RGB ( '',0.7921568627450980000, 0.8196078431372548800, 0.9333333333333333500 ) ;
#855 = EDGE_LOOP ( 'NONE', ( #723, #2714, #2237, #4215 ) ) ;
#856 = EDGE_CURVE ( 'NONE', #1172, #830, #1900, .T. ) ;
#857 = EDGE_LOOP ( 'NONE', ( #6365, #8514, #8171, #990, #9163, #11410, #8259, #4699, #11256, #1604, #5302, #5743 ) ) ;
#858 = DIRECTION ( 'NONE',  ( 0.8849876374630411000, 0.4656145203251128600, 0.0000000000000000000 ) ) ;
#859 = CARTESIAN_POINT ( 'NONE',  ( 4.160460300438256100, 12.61332321918212100, -7.752787962922421400 ) ) ;
#860 = DIRECTION ( 'NONE',  ( 0.1261989691358270700, 0.9920049496797153100, 0.0000000000000000000 ) ) ;
#861 = ORIENTED_EDGE ( 'NONE', *, *, #3686, .F. ) ;
#862 = CARTESIAN_POINT ( 'NONE',  ( -6.850000000000002300, 12.30000000000000100, 2.200000000000114300 ) ) ;
#863 = CARTESIAN_POINT ( 'NONE',  ( -9.999999999999996400, 1.600000000000000100, 17.44999999999999900 ) ) ;
#864 = FACE_OUTER_BOUND ( 'NONE', #9543, .T. ) ;
#865 = ORIENTED_EDGE ( 'NONE', *, *, #8206, .F. ) ;
#866 = ORIENTED_EDGE ( 'NONE', *, *, #10051, .T. ) ;
#867 = DIRECTION ( 'NONE',  ( -0.1033761435547758700, -0.8126028824749383900, -0.5735764363510447200 ) ) ;
#868 = DIRECTION ( 'NONE',  ( 1.000000000000000000, -0.0000000000000000000, 0.0000000000000000000 ) ) ;
#869 = EDGE_CURVE ( 'NONE', #5425, #9277, #387, .T. ) ;
#870 = ADVANCED_FACE ( 'NONE', ( #9728 ), #10972, .F. ) ;
#871 = ORIENTED_EDGE ( 'NONE', *, *, #7374, .F. ) ;
#872 = DIRECTION ( 'NONE',  ( -1.000000000000000000, -0.0000000000000000000, -0.0000000000000000000 ) ) ;
#873 = PLANE ( 'NONE',  #8747 ) ;
#874 = AXIS2_PLACEMENT_3D ( 'NONE', #10353, #9464, #706 ) ;
#875 = CARTESIAN_POINT ( 'NONE',  ( -5.402871767273012400, 12.98250998384233400, 16.97639320225013300 ) ) ;
#876 = AXIS2_PLACEMENT_3D ( 'NONE', #8200, #8161, #8965 ) ;
#877 = VECTOR ( 'NONE', #8233, 1000.000000000000000 ) ;
#878 = ORIENTED_EDGE ( 'NONE', *, *, #10770, .F. ) ;
#879 = CARTESIAN_POINT ( 'NONE',  ( -7.949999999999998400, 12.30000000000000100, 2.200000000000114300 ) ) ;
#880 = ORIENTED_EDGE ( 'NONE', *, *, #9716, .F. ) ;
#882 = CARTESIAN_POINT ( 'NONE',  ( 6.924999999999988300, 7.824999999999998400, -6.400000000000006600 ) ) ;
#881 = APPLICATION_CONTEXT ( 'automotive_design' ) ;
#883 = DIRECTION ( 'NONE',  ( -0.1033761435547758700, -0.8126028824749383900, 0.5735764363510447200 ) ) ;
#884 = ORIENTED_EDGE ( 'NONE', *, *, #8812, .T. ) ;
#885 = CARTESIAN_POINT ( 'NONE',  ( 8.349999999999999600, 1.600000000000000500, 10.94999999999999900 ) ) ;
#886 = DIRECTION ( 'NONE',  ( -1.000000000000000000, -0.0000000000000000000, -0.0000000000000000000 ) ) ;
#887 = EDGE_CURVE ( 'NONE', #9497, #2356, #8626, .T. ) ;
#888 = ORIENTED_EDGE ( 'NONE', *, *, #1090, .T. ) ;
#889 = VECTOR ( 'NONE', #8468, 1000.000000000000000 ) ;
#890 = EDGE_CURVE ( 'NONE', #2841, #1898, #255, .T. ) ;
#891 = ORIENTED_EDGE ( 'NONE', *, *, #9192, .T. ) ;
#892 = DIRECTION ( 'NONE',  ( 0.9920049496797154200, -0.1261989691358267300, 0.0000000000000000000 ) ) ;
#893 = VERTEX_POINT ( 'NONE', #5643 ) ;
#894 = DIRECTION ( 'NONE',  ( -0.9044551454543676700, -0.4265687399014589400, 0.0000000000000000000 ) ) ;
#895 = CARTESIAN_POINT ( 'NONE',  ( 6.699454095875466900, 9.604514599187295300, 18.70000000000011700 ) ) ;
#896 = VERTEX_POINT ( 'NONE', #8328 ) ;
#897 = CARTESIAN_POINT ( 'NONE',  ( -9.999999999999991100, 0.0000000000000000000, 20.85000000000000100 ) ) ;
#898 = ORIENTED_EDGE ( 'NONE', *, *, #6637, .T. ) ;
#899 = LINE ( 'NONE', #10771, #8180 ) ;
#900 = LINE ( 'NONE', #2444, #2975 ) ;
#901 = ORIENTED_EDGE ( 'NONE', *, *, #4785, .T. ) ;
#902 = DIRECTION ( 'NONE',  ( -1.579750383876801700E-015, -0.0000000000000000000, -1.000000000000000000 ) ) ;
#903 = EDGE_CURVE ( 'NONE', #5448, #1888, #1769, .T. ) ;
#904 = ADVANCED_FACE ( 'NONE', ( #10557 ), #4770, .F. ) ;
#905 = AXIS2_PLACEMENT_3D ( 'NONE', #4118, #4002, #4158 ) ;
#906 = PLANE ( 'NONE',  #2789 ) ;
#907 = ORIENTED_EDGE ( 'NONE', *, *, #9829, .T. ) ;
#908 = CARTESIAN_POINT ( 'NONE',  ( 3.462499999999992800, 13.82222592120723300, -7.274999999999975500 ) ) ;
#909 = ORIENTED_EDGE ( 'NONE', *, *, #104, .F. ) ;
#910 = DIRECTION ( 'NONE',  ( -0.5726248390748289700, 0.5201357824263478400, -0.6336872742246424400 ) ) ;
#911 = VECTOR ( 'NONE', #5690, 1000.000000000000100 ) ;
#912 = VECTOR ( 'NONE', #1527, 1000.000000000000000 ) ;
#913 = CARTESIAN_POINT ( 'NONE',  ( 7.950000000000000200, 3.299999999999999800, 4.950000000000000200 ) ) ;
#914 = DIRECTION ( 'NONE',  ( -4.034240641806528900E-016, -1.000000000000000000, -0.0000000000000000000 ) ) ;
#915 = VECTOR ( 'NONE', #9258, 1000.000000000000000 ) ;
#916 = ORIENTED_EDGE ( 'NONE', *, *, #8480, .F. ) ;
#917 = DIRECTION ( 'NONE',  ( 0.0000000000000000000, 0.0000000000000000000, -1.000000000000000000 ) ) ;
#918 = CARTESIAN_POINT ( 'NONE',  ( 7.950000000000000200, 3.299999999999912300, 17.35000000000011500 ) ) ;
#919 = VECTOR ( 'NONE', #3669, 1000.000000000000000 ) ;
#920 = CIRCLE ( 'NONE', #5324, 3.214999999999999900 ) ;
#921 = ORIENTED_EDGE ( 'NONE', *, *, #6151, .T. ) ;
#922 = CARTESIAN_POINT ( 'NONE',  ( 8.347213595500074100, 8.000000000000000000, 8.450000000000001100 ) ) ;
#923 = ORIENTED_EDGE ( 'NONE', *, *, #7188, .F. ) ;
#924 = CARTESIAN_POINT ( 'NONE',  ( 1.309085912708786400, 10.29025604452769800, 18.33250000000011300 ) ) ;
#925 = FACE_BOUND ( 'NONE', #4330, .T. ) ;
#926 = EDGE_CURVE ( 'NONE', #3877, #4764, #2045, .T. ) ;
#927 = VECTOR ( 'NONE', #1117, 1000.000000000000000 ) ;
#928 = CARTESIAN_POINT ( 'NONE',  ( 3.004255071646474700, 8.796433938085819200, 16.70000000000011300 ) ) ;
#929 = VECTOR ( 'NONE', #4916, 1000.000000000000000 ) ;
#930 = EDGE_CURVE ( 'NONE', #9107, #2699, #8776, .T. ) ;
#931 = LINE ( 'NONE', #1045, #2305 ) ;
#932 = VERTEX_POINT ( 'NONE', #1332 ) ;
#933 = CARTESIAN_POINT ( 'NONE',  ( 8.309113651749971300, 1.883021205966706400, 16.19999999999999600 ) ) ;
#934 = FACE_BOUND ( 'NONE', #5019, .T. ) ;
#935 = ORIENTED_EDGE ( 'NONE', *, *, #6887, .F. ) ;
#936 = ORIENTED_EDGE ( 'NONE', *, *, #1176, .F. ) ;
#937 = VECTOR ( 'NONE', #1992, 1000.000000000000000 ) ;
#938 = LINE ( 'NONE', #2987, #3682 ) ;
#939 = PLANE ( 'NONE',  #5314 ) ;
#940 = LINE ( 'NONE', #7097, #10012 ) ;
#941 = CARTESIAN_POINT ( 'NONE',  ( 10.00000000000000700, 8.000000000000000000, 20.85000000000000100 ) ) ;
#942 = VECTOR ( 'NONE', #5871, 1000.000000000000000 ) ;
#943 = EDGE_CURVE ( 'NONE', #2258, #3791, #2735, .T. ) ;
#944 = CYLINDRICAL_SURFACE ( 'NONE', #9339, 7.874999999999992900 ) ;
#945 = VERTEX_POINT ( 'NONE', #525 ) ;
#946 = EDGE_CURVE ( 'NONE', #5961, #9448, #2601, .T. ) ;
#947 = AXIS2_PLACEMENT_3D ( 'NONE', #4678, #2946, #8236 ) ;
#948 = LINE ( 'NONE', #5161, #10026 ) ;
#949 = DIRECTION ( 'NONE',  ( -0.0000000000000000000, -0.0000000000000000000, 1.000000000000000000 ) ) ;
#950 = CARTESIAN_POINT ( 'NONE',  ( -9.999999999999996400, 3.299999999999999800, 15.95000000000000300 ) ) ;
#951 = DIRECTION ( 'NONE',  ( 0.0000000000000000000, 1.000000000000000000, 0.0000000000000000000 ) ) ;
#952 = CARTESIAN_POINT ( 'NONE',  ( -7.950000000000000200, 3.100000000000000500, 9.950000000000001100 ) ) ;
#953 = ORIENTED_EDGE ( 'NONE', *, *, #2081, .T. ) ;
#954 = LINE ( 'NONE', #10325, #2452 ) ;
#955 = DIRECTION ( 'NONE',  ( -1.000000000000000000, -0.0000000000000000000, -0.0000000000000000000 ) ) ;
#956 = ORIENTED_EDGE ( 'NONE', *, *, #4557, .T. ) ;
#957 = CARTESIAN_POINT ( 'NONE',  ( -1.880187805439772300, 9.527196853685959300, 17.04414586181074000 ) ) ;
#958 = CYLINDRICAL_SURFACE ( 'NONE', #10366, 3.214999999999999900 ) ;
#959 = EDGE_CURVE ( 'NONE', #2152, #283, #2322, .T. ) ;
#960 = DIRECTION ( 'NONE',  ( 0.0000000000000000000, 0.0000000000000000000, 1.000000000000000000 ) ) ;
#961 = CARTESIAN_POINT ( 'NONE',  ( 7.299999999999998900, 8.000000000000000000, 9.550000000000000700 ) ) ;
#962 = ORIENTED_EDGE ( 'NONE', *, *, #7030, .F. ) ;
#963 = CARTESIAN_POINT ( 'NONE',  ( 3.171676389805457000, 8.884518554691602800, 3.855854138189487700 ) ) ;
#964 = AXIS2_PLACEMENT_3D ( 'NONE', #7613, #3131, #4980 ) ;
#965 = LINE ( 'NONE', #7518, #7298 ) ;
#966 = ADVANCED_FACE ( 'NONE', ( #8503 ), #3020, .T. ) ;
#967 = ORIENTED_EDGE ( 'NONE', *, *, #9282, .F. ) ;
#968 = CARTESIAN_POINT ( 'NONE',  ( -8.350000000000001400, 0.3999999999999993000, 4.850000000000003200 ) ) ;
#969 = VECTOR ( 'NONE', #8727, 1000.000000000000000 ) ;
#970 = ORIENTED_EDGE ( 'NONE', *, *, #381, .F. ) ;
#971 = VERTEX_POINT ( 'NONE', #5865 ) ;
#972 = CARTESIAN_POINT ( 'NONE',  ( -8.350000000000001400, 8.000000000000000000, 3.700000000000113900 ) ) ;
#973 = ORIENTED_EDGE ( 'NONE', *, *, #4077, .T. ) ;
#974 = CARTESIAN_POINT ( 'NONE',  ( -9.999999999999996400, 0.0000000000000000000, 0.0000000000000000000 ) ) ;
#975 = EDGE_CURVE ( 'NONE', #1813, #9015, #6173, .T. ) ;
#976 = VERTEX_POINT ( 'NONE', #11003 ) ;
#977 = CARTESIAN_POINT ( 'NONE',  ( -7.950000000000000200, -3.349999999999998800, 17.35000000000011900 ) ) ;
#978 = ORIENTED_EDGE ( 'NONE', *, *, #11062, .T. ) ;
#979 = CYLINDRICAL_SURFACE ( 'NONE', #10072, 0.5999999999999997600 ) ;
#980 = VERTEX_POINT ( 'NONE', #3112 ) ;
#981 = CARTESIAN_POINT ( 'NONE',  ( -6.369214685596623400, 6.862351597352715200, -7.690947237209186000 ) ) ;
#982 = VERTEX_POINT ( 'NONE', #10125 ) ;
#983 = CARTESIAN_POINT ( 'NONE',  ( 7.299999999999998900, 0.0000000000000000000, 11.35000000000000100 ) ) ;
#984 = CARTESIAN_POINT ( 'NONE',  ( -4.832135734971188900, 11.53794763439791800, 4.700000000000113900 ) ) ;
#985 = CARTESIAN_POINT ( 'NONE',  ( -7.949999999999998400, 12.30000000000000100, 18.70000000000011700 ) ) ;
#986 = ADVANCED_FACE ( 'NONE', ( #9189 ), #8365, .F. ) ;
#987 = VECTOR ( 'NONE', #6140, 1000.000000000000000 ) ;
#988 = EDGE_CURVE ( 'NONE', #10490, #7962, #540, .T. ) ;
#989 = EDGE_LOOP ( 'NONE', ( #2819, #5480, #374, #2869 ) ) ;
#990 = ORIENTED_EDGE ( 'NONE', *, *, #9977, .F. ) ;
#991 = AXIS2_PLACEMENT_3D ( 'NONE', #5176, #7738, #6008 ) ;
#992 = EDGE_CURVE ( 'NONE', #9407, #330, #6452, .T. ) ;
#993 = DIRECTION ( 'NONE',  ( 2.496005001405477600E-016, 0.0000000000000000000, 1.000000000000000000 ) ) ;
#994 =( REPRESENTATION_RELATIONSHIP ('NONE','NONE', #3327, #1724 ) REPRESENTATION_RELATIONSHIP_WITH_TRANSFORMATION ( #7917 )SHAPE_REPRESENTATION_RELATIONSHIP( ) );
#995 = ORIENTED_EDGE ( 'NONE', *, *, #11263, .T. ) ;
#996 = DIRECTION ( 'NONE',  ( 0.0000000000000000000, 0.0000000000000000000, 1.000000000000000000 ) ) ;
#997 = PLANE ( 'NONE',  #11147 ) ;
#998 = SURFACE_STYLE_FILL_AREA ( #373 ) ;
#999 = ORIENTED_EDGE ( 'NONE', *, *, #5057, .T. ) ;
#1000 = ORIENTED_EDGE ( 'NONE', *, *, #7804, .T. ) ;
#1001 = DIRECTION ( 'NONE',  ( -1.000000000000000000, 0.0000000000000000000, -6.938893903907228400E-016 ) ) ;
#1002 = ORIENTED_EDGE ( 'NONE', *, *, #4191, .T. ) ;
#1003 = EDGE_CURVE ( 'NONE', #10620, #1462, #9604, .T. ) ;
#1005 = CARTESIAN_POINT ( 'NONE',  ( -9.999999999999996400, 3.299999999999999800, 4.950000000000000200 ) ) ;
#1004 = CARTESIAN_POINT ( 'NONE',  ( 0.0000000000000000000, 0.7000000000000000700, 0.0000000000000000000 ) ) ;
#1006 = DIRECTION ( 'NONE',  ( -0.0000000000000000000, 0.0000000000000000000, 1.000000000000000000 ) ) ;
#1007 = EDGE_CURVE ( 'NONE', #7749, #7049, #4814, .T. ) ;
#1008 = VECTOR ( 'NONE', #3574, 1000.000000000000000 ) ;
#1009 = ORIENTED_EDGE ( 'NONE', *, *, #10316, .F. ) ;
#1010 = CARTESIAN_POINT ( 'NONE',  ( 5.499999999999991100, 7.825000000000000200, -8.200000000000002800 ) ) ;
#1011 = ORIENTED_EDGE ( 'NONE', *, *, #5881, .F. ) ;
#1012 = AXIS2_PLACEMENT_3D ( 'NONE', #8159, #1169, #3848 ) ;
#1013 = VERTEX_POINT ( 'NONE', #6641 ) ;
#1014 = CARTESIAN_POINT ( 'NONE',  ( 4.403554195056584400E-014, 7.825000000000000200, 22.67500000000000400 ) ) ;
#1015 = ADVANCED_FACE ( 'NONE', ( #9329 ), #3854, .T. ) ;
#1016 = ORIENTED_EDGE ( 'NONE', *, *, #9530, .F. ) ;
#1017 = FACE_OUTER_BOUND ( 'NONE', #3398, .T. ) ;
#1018 = ORIENTED_EDGE ( 'NONE', *, *, #7956, .F. ) ;
#1019 = DIRECTION ( 'NONE',  ( -1.000000000000000000, 0.0000000000000000000, 5.583261179213477200E-016 ) ) ;
#1020 = CARTESIAN_POINT ( 'NONE',  ( -8.933217886741541400E-016, 7.825000000000000200, -1.599999999999995400 ) ) ;
#1021 = ORIENTED_EDGE ( 'NONE', *, *, #5215, .F. ) ;
#1022 = DIRECTION ( 'NONE',  ( -1.000000000000000000, 0.0000000000000000000, 0.0000000000000000000 ) ) ;
#1023 = EDGE_CURVE ( 'NONE', #2361, #3240, #10832, .T. ) ;
#1024 = PLANE ( 'NONE',  #2766 ) ;
#1025 = AXIS2_PLACEMENT_3D ( 'NONE', #6105, #5232, #1718 ) ;
#1026 = VERTEX_POINT ( 'NONE', #7482 ) ;
#1027 = AXIS2_PLACEMENT_3D ( 'NONE', #10374, #3433, #5201 ) ;
#1028 = VERTEX_POINT ( 'NONE', #1370 ) ;
#1029 = DIRECTION ( 'NONE',  ( -0.0000000000000000000, -1.000000000000000000, -0.0000000000000000000 ) ) ;
#1030 = ORIENTED_EDGE ( 'NONE', *, *, #5370, .F. ) ;
#1031 = VECTOR ( 'NONE', #2556, 1000.000000000000000 ) ;
#1032 = VECTOR ( 'NONE', #10497, 1000.000000000000000 ) ;
#1033 = ORIENTED_EDGE ( 'NONE', *, *, #930, .F. ) ;
#1034 = ORIENTED_EDGE ( 'NONE', *, *, #1787, .T. ) ;
#1035 = PLANE ( 'NONE',  #6341 ) ;
#1036 = CARTESIAN_POINT ( 'NONE',  ( -3.927680589516822100, 11.96451637429937500, 2.200000000000114300 ) ) ;
#1037 =( NAMED_UNIT ( * ) SI_UNIT ( $, .STERADIAN. ) SOLID_ANGLE_UNIT ( ) );
#1038 = EDGE_CURVE ( 'NONE', #7505, #1028, #6860, .T. ) ;
#1039 = ORIENTED_EDGE ( 'NONE', *, *, #1707, .F. ) ;
#1040 = CARTESIAN_POINT ( 'NONE',  ( -7.950000000000000200, 1.600000000000000100, 3.700000000000000600 ) ) ;
#1041 = VERTEX_POINT ( 'NONE', #7595 ) ;
#1042 = VECTOR ( 'NONE', #7452, 1000.000000000000000 ) ;
#1043 = LINE ( 'NONE', #9579, #8460 ) ;
#1044 = ADVANCED_FACE ( 'NONE', ( #11385 ), #3223, .F. ) ;
#1046 = DIRECTION ( 'NONE',  ( -1.000000000000000000, 0.0000000000000000000, 1.079143686455245600E-015 ) ) ;
#1045 = CARTESIAN_POINT ( 'NONE',  ( 0.0000000000000000000, 8.000000000000000000, 8.349999999999999600 ) ) ;
#1047 = SHAPE_DEFINITION_REPRESENTATION ( #11386, #3327 ) ;
#1048 = DIRECTION ( 'NONE',  ( -1.000000000000000000, 0.0000000000000000000, -0.0000000000000000000 ) ) ;
#1049 = DIRECTION ( 'NONE',  ( 0.0000000000000000000, 0.0000000000000000000, -1.000000000000000000 ) ) ;
#1050 = DIRECTION ( 'NONE',  ( -1.579750383876801700E-015, -0.0000000000000000000, -1.000000000000000000 ) ) ;
#1051 = CARTESIAN_POINT ( 'NONE',  ( 6.821110876396486900, 10.56081502909854400, 8.450000000000113000 ) ) ;
#1052 = ORIENTED_EDGE ( 'NONE', *, *, #7072, .F. ) ;
#1053 = ORIENTED_EDGE ( 'NONE', *, *, #6959, .F. ) ;
#1054 = LINE ( 'NONE', #2935, #4510 ) ;
#1055 = EDGE_CURVE ( 'NONE', #9521, #316, #7415, .T. ) ;
#1056 = VECTOR ( 'NONE', #9104, 1000.000000000000000 ) ;
#1057 = CARTESIAN_POINT ( 'NONE',  ( 8.350000000000001400, -1.843908891458577100, 3.300000000000000700 ) ) ;
#1058 = CARTESIAN_POINT ( 'NONE',  ( 5.950000000000002000, 8.400000000000000400, 3.499999999999865000 ) ) ;
#1059 = DIRECTION ( 'NONE',  ( 0.0000000000000000000, 0.0000000000000000000, -1.000000000000000000 ) ) ;
#1060 = VECTOR ( 'NONE', #7690, 1000.000000000000100 ) ;
#1061 = DIRECTION ( 'NONE',  ( 1.000000000000000000, 0.0000000000000000000, 0.0000000000000000000 ) ) ;
#1062 = CARTESIAN_POINT ( 'NONE',  ( 8.350000000000001400, 1.599999999999956600, 9.700000000000001100 ) ) ;
#1063 = ORIENTED_EDGE ( 'NONE', *, *, #8297, .F. ) ;
#1064 = FACE_OUTER_BOUND ( 'NONE', #7182, .T. ) ;
#1065 = CIRCLE ( 'NONE', #4676, 0.4500000000000007300 ) ;
#1066 = DIRECTION ( 'NONE',  ( 0.0000000000000000000, 0.0000000000000000000, 1.000000000000000000 ) ) ;
#1067 = CIRCLE ( 'NONE', #10169, 0.4500000000000007300 ) ;
#1068 = CYLINDRICAL_SURFACE ( 'NONE', #10510, 0.6500000000000012400 ) ;
#1069 = PLANE ( 'NONE',  #3199 ) ;
#1070 = FACE_OUTER_BOUND ( 'NONE', #711, .T. ) ;
#1071 = EDGE_LOOP ( 'NONE', ( #10197, #29, #921, #9498 ) ) ;
#1072 = EDGE_CURVE ( 'NONE', #9122, #2985, #7013, .T. ) ;
#1073 = VECTOR ( 'NONE', #1965, 1000.000000000000000 ) ;
#1074 = CARTESIAN_POINT ( 'NONE',  ( 7.950000000000000200, 8.000000000000000000, 17.60000000000000100 ) ) ;
#1075 = ORIENTED_EDGE ( 'NONE', *, *, #7938, .T. ) ;
#1076 = EDGE_LOOP ( 'NONE', ( #6336, #5284, #3217, #6425 ) ) ;
#1077 = EDGE_CURVE ( 'NONE', #8014, #2491, #666, .T. ) ;
#1078 = ADVANCED_FACE ( 'NONE', ( #3579 ), #4952, .T. ) ;
#1079 = FACE_BOUND ( 'NONE', #7745, .T. ) ;
#1080 = LINE ( 'NONE', #2415, #3572 ) ;
#1081 = CARTESIAN_POINT ( 'NONE',  ( 4.194641597934171400, 9.923166996255259800, 5.832500000000111500 ) ) ;
#1082 = LINE ( 'NONE', #5614, #4946 ) ;
#1084 = CARTESIAN_POINT ( 'NONE',  ( 10.00000000000000700, 8.000000000000000000, 20.85000000000000100 ) ) ;
#1083 = CARTESIAN_POINT ( 'NONE',  ( -7.950000000000000200, 8.000000000000000000, 18.70000000000011700 ) ) ;
#1085 = CIRCLE ( 'NONE', #11099, 1.499999999999999600 ) ;
#1086 = ORIENTED_EDGE ( 'NONE', *, *, #3895, .F. ) ;
#1087 = PLANE ( 'NONE',  #11033 ) ;
#1088 = DIRECTION ( 'NONE',  ( -0.9920049496797155300, 0.1261989691358265900, 0.0000000000000000000 ) ) ;
#1089 = VECTOR ( 'NONE', #3390, 1000.000000000000000 ) ;
#1090 = EDGE_CURVE ( 'NONE', #2361, #10334, #7277, .T. ) ;
#1091 = CARTESIAN_POINT ( 'NONE',  ( 10.00000000000000000, 8.000000000000000000, 11.35000000000000100 ) ) ;
#1092 = AXIS2_PLACEMENT_3D ( 'NONE', #2573, #7949, #9862 ) ;
#1093 = CIRCLE ( 'NONE', #5592, 7.674999999999999800 ) ;
#1094 = VERTEX_POINT ( 'NONE', #9505 ) ;
#1095 = SURFACE_STYLE_USAGE ( .BOTH. , #6447 ) ;
#1096 = CARTESIAN_POINT ( 'NONE',  ( 8.309113651749973100, 1.883021205966677800, 4.700000000000001100 ) ) ;
#1097 = LINE ( 'NONE', #9515, #2477 ) ;
#1098 = ORIENTED_EDGE ( 'NONE', *, *, #7705, .T. ) ;
#1099 = ADVANCED_FACE ( 'NONE', ( #4128 ), #944, .T. ) ;
#1100 = CARTESIAN_POINT ( 'NONE',  ( 7.299999999999998900, 8.000000000000000000, 15.80000000000000100 ) ) ;
#1101 = DIRECTION ( 'NONE',  ( -1.000000000000000000, 0.0000000000000000000, 0.0000000000000000000 ) ) ;
#1102 = VERTEX_POINT ( 'NONE', #5971 ) ;
#1103 = CARTESIAN_POINT ( 'NONE',  ( 0.0000000000000000000, 8.000000000000000000, 0.0000000000000000000 ) ) ;
#1104 = CYLINDRICAL_SURFACE ( 'NONE', #9621, 1.499999999999999600 ) ;
#1105 = EDGE_CURVE ( 'NONE', #9824, #5620, #5349, .T. ) ;
#1106 = CARTESIAN_POINT ( 'NONE',  ( -8.350000000000001400, 1.599999999999999900, 17.35000000000000500 ) ) ;
#1107 = VERTEX_POINT ( 'NONE', #6867 ) ;
#1108 = EDGE_CURVE ( 'NONE', #3523, #3897, #8366, .T. ) ;
#1109 = DIRECTION ( 'NONE',  ( 0.0000000000000000000, 1.000000000000000000, 0.0000000000000000000 ) ) ;
#1110 = FACE_OUTER_BOUND ( 'NONE', #6745, .T. ) ;
#1111 = ORIENTED_EDGE ( 'NONE', *, *, #9025, .F. ) ;
#1112 = CARTESIAN_POINT ( 'NONE',  ( -8.309113651749974800, 1.883021205966680200, 4.700000000000002000 ) ) ;
#1113 = DIRECTION ( 'NONE',  ( 1.000000000000000000, 0.0000000000000000000, 0.0000000000000000000 ) ) ;
#1114 = ADVANCED_FACE ( 'NONE', ( #3289 ), #11306, .F. ) ;
#1115 = CARTESIAN_POINT ( 'NONE',  ( -9.999999999999996400, 3.299999999999999800, 3.450000000000000600 ) ) ;
#1116 = ORIENTED_EDGE ( 'NONE', *, *, #10196, .T. ) ;
#1117 = DIRECTION ( 'NONE',  ( 1.000000000000000000, -0.0000000000000000000, -0.0000000000000000000 ) ) ;
#1118 = ORIENTED_EDGE ( 'NONE', *, *, #10165, .F. ) ;
#1119 = LINE ( 'NONE', #1905, #3054 ) ;
#1120 = ORIENTED_EDGE ( 'NONE', *, *, #11282, .F. ) ;
#1122 = CARTESIAN_POINT ( 'NONE',  ( -3.210233636357317200, 8.000000000000000000, 0.0000000000000000000 ) ) ;
#1121 = DIRECTION ( 'NONE',  ( -1.579750383876801700E-015, -0.0000000000000000000, -1.000000000000000000 ) ) ;
#1123 = EDGE_LOOP ( 'NONE', ( #6274, #5949, #645, #11333 ) ) ;
#1124 = EDGE_CURVE ( 'NONE', #2985, #9122, #2177, .T. ) ;
#1125 = DIRECTION ( 'NONE',  ( -0.4265687399014589400, 0.9044551454543676700, 0.0000000000000000000 ) ) ;
#1126 = DIRECTION ( 'NONE',  ( -1.000000000000000000, 0.0000000000000000000, 6.608470384673556900E-016 ) ) ;
#1127 = AXIS2_PLACEMENT_3D ( 'NONE', #4911, #5784, #511 ) ;
#1128 = ORIENTED_EDGE ( 'NONE', *, *, #3788, .F. ) ;
#1129 = VERTEX_POINT ( 'NONE', #6943 ) ;
#1130 = VERTEX_POINT ( 'NONE', #4298 ) ;
#1131 = ADVANCED_FACE ( 'NONE', ( #1622 ), #3366, .T. ) ;
#1132 = CARTESIAN_POINT ( 'NONE',  ( 1.105825268713746200E-015, 8.000000000000000000, 0.05000000000000143200 ) ) ;
#1133 = DIRECTION ( 'NONE',  ( -0.1261989691358260900, -0.9920049496797155300, 0.0000000000000000000 ) ) ;
#1134 = VERTEX_POINT ( 'NONE', #8580 ) ;
#1135 = CARTESIAN_POINT ( 'NONE',  ( 3.171676389805457000, 8.884518554691604600, 17.04414586181074000 ) ) ;
#1136 = EDGE_CURVE ( 'NONE', #6088, #3672, #10022, .T. ) ;
#1137 = LINE ( 'NONE', #9298, #3774 ) ;
#1138 = ORIENTED_EDGE ( 'NONE', *, *, #5611, .F. ) ;
#1139 = EDGE_CURVE ( 'NONE', #713, #1517, #5075, .T. ) ;
#1140 = ORIENTED_EDGE ( 'NONE', *, *, #926, .F. ) ;
#1141 = DIRECTION ( 'NONE',  ( 0.0000000000000000000, 0.0000000000000000000, -1.000000000000000000 ) ) ;
#1142 = CARTESIAN_POINT ( 'NONE',  ( -6.850000000000002300, 12.30000000000000100, 2.200000000000114300 ) ) ;
#1143 = ORIENTED_EDGE ( 'NONE', *, *, #3461, .F. ) ;
#1144 = DIRECTION ( 'NONE',  ( 5.583261179213479200E-016, 0.0000000000000000000, 1.000000000000000000 ) ) ;
#1145 = DIRECTION ( 'NONE',  ( -5.583261179213479200E-016, -0.0000000000000000000, -1.000000000000000000 ) ) ;
#1146 = PLANE ( 'NONE',  #8691 ) ;
#1147 = ORIENTED_EDGE ( 'NONE', *, *, #6940, .F. ) ;
#1148 = FACE_OUTER_BOUND ( 'NONE', #5663, .T. ) ;
#1149 = ORIENTED_EDGE ( 'NONE', *, *, #7314, .F. ) ;
#1150 = CARTESIAN_POINT ( 'NONE',  ( 2.806005623304877800, 9.192570267145338600, 10.10283320606802000 ) ) ;
#1151 = ORIENTED_EDGE ( 'NONE', *, *, #6451, .F. ) ;
#1152 = ADVANCED_FACE ( 'NONE', ( #5630, #7682 ), #2399, .F. ) ;
#1153 = EDGE_CURVE ( 'NONE', #10455, #838, #6999, .T. ) ;
#1155 = CARTESIAN_POINT ( 'NONE',  ( 1.309085912708786400, 10.29025604452769800, 18.70000000000011700 ) ) ;
#1154 = DIRECTION ( 'NONE',  ( -0.0000000000000000000, -0.0000000000000000000, 1.000000000000000000 ) ) ;
#1156 = ORIENTED_EDGE ( 'NONE', *, *, #5924, .T. ) ;
#1157 = CARTESIAN_POINT ( 'NONE',  ( -7.299999999999995400, 0.0000000000000000000, 9.550000000000000700 ) ) ;
#1158 = VERTEX_POINT ( 'NONE', #10532 ) ;
#1159 = CARTESIAN_POINT ( 'NONE',  ( -3.215000000000004700, 7.825000000000000200, -7.899999999999985300 ) ) ;
#1160 = AXIS2_PLACEMENT_3D ( 'NONE', #10454, #8686, #3444 ) ;
#1161 = ORIENTED_EDGE ( 'NONE', *, *, #3909, .F. ) ;
#1162 = CARTESIAN_POINT ( 'NONE',  ( 7.350000000000001400, 1.600000000000000300, 9.949999999999999300 ) ) ;
#1163 = CYLINDRICAL_SURFACE ( 'NONE', #6519, 0.9999999999999978900 ) ;
#1164 = EDGE_LOOP ( 'NONE', ( #6261, #11326, #1480, #11303 ) ) ;
#1165 = VERTEX_POINT ( 'NONE', #76 ) ;
#1166 = DIRECTION ( 'NONE',  ( -0.0000000000000000000, -0.0000000000000000000, -1.000000000000000000 ) ) ;
#1167 = ADVANCED_FACE ( 'NONE', ( #3566 ), #10638, .F. ) ;
#1168 = ORIENTED_EDGE ( 'NONE', *, *, #6245, .T. ) ;
#1169 = DIRECTION ( 'NONE',  ( 5.583261179213479200E-016, 0.0000000000000000000, 1.000000000000000000 ) ) ;
#1170 = VERTEX_POINT ( 'NONE', #1783 ) ;
#1171 = DIRECTION ( 'NONE',  ( 1.000000000000000000, 0.0000000000000000000, 0.0000000000000000000 ) ) ;
#1172 = VERTEX_POINT ( 'NONE', #1818 ) ;
#1173 = CARTESIAN_POINT ( 'NONE',  ( 8.350000000000001400, 3.299999999999999800, 4.950000000000000200 ) ) ;
#1174 = VECTOR ( 'NONE', #4735, 999.9999999999998900 ) ;
#1175 = VECTOR ( 'NONE', #8510, 1000.000000000000000 ) ;
#1176 = EDGE_CURVE ( 'NONE', #7071, #1107, #372, .T. ) ;
#1177 = ORIENTED_EDGE ( 'NONE', *, *, #4585, .F. ) ;
#1178 = CARTESIAN_POINT ( 'NONE',  ( -9.999999999999996400, 8.000000000000000000, 17.60000000000000100 ) ) ;
#1179 = DIRECTION ( 'NONE',  ( 0.0000000000000000000, -0.0000000000000000000, -1.000000000000000000 ) ) ;
#1180 = UNCERTAINTY_MEASURE_WITH_UNIT (LENGTH_MEASURE( 1.000000000000000100E-005 ), #2221, 'distance_accuracy_value', 'NONE');
#1181 = AXIS2_PLACEMENT_3D ( 'NONE', #1921, #7988, #8831 ) ;
#1182 = CARTESIAN_POINT ( 'NONE',  ( -8.374891768820194600E-016, 7.825000000000000200, -1.499999999999996200 ) ) ;
#1183 = VECTOR ( 'NONE', #10373, 1000.000000000000000 ) ;
#1184 = VERTEX_POINT ( 'NONE', #6204 ) ;
#1185 = DIRECTION ( 'NONE',  ( 0.0000000000000000000, 1.000000000000000000, 0.0000000000000000000 ) ) ;
#1186 = EDGE_LOOP ( 'NONE', ( #10172, #6606, #10944, #5454 ) ) ;
#1187 = LINE ( 'NONE', #11340, #4777 ) ;
#1188 = FACE_OUTER_BOUND ( 'NONE', #6512, .T. ) ;
#1189 = DIRECTION ( 'NONE',  ( 1.000000000000000000, -0.0000000000000000000, -0.0000000000000000000 ) ) ;
#1190 = DIRECTION ( 'NONE',  ( -1.000000000000000000, 0.0000000000000000000, 0.0000000000000000000 ) ) ;
#1191 = VECTOR ( 'NONE', #3206, 1000.000000000000000 ) ;
#1192 = ADVANCED_FACE ( 'NONE', ( #4117 ), #10681, .F. ) ;
#1193 = CARTESIAN_POINT ( 'NONE',  ( -8.350000000000001400, -1.843908891458577100, 11.35000000000011300 ) ) ;
#1194 = EDGE_CURVE ( 'NONE', #8655, #4315, #9863, .T. ) ;
#1195 = CARTESIAN_POINT ( 'NONE',  ( 0.0000000000000000000, 8.000000000000000000, 2.100000000000000100 ) ) ;
#1196 = AXIS2_PLACEMENT_3D ( 'NONE', #2960, #6530, #6605 ) ;
#1197 = EDGE_CURVE ( 'NONE', #9337, #144, #5481, .T. ) ;
#1198 = VECTOR ( 'NONE', #8869, 1000.000000000000000 ) ;
#1199 = FACE_OUTER_BOUND ( 'NONE', #8675, .T. ) ;
#1200 = ORIENTED_EDGE ( 'NONE', *, *, #1, .F. ) ;
#1201 = VERTEX_POINT ( 'NONE', #39 ) ;
#1202 = CONICAL_SURFACE ( 'NONE', #6588, 7.874999999999992900, 0.7853981633974396200 ) ;
#1204 = PLANE ( 'NONE',  #1319 ) ;
#1203 = DIRECTION ( 'NONE',  ( -1.000000000000000000, 0.0000000000000000000, 0.0000000000000000000 ) ) ;
#1205 = LINE ( 'NONE', #4877, #6161 ) ;
#1206 = CARTESIAN_POINT ( 'NONE',  ( 5.490138676584933800, 5.339747286029612500, -7.922534543251201100 ) ) ;
#1207 = CARTESIAN_POINT ( 'NONE',  ( -4.053879558652648800, 10.97251142461965900, 18.70000000000011700 ) ) ;
#1208 = CYLINDRICAL_SURFACE ( 'NONE', #738, 3.214999999999999900 ) ;
#1209 = CARTESIAN_POINT ( 'NONE',  ( -2.610512356868663500, 10.78889192452703600, 12.50000000000000000 ) ) ;
#1210 = VERTEX_POINT ( 'NONE', #897 ) ;
#1211 = VECTOR ( 'NONE', #2788, 1000.000000000000000 ) ;
#1212 = DIRECTION ( 'NONE',  ( -0.0000000000000000000, 1.000000000000000000, -0.0000000000000000000 ) ) ;
#1213 = ORIENTED_EDGE ( 'NONE', *, *, #2167, .T. ) ;
#1214 = FACE_OUTER_BOUND ( 'NONE', #7940, .T. ) ;
#1215 = EDGE_CURVE ( 'NONE', #1647, #1987, #8768, .T. ) ;
#1216 = FACE_OUTER_BOUND ( 'NONE', #5438, .T. ) ;
#1217 = VECTOR ( 'NONE', #1780, 1000.000000000000000 ) ;
#1218 = CARTESIAN_POINT ( 'NONE',  ( -9.999999999999996400, 3.299999999999999800, 11.20000000000000100 ) ) ;
#1219 = DIRECTION ( 'NONE',  ( -1.000000000000000000, 0.0000000000000000000, 0.0000000000000000000 ) ) ;
#1220 = LINE ( 'NONE', #1671, #6436 ) ;
#1221 = CARTESIAN_POINT ( 'NONE',  ( -7.874999999999992900, 7.825000000000002000, -1.399999999999991500 ) ) ;
#1222 = ADVANCED_FACE ( 'NONE', ( #1757 ), #8808, .F. ) ;
#1223 = DIRECTION ( 'NONE',  ( -0.0000000000000000000, -0.0000000000000000000, -1.000000000000000000 ) ) ;
#1224 = VECTOR ( 'NONE', #5177, 1000.000000000000000 ) ;
#1225 = ORIENTED_EDGE ( 'NONE', *, *, #4193, .F. ) ;
#1226 = DIRECTION ( 'NONE',  ( 0.0000000000000000000, -1.000000000000000000, 0.0000000000000000000 ) ) ;
#1227 = LINE ( 'NONE', #300, #5905 ) ;
#1228 = PLANE ( 'NONE',  #2052 ) ;
#1229 = CARTESIAN_POINT ( 'NONE',  ( 8.350000000000068900, 8.000000000000000000, 12.45000000000000100 ) ) ;
#1230 = CARTESIAN_POINT ( 'NONE',  ( -9.999999999999991100, 8.000000000000000000, 20.85000000000000100 ) ) ;
#1231 = VERTEX_POINT ( 'NONE', #5361 ) ;
#1232 = DIRECTION ( 'NONE',  ( 1.000000000000000000, 0.0000000000000000000, -0.0000000000000000000 ) ) ;
#1233 = ADVANCED_FACE ( 'NONE', ( #10545, #934 ), #6243, .F. ) ;
#1234 = CARTESIAN_POINT ( 'NONE',  ( 6.946575993125049900, 9.169852928574661300, 12.15000000000011600 ) ) ;
#1235 = EDGE_CURVE ( 'NONE', #4773, #2394, #4656, .T. ) ;
#1236 = LINE ( 'NONE', #9808, #1778 ) ;
#1237 = ORIENTED_EDGE ( 'NONE', *, *, #6816, .T. ) ;
#1238 = EDGE_CURVE ( 'NONE', #8922, #5178, #8368, .T. ) ;
#1239 = DIRECTION ( 'NONE',  ( 0.0000000000000000000, 1.000000000000000000, 0.0000000000000000000 ) ) ;
#1240 = VECTOR ( 'NONE', #8878, 1000.000000000000000 ) ;
#1242 = DIRECTION ( 'NONE',  ( 0.7014534268891475800, -0.08923614685469501200, -0.7071067811865465700 ) ) ;
#1241 = CARTESIAN_POINT ( 'NONE',  ( -7.299999999999995400, 8.000000000000000000, 11.35000000000000100 ) ) ;
#1243 = CARTESIAN_POINT ( 'NONE',  ( 0.0000000000000000000, 8.000000000000000000, 2.100000000000000100 ) ) ;
#1244 = EDGE_LOOP ( 'NONE', ( #3268, #8120, #499, #1668, #7337 ) ) ;
#1245 = CARTESIAN_POINT ( 'NONE',  ( 1.105825268713746200E-015, 7.825000000000000200, -6.399999999999999500 ) ) ;
#1246 = CARTESIAN_POINT ( 'NONE',  ( 7.673004626611401600, 8.000000000000000000, 18.75000000000000000 ) ) ;
#1247 = ORIENTED_EDGE ( 'NONE', *, *, #326, .T. ) ;
#1248 = DIRECTION ( 'NONE',  ( 3.932215363220970900E-017, -5.002409770422698900E-018, -1.000000000000000000 ) ) ;
#1249 = VECTOR ( 'NONE', #3176, 1000.000000000000000 ) ;
#1250 = ORIENTED_EDGE ( 'NONE', *, *, #574, .F. ) ;
#1251 = EDGE_CURVE ( 'NONE', #8046, #3767, #10817, .T. ) ;
#1252 = AXIS2_PLACEMENT_3D ( 'NONE', #3072, #8286, #6492 ) ;
#1253 = EDGE_LOOP ( 'NONE', ( #8735, #6067, #10246, #6911 ) ) ;
#1254 = AXIS2_PLACEMENT_3D ( 'NONE', #2451, #8590, #6835 ) ;
#1255 = VERTEX_POINT ( 'NONE', #10569 ) ;
#1256 = CARTESIAN_POINT ( 'NONE',  ( 1.309085912708786400, 10.29025604452769800, 12.45000000000011300 ) ) ;
#1257 = EDGE_LOOP ( 'NONE', ( #2286, #999, #7483, #6244 ) ) ;
#1258 = CARTESIAN_POINT ( 'NONE',  ( -7.950000000000000200, 0.4000000000000001900, 15.80000000000011600 ) ) ;
#1259 = DIRECTION ( 'NONE',  ( -1.000000000000000000, 0.0000000000000000000, 0.0000000000000000000 ) ) ;
#1260 = CARTESIAN_POINT ( 'NONE',  ( -4.832135734971188900, 11.53794763439791800, 8.450000000000113000 ) ) ;
#1261 = CIRCLE ( 'NONE', #4347, 0.6500000000000012400 ) ;
#1262 = VERTEX_POINT ( 'NONE', #941 ) ;
#1263 = CARTESIAN_POINT ( 'NONE',  ( -3.927680589516822100, 11.96451637429937500, 2.200000000000114300 ) ) ;
#1264 = DIRECTION ( 'NONE',  ( -0.0000000000000000000, -0.0000000000000000000, -1.000000000000000000 ) ) ;
#1265 = EDGE_CURVE ( 'NONE', #1028, #6301, #6023, .T. ) ;
#1266 = ORIENTED_EDGE ( 'NONE', *, *, #11112, .T. ) ;
#1267 = AXIS2_PLACEMENT_3D ( 'NONE', #4359, #7042, #1763 ) ;
#1268 = CARTESIAN_POINT ( 'NONE',  ( -5.855099340000199600, 12.76922561389160500, 2.200000000000114300 ) ) ;
#1269 = VECTOR ( 'NONE', #1558, 1000.000000000000000 ) ;
#1270 = VERTEX_POINT ( 'NONE', #8844 ) ;
#1271 = ORIENTED_EDGE ( 'NONE', *, *, #9501, .F. ) ;
#1272 = DIRECTION ( 'NONE',  ( 0.4656145203251128600, -0.8849876374630411000, 2.273603650596014100E-017 ) ) ;
#1273 = CARTESIAN_POINT ( 'NONE',  ( 0.0000000000000000000, 7.825000000000000200, 18.75000000000000000 ) ) ;
#1274 = ADVANCED_FACE ( 'NONE', ( #8216, #1478 ), #2002, .F. ) ;
#1275 = ORIENTED_EDGE ( 'NONE', *, *, #11400, .F. ) ;
#1276 = CARTESIAN_POINT ( 'NONE',  ( 7.299999999999998900, 8.000000000000000000, 17.60000000000000100 ) ) ;
#1277 = CARTESIAN_POINT ( 'NONE',  ( 5.950000000000002000, 8.400000000000000400, 4.199999999999989500 ) ) ;
#1278 = VECTOR ( 'NONE', #2736, 999.9999999999998900 ) ;
#1279 = EDGE_CURVE ( 'NONE', #2122, #1026, #6164, .T. ) ;
#1280 = ORIENTED_EDGE ( 'NONE', *, *, #2065, .F. ) ;
#1281 = VERTEX_POINT ( 'NONE', #10836 ) ;
#1282 = CARTESIAN_POINT ( 'NONE',  ( 7.950000000000000200, -1.843908891458577100, 11.35000000000000100 ) ) ;
#1283 = ORIENTED_EDGE ( 'NONE', *, *, #2927, .T. ) ;
#1284 = DIRECTION ( 'NONE',  ( -0.9920049496797153100, 0.1261989691358270700, 0.0000000000000000000 ) ) ;
#1285 = ADVANCED_FACE ( 'NONE', ( #8081 ), #10006, .T. ) ;
#1286 = CARTESIAN_POINT ( 'NONE',  ( -9.999999999999991100, 0.0000000000000000000, 20.85000000000000100 ) ) ;
#1287 = FACE_BOUND ( 'NONE', #3782, .T. ) ;
#1288 = ORIENTED_EDGE ( 'NONE', *, *, #1881, .T. ) ;
#1289 = DIRECTION ( 'NONE',  ( 0.0000000000000000000, -1.000000000000000000, -0.0000000000000000000 ) ) ;
#1290 = ORIENTED_EDGE ( 'NONE', *, *, #4931, .T. ) ;
#1291 = DIRECTION ( 'NONE',  ( 0.0000000000000000000, 0.0000000000000000000, 1.000000000000000000 ) ) ;
#1292 = DIRECTION ( 'NONE',  ( 1.000000000000000000, 0.0000000000000000000, 0.0000000000000000000 ) ) ;
#1293 = CARTESIAN_POINT ( 'NONE',  ( -4.832135734971188900, 11.53794763439791800, 12.45000000000011300 ) ) ;
#1294 = EDGE_CURVE ( 'NONE', #10914, #1561, #3150, .T. ) ;
#1295 = ORIENTED_EDGE ( 'NONE', *, *, #3461, .T. ) ;
#1296 = DIRECTION ( 'NONE',  ( -5.583261179213479200E-016, -0.0000000000000000000, -1.000000000000000000 ) ) ;
#1297 = EDGE_CURVE ( 'NONE', #3960, #9840, #3422, .T. ) ;
#1298 = DIRECTION ( 'NONE',  ( -1.000000000000000000, 0.0000000000000000000, 0.0000000000000000000 ) ) ;
#1299 = VERTEX_POINT ( 'NONE', #7321 ) ;
#1300 = LINE ( 'NONE', #9421, #329 ) ;
#1301 = VERTEX_POINT ( 'NONE', #7168 ) ;
#1302 = ORIENTED_EDGE ( 'NONE', *, *, #3922, .T. ) ;
#1303 = CARTESIAN_POINT ( 'NONE',  ( 8.350000000000067100, 8.400000000000000400, 8.450000000000001100 ) ) ;
#1304 = CARTESIAN_POINT ( 'NONE',  ( 7.299999999999998900, 8.000000000000000000, 11.35000000000000100 ) ) ;
#1305 = CARTESIAN_POINT ( 'NONE',  ( -9.999999999999996400, -3.349999999999998800, 4.200000000000116500 ) ) ;
#1306 = CARTESIAN_POINT ( 'NONE',  ( 7.950000000000000200, 1.600000000000000100, 3.450000000000000600 ) ) ;
#1307 = DIRECTION ( 'NONE',  ( 0.9920049496797154200, -0.1261989691358267300, -0.0000000000000000000 ) ) ;
#1308 = ORIENTED_EDGE ( 'NONE', *, *, #10145, .T. ) ;
#1309 = DIRECTION ( 'NONE',  ( 0.8849876374630411000, 0.4656145203251128600, 0.0000000000000000000 ) ) ;
#1310 = DIRECTION ( 'NONE',  ( 0.4265687399014589400, -0.9044551454543676700, -0.0000000000000000000 ) ) ;
#1311 = ORIENTED_EDGE ( 'NONE', *, *, #5506, .T. ) ;
#1312 = LINE ( 'NONE', #7526, #5979 ) ;
#1313 = VECTOR ( 'NONE', #7742, 1000.000000000000000 ) ;
#1314 = VERTEX_POINT ( 'NONE', #8033 ) ;
#1315 = EDGE_CURVE ( 'NONE', #185, #9236, #10418, .T. ) ;
#1316 = CARTESIAN_POINT ( 'NONE',  ( 4.496595934704384200, 8.000000000000032000, 0.05000000000000143200 ) ) ;
#1317 = EDGE_CURVE ( 'NONE', #1130, #1766, #2309, .T. ) ;
#1318 = CARTESIAN_POINT ( 'NONE',  ( 6.653411090263341900, 7.354594209563886800, -7.520496821607321400 ) ) ;
#1319 = AXIS2_PLACEMENT_3D ( 'NONE', #1352, #3056, #8229 ) ;
#1320 = DIRECTION ( 'NONE',  ( -4.034240641806528900E-016, -1.000000000000000000, -0.0000000000000000000 ) ) ;
#1321 = VERTEX_POINT ( 'NONE', #154 ) ;
#1322 = CIRCLE ( 'NONE', #10666, 4.500000000000000000 ) ;
#1323 = LINE ( 'NONE', #9356, #8049 ) ;
#1324 = FACE_OUTER_BOUND ( 'NONE', #6172, .T. ) ;
#1325 = CARTESIAN_POINT ( 'NONE',  ( 5.950000000000165400, 8.400000000000000400, 10.64999999999998800 ) ) ;
#1326 = DIRECTION ( 'NONE',  ( -0.0000000000000000000, -0.0000000000000000000, 1.000000000000000000 ) ) ;
#1327 = PLANE ( 'NONE',  #1772 ) ;
#1328 = EDGE_CURVE ( 'NONE', #1391, #9640, #9720, .T. ) ;
#1329 = ADVANCED_FACE ( 'NONE', ( #7939 ), #3680, .F. ) ;
#1330 = CARTESIAN_POINT ( 'NONE',  ( -5.402871767273012400, 12.98250998384233400, 4.476393202250133800 ) ) ;
#1331 = VERTEX_POINT ( 'NONE', #1159 ) ;
#1332 = CARTESIAN_POINT ( 'NONE',  ( 7.950000000000000200, 3.299999999999956300, 11.19999999999999800 ) ) ;
#1333 = ORIENTED_EDGE ( 'NONE', *, *, #4095, .F. ) ;
#1334 = AXIS2_PLACEMENT_3D ( 'NONE', #6285, #1906, #1975 ) ;
#1335 = LINE ( 'NONE', #1195, #10947 ) ;
#1336 = CARTESIAN_POINT ( 'NONE',  ( -5.402871767273012400, 12.98250998384233400, 16.20000000000011300 ) ) ;
#1337 = LINE ( 'NONE', #8347, #11081 ) ;
#1338 = EDGE_LOOP ( 'NONE', ( #352, #4203, #10463, #7062 ) ) ;
#1339 = LINE ( 'NONE', #8534, #2163 ) ;
#1340 = CARTESIAN_POINT ( 'NONE',  ( -8.374891768820194600E-016, 7.825000000000000200, -1.499999999999996200 ) ) ;
#1341 = ADVANCED_FACE ( 'NONE', ( #5759 ), #2907, .F. ) ;
#1342 = VERTEX_POINT ( 'NONE', #1895 ) ;
#1343 = CARTESIAN_POINT ( 'NONE',  ( -4.816425578598542100, 11.57506703724288300, 3.726871373291901900 ) ) ;
#1344 = CIRCLE ( 'NONE', #11119, 0.2999999999999999300 ) ;
#1345 = VECTOR ( 'NONE', #4475, 1000.000000000000000 ) ;
#1346 = DIRECTION ( 'NONE',  ( 1.000000000000000000, 0.0000000000000000000, -0.0000000000000000000 ) ) ;
#1347 = LINE ( 'NONE', #5923, #3013 ) ;
#1348 = FACE_OUTER_BOUND ( 'NONE', #11184, .T. ) ;
#1349 = EDGE_CURVE ( 'NONE', #2541, #10554, #7669, .T. ) ;
#1350 = VECTOR ( 'NONE', #2219, 1000.000000000000100 ) ;
#1351 = ORIENTED_EDGE ( 'NONE', *, *, #9124, .T. ) ;
#1352 = CARTESIAN_POINT ( 'NONE',  ( -9.999999999999996400, 8.000000000000000000, 0.0000000000000000000 ) ) ;
#1353 = VECTOR ( 'NONE', #3575, 1000.000000000000100 ) ;
#1354 = VERTEX_POINT ( 'NONE', #9879 ) ;
#1355 = EDGE_LOOP ( 'NONE', ( #2973, #10535, #205, #8113 ) ) ;
#1356 = DIRECTION ( 'NONE',  ( -5.583261179213479200E-016, -0.0000000000000000000, -1.000000000000000000 ) ) ;
#1357 = DIRECTION ( 'NONE',  ( 0.0000000000000000000, 0.0000000000000000000, -1.000000000000000000 ) ) ;
#1358 = DIRECTION ( 'NONE',  ( 0.0000000000000000000, -1.000000000000000000, 0.0000000000000000000 ) ) ;
#1359 = FACE_OUTER_BOUND ( 'NONE', #582, .T. ) ;
#1360 = VECTOR ( 'NONE', #9903, 1000.000000000000000 ) ;
#1361 = VECTOR ( 'NONE', #260, 1000.000000000000000 ) ;
#1362 = DIRECTION ( 'NONE',  ( -0.1261989691358260700, -0.9920049496797154200, 0.0000000000000000000 ) ) ;
#1363 = EDGE_CURVE ( 'NONE', #5651, #1342, #5616, .T. ) ;
#1364 = PRESENTATION_STYLE_ASSIGNMENT (( #10852 ) ) ;
#1365 = ORIENTED_EDGE ( 'NONE', *, *, #4160, .F. ) ;
#1366 = AXIS2_PLACEMENT_3D ( 'NONE', #9242, #5826, #10969 ) ;
#1367 = CARTESIAN_POINT ( 'NONE',  ( -7.950000000000000200, 1.599999999999999900, 4.850000000000003200 ) ) ;
#1368 = LINE ( 'NONE', #11205, #1089 ) ;
#1369 = DIRECTION ( 'NONE',  ( 0.0000000000000000000, 0.0000000000000000000, -1.000000000000000000 ) ) ;
#1370 = CARTESIAN_POINT ( 'NONE',  ( -2.610512356868663500, 10.78889192452703600, 15.06750000000011300 ) ) ;
#1371 = FACE_OUTER_BOUND ( 'NONE', #8865, .T. ) ;
#1372 = ORIENTED_EDGE ( 'NONE', *, *, #9216, .F. ) ;
#1373 = VECTOR ( 'NONE', #3947, 1000.000000000000000 ) ;
#1374 = ORIENTED_EDGE ( 'NONE', *, *, #1235, .T. ) ;
#1375 = DIRECTION ( 'NONE',  ( 0.0000000000000000000, 0.0000000000000000000, -1.000000000000000000 ) ) ;
#1376 = DIRECTION ( 'NONE',  ( 0.0000000000000000000, 1.000000000000000000, 0.0000000000000000000 ) ) ;
#1377 = EDGE_CURVE ( 'NONE', #3198, #185, #11375, .T. ) ;
#1378 = CARTESIAN_POINT ( 'NONE',  ( -8.350000000000001400, 3.299999999999999800, 11.20000000000000100 ) ) ;
#1379 = EDGE_CURVE ( 'NONE', #5448, #3719, #7403, .T. ) ;
#1380 = ORIENTED_EDGE ( 'NONE', *, *, #9668, .F. ) ;
#1381 = PLANE ( 'NONE',  #7550 ) ;
#1382 = VERTEX_POINT ( 'NONE', #3837 ) ;
#1383 = ADVANCED_FACE ( 'NONE', ( #10148 ), #2866, .T. ) ;
#1384 = FACE_OUTER_BOUND ( 'NONE', #855, .T. ) ;
#1385 = ORIENTED_EDGE ( 'NONE', *, *, #6838, .T. ) ;
#1386 = CARTESIAN_POINT ( 'NONE',  ( -8.350000000000001400, -1.843908891458577100, 3.300000000000114400 ) ) ;
#1387 = DIRECTION ( 'NONE',  ( -1.000000000000000000, 0.0000000000000000000, 5.507058653894629800E-016 ) ) ;
#1388 = DIRECTION ( 'NONE',  ( 0.0000000000000000000, 0.0000000000000000000, -1.000000000000000000 ) ) ;
#1389 = CARTESIAN_POINT ( 'NONE',  ( 7.950000000000000200, 1.599999999999956600, 11.10000000000011700 ) ) ;
#1390 = CARTESIAN_POINT ( 'NONE',  ( -9.999999999999996400, 1.599999999999912600, 16.19999999999999900 ) ) ;
#1391 = VERTEX_POINT ( 'NONE', #430 ) ;
#1392 = VERTEX_POINT ( 'NONE', #1246 ) ;
#1393 = EDGE_CURVE ( 'NONE', #4976, #3829, #5216, .T. ) ;
#1394 = ORIENTED_EDGE ( 'NONE', *, *, #785, .T. ) ;
#1395 = ORIENTED_EDGE ( 'NONE', *, *, #8689, .T. ) ;
#1396 = STYLED_ITEM ( 'NONE', ( #1761 ), #9898 ) ;
#1397 = DIRECTION ( 'NONE',  ( -1.000000000000000000, 0.0000000000000000000, 0.0000000000000000000 ) ) ;
#1398 = ORIENTED_EDGE ( 'NONE', *, *, #8397, .F. ) ;
#1399 = DIRECTION ( 'NONE',  ( 0.0000000000000000000, -1.000000000000000000, 0.0000000000000000000 ) ) ;
#1400 = CARTESIAN_POINT ( 'NONE',  ( -6.850000000000002300, 12.30000000000000100, 3.923606797750093000 ) ) ;
#1401 = VERTEX_POINT ( 'NONE', #4905 ) ;
#1402 = VECTOR ( 'NONE', #8217, 1000.000000000000000 ) ;
#1403 = ORIENTED_EDGE ( 'NONE', *, *, #10845, .F. ) ;
#1404 = DIRECTION ( 'NONE',  ( 1.000000000000000000, 0.0000000000000000000, 0.0000000000000000000 ) ) ;
#1405 = ORIENTED_EDGE ( 'NONE', *, *, #4440, .T. ) ;
#1406 = EDGE_CURVE ( 'NONE', #7797, #5263, #237, .T. ) ;
#1407 = CARTESIAN_POINT ( 'NONE',  ( -9.999999999999996400, 8.000000000000000000, 5.100000000000000500 ) ) ;
#1408 = EDGE_CURVE ( 'NONE', #2816, #9417, #5337, .T. ) ;
#1409 = VERTEX_POINT ( 'NONE', #6478 ) ;
#1410 = DIRECTION ( 'NONE',  ( 0.9920049496797154200, -0.1261989691358267300, -0.0000000000000000000 ) ) ;
#1411 = CARTESIAN_POINT ( 'NONE',  ( -4.578274166955040500E-015, 7.825000000000000200, -8.199999999999992200 ) ) ;
#1412 = FACE_OUTER_BOUND ( 'NONE', #5586, .T. ) ;
#1413 = ORIENTED_EDGE ( 'NONE', *, *, #3820, .T. ) ;
#1414 = ORIENTED_EDGE ( 'NONE', *, *, #6602, .F. ) ;
#1415 = ORIENTED_EDGE ( 'NONE', *, *, #2271, .T. ) ;
#1416 = CARTESIAN_POINT ( 'NONE',  ( -5.674208310909324200, 12.85453936187189900, 16.97639320225013300 ) ) ;
#1417 = EDGE_CURVE ( 'NONE', #9107, #9846, #7544, .T. ) ;
#1418 = CARTESIAN_POINT ( 'NONE',  ( -9.999999999999996400, 1.600000000000000100, 9.950000000000001100 ) ) ;
#1419 = EDGE_LOOP ( 'NONE', ( #10680, #6966, #474, #4087, #3508, #935 ) ) ;
#1420 = AXIS2_PLACEMENT_3D ( 'NONE', #2174, #7370, #8327 ) ;
#1421 = VECTOR ( 'NONE', #9651, 1000.000000000000000 ) ;
#1422 = VERTEX_POINT ( 'NONE', #8352 ) ;
#1423 = ORIENTED_EDGE ( 'NONE', *, *, #5474, .T. ) ;
#1424 = CARTESIAN_POINT ( 'NONE',  ( -1.880187805439772300, 9.527196853685959300, 10.79414586181074000 ) ) ;
#1425 = ORIENTED_EDGE ( 'NONE', *, *, #4613, .T. ) ;
#1426 = DIRECTION ( 'NONE',  ( -5.583261179213479200E-016, 0.0000000000000000000, -1.000000000000000000 ) ) ;
#1427 = VERTEX_POINT ( 'NONE', #4753 ) ;
#1428 = VERTEX_POINT ( 'NONE', #2236 ) ;
#1429 = DIRECTION ( 'NONE',  ( -0.0000000000000000000, -0.0000000000000000000, 1.000000000000000000 ) ) ;
#1430 = FACE_OUTER_BOUND ( 'NONE', #3316, .T. ) ;
#1431 = ORIENTED_EDGE ( 'NONE', *, *, #9603, .F. ) ;
#1432 = ADVANCED_FACE ( 'NONE', ( #2030 ), #10909, .T. ) ;
#1433 = PLANE ( 'NONE',  #10266 ) ;
#1434 = CARTESIAN_POINT ( 'NONE',  ( 8.349999999999999600, 1.600000000000000500, 4.700000000000002000 ) ) ;
#1435 = ORIENTED_EDGE ( 'NONE', *, *, #9995, .T. ) ;
#1436 = DIRECTION ( 'NONE',  ( -5.583261179213479200E-016, -0.0000000000000000000, -1.000000000000000000 ) ) ;
#1437 = EDGE_CURVE ( 'NONE', #7096, #4669, #11097, .T. ) ;
#1438 = CARTESIAN_POINT ( 'NONE',  ( -5.674208310909323300, 12.85453936187189500, 16.42360679775009700 ) ) ;
#1439 = AXIS2_PLACEMENT_3D ( 'NONE', #3677, #270, #3789 ) ;
#1440 = ORIENTED_EDGE ( 'NONE', *, *, #4237, .F. ) ;
#1441 = AXIS2_PLACEMENT_3D ( 'NONE', #4436, #10558, #8022 ) ;
#1442 = VERTEX_POINT ( 'NONE', #7353 ) ;
#1443 = PLANE ( 'NONE',  #2292 ) ;
#1444 =( BOUNDED_CURVE ( )  B_SPLINE_CURVE ( 3, ( #4579, #3745, #4612, #6334 ),
 .UNSPECIFIED., .F., .F. ) 
 B_SPLINE_CURVE_WITH_KNOTS ( ( 4, 4 ),
 ( 1.570796326794895400, 2.011491962923467100 ),
 .UNSPECIFIED. ) 
 CURVE ( )  GEOMETRIC_REPRESENTATION_ITEM ( )  RATIONAL_B_SPLINE_CURVE ( ( 1.000000000000000000, 0.9838809907308638800, 0.9838809907308638800, 1.000000000000000000 ) ) 
 REPRESENTATION_ITEM ( '' )  );
#1445 = VECTOR ( 'NONE', #2568, 1000.000000000000000 ) ;
#1446 = FACE_OUTER_BOUND ( 'NONE', #9280, .T. ) ;
#1447 = ORIENTED_EDGE ( 'NONE', *, *, #166, .F. ) ;
#1448 = CARTESIAN_POINT ( 'NONE',  ( 3.127905760076065700E-014, 7.825000000000000200, 14.60000000000000000 ) ) ;
#1449 = PLANE ( 'NONE',  #7807 ) ;
#1450 = CARTESIAN_POINT ( 'NONE',  ( -9.999999999999996400, 8.000000000000000000, 0.0000000000000000000 ) ) ;
#1451 = LINE ( 'NONE', #2534, #6406 ) ;
#1452 = CARTESIAN_POINT ( 'NONE',  ( -9.999999999999996400, -3.350000000000042700, 10.45000000000011500 ) ) ;
#1453 = VERTEX_POINT ( 'NONE', #10951 ) ;
#1454 = EDGE_LOOP ( 'NONE', ( #2945, #3993, #5384, #7486 ) ) ;
#1455 = FACE_OUTER_BOUND ( 'NONE', #11156, .T. ) ;
#1456 = LINE ( 'NONE', #6841, #912 ) ;
#1457 = EDGE_CURVE ( 'NONE', #2908, #9197, #9314, .T. ) ;
#1458 = PLANE ( 'NONE',  #6236 ) ;
#1459 =( NAMED_UNIT ( * ) SI_UNIT ( $, .STERADIAN. ) SOLID_ANGLE_UNIT ( ) );
#1460 = AXIS2_PLACEMENT_3D ( 'NONE', #8557, #4273, #9477 ) ;
#1461 = CARTESIAN_POINT ( 'NONE',  ( -8.350000000000001400, 3.299999999999999800, 3.450000000000000600 ) ) ;
#1462 = VERTEX_POINT ( 'NONE', #1207 ) ;
#1463 = VECTOR ( 'NONE', #3353, 1000.000000000000000 ) ;
#1464 = LINE ( 'NONE', #4679, #6277 ) ;
#1465 = VERTEX_POINT ( 'NONE', #4869 ) ;
#1466 = CARTESIAN_POINT ( 'NONE',  ( 7.950000000000000200, 9.360147050873548500, 16.05000000000011400 ) ) ;
#1467 = EDGE_LOOP ( 'NONE', ( #4296, #2257, #5258, #3653 ) ) ;
#1468 = FACE_OUTER_BOUND ( 'NONE', #3075, .T. ) ;
#1469 = VECTOR ( 'NONE', #459, 999.9999999999998900 ) ;
#1470 = LINE ( 'NONE', #2015, #5883 ) ;
#1471 = EDGE_CURVE ( 'NONE', #2699, #8797, #7531, .T. ) ;
#1472 = FACE_OUTER_BOUND ( 'NONE', #9756, .T. ) ;
#1473 = CARTESIAN_POINT ( 'NONE',  ( 4.999999999999997300, 0.0000000000000000000, 1.949999999999993500 ) ) ;
#1474 = EDGE_CURVE ( 'NONE', #6135, #3334, #9447, .T. ) ;
#1475 = ORIENTED_EDGE ( 'NONE', *, *, #10128, .F. ) ;
#1476 = DIRECTION ( 'NONE',  ( -0.0000000000000000000, -1.000000000000000000, -0.0000000000000000000 ) ) ;
#1477 = AXIS2_PLACEMENT_3D ( 'NONE', #262, #9019, #6338 ) ;
#1478 = FACE_OUTER_BOUND ( 'NONE', #8369, .T. ) ;
#1479 = DIRECTION ( 'NONE',  ( 0.7402181274868354600, -0.6723668074346643700, 0.0000000000000000000 ) ) ;
#1480 = ORIENTED_EDGE ( 'NONE', *, *, #9809, .F. ) ;
#1481 = LINE ( 'NONE', #3862, #5891 ) ;
#1482 = LINE ( 'NONE', #8928, #3282 ) ;
#1483 = CARTESIAN_POINT ( 'NONE',  ( -7.299999999999995400, 8.000000000000000000, 9.550000000000000700 ) ) ;
#1484 = LINE ( 'NONE', #11251, #10673 ) ;
#1485 = FACE_OUTER_BOUND ( 'NONE', #5658, .T. ) ;
#1486 = VECTOR ( 'NONE', #11123, 1000.000000000000000 ) ;
#1487 = DIRECTION ( 'NONE',  ( -0.0000000000000000000, -0.0000000000000000000, 1.000000000000000000 ) ) ;
#1488 = CARTESIAN_POINT ( 'NONE',  ( -2.860270609150313600, 10.41744139280553200, 8.450000000000114800 ) ) ;
#1489 = DIRECTION ( 'NONE',  ( -0.1033761435547758700, -0.8126028824749383900, -0.5735764363510447200 ) ) ;
#1490 = VECTOR ( 'NONE', #2212, 1000.000000000000000 ) ;
#1491 = DIRECTION ( 'NONE',  ( -0.0000000000000000000, -0.0000000000000000000, 1.000000000000000000 ) ) ;
#1492 = ORIENTED_EDGE ( 'NONE', *, *, #3687, .F. ) ;
#1493 = EDGE_CURVE ( 'NONE', #363, #1392, #2295, .T. ) ;
#1494 = AXIS2_PLACEMENT_3D ( 'NONE', #7525, #445, #485 ) ;
#1495 = VECTOR ( 'NONE', #2459, 1000.000000000000000 ) ;
#1496 = ADVANCED_FACE ( 'NONE', ( #2852 ), #8274, .T. ) ;
#1498 = PLANE ( 'NONE',  #2871 ) ;
#1497 = CARTESIAN_POINT ( 'NONE',  ( -8.350000000000001400, -1.843908891458577100, 9.550000000000114400 ) ) ;
#1499 = PLANE ( 'NONE',  #5461 ) ;
#1500 = CIRCLE ( 'NONE', #1252, 7.674999999999998000 ) ;
#1501 = ORIENTED_EDGE ( 'NONE', *, *, #9188, .F. ) ;
#1502 = VERTEX_POINT ( 'NONE', #9193 ) ;
#1503 = FACE_OUTER_BOUND ( 'NONE', #2617, .T. ) ;
#1504 = PLANE ( 'NONE',  #6655 ) ;
#1505 = EDGE_CURVE ( 'NONE', #9675, #9721, #5745, .T. ) ;
#1506 = EDGE_CURVE ( 'NONE', #2101, #11154, #4105, .T. ) ;
#1507 = VECTOR ( 'NONE', #8633, 1000.000000000000000 ) ;
#1508 = EDGE_LOOP ( 'NONE', ( #11323, #2005, #822, #5479 ) ) ;
#1509 = CARTESIAN_POINT ( 'NONE',  ( 6.924999999999986500, 7.824999999999998400, -7.274999999999975500 ) ) ;
#1510 = DIRECTION ( 'NONE',  ( -5.583261179213479200E-016, -0.0000000000000000000, -1.000000000000000000 ) ) ;
#1511 = LINE ( 'NONE', #3797, #1373 ) ;
#1512 = VERTEX_POINT ( 'NONE', #6514 ) ;
#1513 = CARTESIAN_POINT ( 'NONE',  ( 1.153217780230064000E-014, 7.825000000000000200, 2.100000000000001000 ) ) ;
#1514 = ORIENTED_EDGE ( 'NONE', *, *, #4617, .T. ) ;
#1515 = ORIENTED_EDGE ( 'NONE', *, *, #7048, .T. ) ;
#1516 = DIRECTION ( 'NONE',  ( 1.000000000000000000, -0.0000000000000000000, -0.0000000000000000000 ) ) ;
#1517 = VERTEX_POINT ( 'NONE', #2982 ) ;
#1518 = ORIENTED_EDGE ( 'NONE', *, *, #3872, .T. ) ;
#1519 = DIRECTION ( 'NONE',  ( 0.0000000000000000000, 0.0000000000000000000, -1.000000000000000000 ) ) ;
#1520 = DIRECTION ( 'NONE',  ( 0.0000000000000000000, -1.000000000000000000, 0.0000000000000000000 ) ) ;
#1521 = CARTESIAN_POINT ( 'NONE',  ( -4.500000000000000000, 7.825000000000000200, -6.399999999999996800 ) ) ;
#1522 = CIRCLE ( 'NONE', #2190, 0.5000000000000004400 ) ;
#1523 = ORIENTED_EDGE ( 'NONE', *, *, #2353, .T. ) ;
#1524 = EDGE_CURVE ( 'NONE', #9092, #211, #1745, .T. ) ;
#1525 = PLANE ( 'NONE',  #4209 ) ;
#1526 = EDGE_CURVE ( 'NONE', #1502, #6623, #8614, .T. ) ;
#1527 = DIRECTION ( 'NONE',  ( -0.0000000000000000000, -1.000000000000000000, -0.0000000000000000000 ) ) ;
#1528 = AXIS2_PLACEMENT_3D ( 'NONE', #9461, #2472, #8610 ) ;
#1529 = ORIENTED_EDGE ( 'NONE', *, *, #1194, .T. ) ;
#1530 = DIRECTION ( 'NONE',  ( -1.000000000000000000, 0.0000000000000000000, -0.0000000000000000000 ) ) ;
#1531 = CARTESIAN_POINT ( 'NONE',  ( 7.299999999999998900, 8.000000000000000000, 11.35000000000000100 ) ) ;
#1532 = FACE_OUTER_BOUND ( 'NONE', #2021, .T. ) ;
#1533 = VERTEX_POINT ( 'NONE', #8500 ) ;
#1534 = DIRECTION ( 'NONE',  ( -1.000000000000000000, 0.0000000000000000000, 1.579750383876801700E-015 ) ) ;
#1535 = CARTESIAN_POINT ( 'NONE',  ( -9.999999999999996400, 0.0000000000000000000, 0.0000000000000000000 ) ) ;
#1536 = VERTEX_POINT ( 'NONE', #506 ) ;
#1537 = ADVANCED_FACE ( 'NONE', ( #91 ), #3211, .F. ) ;
#1538 = EDGE_CURVE ( 'NONE', #6653, #1129, #1339, .T. ) ;
#1539 = ORIENTED_EDGE ( 'NONE', *, *, #343, .F. ) ;
#1540 = DIRECTION ( 'NONE',  ( -0.0000000000000000000, -1.000000000000000000, -0.0000000000000000000 ) ) ;
#1541 = CARTESIAN_POINT ( 'NONE',  ( 7.950000000000000200, 0.4000000000000001900, 9.550000000000000700 ) ) ;
#1542 = STYLED_ITEM ( 'NONE', ( #4787 ), #1875 ) ;
#1543 = AXIS2_PLACEMENT_3D ( 'NONE', #9387, #6782, #6709 ) ;
#1544 = FACE_OUTER_BOUND ( 'NONE', #4048, .T. ) ;
#1545 = ORIENTED_EDGE ( 'NONE', *, *, #7990, .F. ) ;
#1546 = CARTESIAN_POINT ( 'NONE',  ( 10.00000000000000000, 8.000000000000000000, 17.60000000000000100 ) ) ;
#1547 = ORIENTED_EDGE ( 'NONE', *, *, #1657, .F. ) ;
#1548 = CARTESIAN_POINT ( 'NONE',  ( -1.880187805439771800, 9.527196853685957500, 3.855854138189487300 ) ) ;
#1549 = ADVANCED_FACE ( 'NONE', ( #9175 ), #8481, .T. ) ;
#1550 = CARTESIAN_POINT ( 'NONE',  ( 1.162765584358865800, 9.140084288325327900, 10.10585413818948900 ) ) ;
#1551 = CARTESIAN_POINT ( 'NONE',  ( -7.816565650898846800E-016, 7.825000000000000200, -1.399999999999995900 ) ) ;
#1552 = ORIENTED_EDGE ( 'NONE', *, *, #9567, .T. ) ;
#1553 = LINE ( 'NONE', #6273, #10759 ) ;
#1554 = EDGE_CURVE ( 'NONE', #1314, #61, #3134, .T. ) ;
#1555 = VERTEX_POINT ( 'NONE', #4211 ) ;
#1556 = ORIENTED_EDGE ( 'NONE', *, *, #221, .T. ) ;
#1557 = PLANE ( 'NONE',  #10384 ) ;
#1558 = DIRECTION ( 'NONE',  ( 1.000000000000000000, -0.0000000000000000000, -0.0000000000000000000 ) ) ;
#1559 = CARTESIAN_POINT ( 'NONE',  ( -7.950000000000000200, 9.360147050873548500, 16.20000000000000300 ) ) ;
#1560 = DIRECTION ( 'NONE',  ( 4.223674550204399400E-016, 1.474688087338532600E-030, -1.000000000000000000 ) ) ;
#1561 = VERTEX_POINT ( 'NONE', #1535 ) ;
#1562 = DIRECTION ( 'NONE',  ( -1.000000000000000000, 0.0000000000000000000, -0.0000000000000000000 ) ) ;
#1563 = CARTESIAN_POINT ( 'NONE',  ( 8.347213595500074100, 8.000000000000000000, 14.70000000000000100 ) ) ;
#1564 = ORIENTED_EDGE ( 'NONE', *, *, #3407, .T. ) ;
#1565 = CIRCLE ( 'NONE', #3214, 1.099999999999996800 ) ;
#1566 = EDGE_LOOP ( 'NONE', ( #970, #5814, #8827, #3815 ) ) ;
#1567 = DIRECTION ( 'NONE',  ( 1.000000000000000000, -0.0000000000000000000, -0.0000000000000000000 ) ) ;
#1568 = ORIENTED_EDGE ( 'NONE', *, *, #700, .F. ) ;
#1570 = DIRECTION ( 'NONE',  ( 0.0000000000000000000, 1.000000000000000000, 5.782411586589357600E-016 ) ) ;
#1569 = CARTESIAN_POINT ( 'NONE',  ( -9.999999999999996400, -3.349999999999998800, 3.550000000000116200 ) ) ;
#1571 = DIRECTION ( 'NONE',  ( 0.0000000000000000000, 0.0000000000000000000, -1.000000000000000000 ) ) ;
#1572 = EDGE_CURVE ( 'NONE', #9521, #8682, #9850, .T. ) ;
#1573 = ORIENTED_EDGE ( 'NONE', *, *, #5953, .F. ) ;
#1574 = CARTESIAN_POINT ( 'NONE',  ( 4.750000000000066600, 8.400000000000000400, 8.450000000000001100 ) ) ;
#1575 = DIRECTION ( 'NONE',  ( -1.000000000000000000, 0.0000000000000000000, -0.0000000000000000000 ) ) ;
#1576 = AXIS2_PLACEMENT_3D ( 'NONE', #5863, #11074, #7481 ) ;
#1577 = ORIENTED_EDGE ( 'NONE', *, *, #10888, .T. ) ;
#1578 = ORIENTED_EDGE ( 'NONE', *, *, #7771, .F. ) ;
#1579 = LINE ( 'NONE', #566, #478 ) ;
#1580 = CIRCLE ( 'NONE', #1801, 0.6500000000000012400 ) ;
#1581 = ORIENTED_EDGE ( 'NONE', *, *, #3179, .F. ) ;
#1582 = CARTESIAN_POINT ( 'NONE',  ( 7.950000000000000200, 0.4000000000000001900, 15.80000000000000100 ) ) ;
#1583 = DIRECTION ( 'NONE',  ( 0.0000000000000000000, 0.0000000000000000000, -1.000000000000000000 ) ) ;
#1584 = CARTESIAN_POINT ( 'NONE',  ( -7.299999999999995400, 8.000000000000000000, 17.60000000000000100 ) ) ;
#1585 = ORIENTED_EDGE ( 'NONE', *, *, #5551, .F. ) ;
#1586 = ORIENTED_EDGE ( 'NONE', *, *, #7547, .T. ) ;
#1587 = FACE_OUTER_BOUND ( 'NONE', #5328, .T. ) ;
#1588 = LINE ( 'NONE', #5196, #9425 ) ;
#1589 = EDGE_CURVE ( 'NONE', #4918, #6801, #8064, .T. ) ;
#1590 = CARTESIAN_POINT ( 'NONE',  ( -4.265326036467367400E-015, 7.825000000000000200, -7.899999999999994100 ) ) ;
#1591 = EDGE_CURVE ( 'NONE', #283, #2816, #6010, .T. ) ;
#1592 = ORIENTED_EDGE ( 'NONE', *, *, #9188, .T. ) ;
#1593 = ADVANCED_FACE ( 'NONE', ( #6288 ), #11102, .F. ) ;
#1594 = VECTOR ( 'NONE', #4634, 1000.000000000000000 ) ;
#1595 = ORIENTED_EDGE ( 'NONE', *, *, #4237, .T. ) ;
#1596 = DIRECTION ( 'NONE',  ( -1.000000000000000000, 0.0000000000000000000, 0.0000000000000000000 ) ) ;
#1597 = ORIENTED_EDGE ( 'NONE', *, *, #3275, .F. ) ;
#1598 = CARTESIAN_POINT ( 'NONE',  ( 8.349999999999999600, 1.600000000000029400, 16.19999999999999600 ) ) ;
#1599 = CYLINDRICAL_SURFACE ( 'NONE', #4443, 5.500000000000006200 ) ;
#1600 = LINE ( 'NONE', #9290, #6568 ) ;
#1601 = DIRECTION ( 'NONE',  ( 0.0000000000000000000, -1.000000000000000000, 0.0000000000000000000 ) ) ;
#1602 = CYLINDRICAL_SURFACE ( 'NONE', #1439, 1.000000000000001800 ) ;
#1603 = ADVANCED_FACE ( 'NONE', ( #9578 ), #8422, .F. ) ;
#1604 = ORIENTED_EDGE ( 'NONE', *, *, #4596, .F. ) ;
#1605 = DIRECTION ( 'NONE',  ( -1.000000000000000000, 0.0000000000000000000, -0.0000000000000000000 ) ) ;
#1606 = EDGE_CURVE ( 'NONE', #4378, #4344, #8896, .T. ) ;
#1608 = DIRECTION ( 'NONE',  ( -0.0000000000000000000, -0.0000000000000000000, 1.000000000000000000 ) ) ;
#1607 = DIRECTION ( 'NONE',  ( -1.032573497605241700E-016, -0.0000000000000000000, 1.000000000000000000 ) ) ;
#1609 = VECTOR ( 'NONE', #6889, 1000.000000000000000 ) ;
#1610 = ORIENTED_EDGE ( 'NONE', *, *, #4650, .T. ) ;
#1611 = CARTESIAN_POINT ( 'NONE',  ( 7.950000000000000200, 0.4000000000000001900, 15.80000000000000100 ) ) ;
#1612 = AXIS2_PLACEMENT_3D ( 'NONE', #4357, #53, #8662 ) ;
#1613 = FACE_BOUND ( 'NONE', #7609, .T. ) ;
#1614 = VECTOR ( 'NONE', #11374, 1000.000000000000100 ) ;
#1615 = DIRECTION ( 'NONE',  ( -0.5726248390748288600, 0.5201357824263478400, -0.6336872742246424400 ) ) ;
#1616 = DIRECTION ( 'NONE',  ( -0.9920049496797155300, 0.1261989691358260900, 0.0000000000000000000 ) ) ;
#1617 = LINE ( 'NONE', #8634, #7801 ) ;
#1618 = LINE ( 'NONE', #6215, #2448 ) ;
#1619 = LINE ( 'NONE', #11273, #8361 ) ;
#1620 = ORIENTED_EDGE ( 'NONE', *, *, #2369, .T. ) ;
#1621 = CARTESIAN_POINT ( 'NONE',  ( -7.950000000000000200, 9.360147050873548500, 9.800000000000000700 ) ) ;
#1622 = FACE_OUTER_BOUND ( 'NONE', #1777, .T. ) ;
#1623 = ORIENTED_EDGE ( 'NONE', *, *, #9848, .T. ) ;
#1624 = DIRECTION ( 'NONE',  ( 0.9920049496797153100, -0.1261989691358270700, -6.696916640619664200E-016 ) ) ;
#1625 = FACE_OUTER_BOUND ( 'NONE', #9096, .T. ) ;
#1626 = CARTESIAN_POINT ( 'NONE',  ( -3.462500000000002100, 1.827774078792768100, -6.399999999999990600 ) ) ;
#1627 = VECTOR ( 'NONE', #3863, 1000.000000000000000 ) ;
#1628 = EDGE_CURVE ( 'NONE', #8044, #6290, #10134, .T. ) ;
#1629 = CARTESIAN_POINT ( 'NONE',  ( 6.791896970179662300, 8.055541210290156700, -7.413982055361337600 ) ) ;
#1630 = STYLED_ITEM ( 'NONE', ( #10935 ), #2733 ) ;
#1631 = CARTESIAN_POINT ( 'NONE',  ( 7.299999999999998900, 8.000000000000000000, 11.35000000000000100 ) ) ;
#1632 = VECTOR ( 'NONE', #6070, 1000.000000000000000 ) ;
#1633 = CARTESIAN_POINT ( 'NONE',  ( 0.0000000000000000000, 7.825000000000000200, 0.0000000000000000000 ) ) ;
#1634 = ORIENTED_EDGE ( 'NONE', *, *, #10151, .T. ) ;
#1635 = DIRECTION ( 'NONE',  ( -0.0000000000000000000, -1.000000000000000000, -0.0000000000000000000 ) ) ;
#1636 = LINE ( 'NONE', #1005, #2057 ) ;
#1637 = CARTESIAN_POINT ( 'NONE',  ( -8.350000000000001400, 1.599999999999999900, 4.850000000000003200 ) ) ;
#1638 = DIRECTION ( 'NONE',  ( 0.0000000000000000000, 0.0000000000000000000, -1.000000000000000000 ) ) ;
#1639 = CARTESIAN_POINT ( 'NONE',  ( -5.855099340000199600, 12.76922561389160500, 8.450000000000113000 ) ) ;
#1640 = VERTEX_POINT ( 'NONE', #3317 ) ;
#1641 = EDGE_CURVE ( 'NONE', #3472, #1427, #3411, .T. ) ;
#1642 = LINE ( 'NONE', #3898, #9478 ) ;
#1643 = ORIENTED_EDGE ( 'NONE', *, *, #11115, .F. ) ;
#1644 = AXIS2_PLACEMENT_3D ( 'NONE', #1800, #4398, #6071 ) ;
#1645 = CARTESIAN_POINT ( 'NONE',  ( 3.004255071646474700, 8.796433938085819200, 10.45000000000011500 ) ) ;
#1646 = LINE ( 'NONE', #11065, #1249 ) ;
#1647 = VERTEX_POINT ( 'NONE', #11139 ) ;
#1648 = DIRECTION ( 'NONE',  ( 0.0000000000000000000, -1.000000000000000000, 0.0000000000000000000 ) ) ;
#1649 = CARTESIAN_POINT ( 'NONE',  ( -7.950000000000000200, 0.4000000000000001900, 4.850000000000003200 ) ) ;
#1650 = CARTESIAN_POINT ( 'NONE',  ( -9.999999999999996400, 8.000000000000000000, 0.0000000000000000000 ) ) ;
#1651 = DIRECTION ( 'NONE',  ( -1.579750383876801700E-015, -0.0000000000000000000, -1.000000000000000000 ) ) ;
#1652 = ORIENTED_EDGE ( 'NONE', *, *, #5249, .F. ) ;
#1653 = CYLINDRICAL_SURFACE ( 'NONE', #10722, 1.400000000000000100 ) ;
#1654 = ADVANCED_FACE ( 'NONE', ( #9022 ), #7581, .F. ) ;
#1655 = ORIENTED_EDGE ( 'NONE', *, *, #2846, .T. ) ;
#1656 = LINE ( 'NONE', #3293, #2068 ) ;
#1657 = EDGE_CURVE ( 'NONE', #10783, #10621, #5466, .T. ) ;
#1658 = ORIENTED_EDGE ( 'NONE', *, *, #6904, .T. ) ;
#1659 = EDGE_CURVE ( 'NONE', #1270, #1640, #3827, .T. ) ;
#1660 = CARTESIAN_POINT ( 'NONE',  ( 7.950000000000000200, 3.299999999999912800, 15.94999999999999900 ) ) ;
#1661 = CARTESIAN_POINT ( 'NONE',  ( -7.950000000000000200, 8.000000000000000000, 2.200000000000114300 ) ) ;
#1662 = PRESENTATION_LAYER_ASSIGNMENT (  '', '', ( #111 ) ) ;
#1663 = ADVANCED_FACE ( 'NONE', ( #6153 ), #5995, .F. ) ;
#1664 = ORIENTED_EDGE ( 'NONE', *, *, #1437, .F. ) ;
#1665 = DIRECTION ( 'NONE',  ( 1.579750383876801700E-015, 0.0000000000000000000, 1.000000000000000000 ) ) ;
#1666 = CARTESIAN_POINT ( 'NONE',  ( 0.0000000000000000000, 0.4000000000000000200, 0.0000000000000000000 ) ) ;
#1667 = VECTOR ( 'NONE', #8891, 1000.000000000000000 ) ;
#1668 = ORIENTED_EDGE ( 'NONE', *, *, #4413, .F. ) ;
#1669 = DIRECTION ( 'NONE',  ( 1.000000000000000000, 0.0000000000000000000, -0.0000000000000000000 ) ) ;
#1670 = VERTEX_POINT ( 'NONE', #8677 ) ;
#1671 = CARTESIAN_POINT ( 'NONE',  ( -5.855099340000199600, 12.76922561389160500, 14.70000000000011700 ) ) ;
#1672 = ORIENTED_EDGE ( 'NONE', *, *, #3481, .T. ) ;
#1673 = CARTESIAN_POINT ( 'NONE',  ( 7.950000000000000200, 9.360147050873548500, 11.10000000000011700 ) ) ;
#1674 = PLANE ( 'NONE',  #9719 ) ;
#1675 = EDGE_CURVE ( 'NONE', #9534, #10323, #2443, .T. ) ;
#1676 = CARTESIAN_POINT ( 'NONE',  ( 5.499999999999994700, 7.825000000000000200, 6.630122650316007700E-016 ) ) ;
#1677 = DIRECTION ( 'NONE',  ( 0.0000000000000000000, -0.5766660201766968800, -0.8169799882332305900 ) ) ;
#1678 = AXIS2_PLACEMENT_3D ( 'NONE', #1400, #9389, #11118 ) ;
#1679 = ORIENTED_EDGE ( 'NONE', *, *, #8187, .F. ) ;
#1680 = ORIENTED_EDGE ( 'NONE', *, *, #1526, .F. ) ;
#1681 = AXIS2_PLACEMENT_3D ( 'NONE', #1051, #4527, #6051 ) ;
#1682 = CARTESIAN_POINT ( 'NONE',  ( 1.105825268713746200E-015, 7.825000000000000200, 1.734723475976807100E-015 ) ) ;
#1684 = CARTESIAN_POINT ( 'NONE',  ( -6.850000000000002300, 12.30000000000000100, 6.200000000000113900 ) ) ;
#1683 = DIRECTION ( 'NONE',  ( -0.0000000000000000000, -0.0000000000000000000, 1.000000000000000000 ) ) ;
#1685 = EDGE_LOOP ( 'NONE', ( #8326, #3362, #9768, #9377 ) ) ;
#1686 = DIRECTION ( 'NONE',  ( 1.000000000000000000, 0.0000000000000000000, 0.0000000000000000000 ) ) ;
#1687 = ORIENTED_EDGE ( 'NONE', *, *, #2937, .F. ) ;
#1688 = FACE_OUTER_BOUND ( 'NONE', #3308, .T. ) ;
#1689 = ORIENTED_EDGE ( 'NONE', *, *, #8529, .T. ) ;
#1690 = EDGE_CURVE ( 'NONE', #4320, #1453, #11227, .T. ) ;
#1691 = EDGE_LOOP ( 'NONE', ( #8356, #1030, #10467, #956 ) ) ;
#1692 = EDGE_CURVE ( 'NONE', #9705, #3937, #6846, .T. ) ;
#1693 = DIRECTION ( 'NONE',  ( 0.0000000000000000000, 1.000000000000000000, 0.0000000000000000000 ) ) ;
#1694 = AXIS2_PLACEMENT_3D ( 'NONE', #606, #3269, #1596 ) ;
#1695 = VERTEX_POINT ( 'NONE', #2463 ) ;
#1696 = CARTESIAN_POINT ( 'NONE',  ( 6.699454095875470500, 9.604514599187295300, 8.450000000000113000 ) ) ;
#1697 = ORIENTED_EDGE ( 'NONE', *, *, #787, .F. ) ;
#1698 = PLANE ( 'NONE',  #8465 ) ;
#1699 = FACE_OUTER_BOUND ( 'NONE', #10235, .T. ) ;
#1700 = ORIENTED_EDGE ( 'NONE', *, *, #2252, .T. ) ;
#1701 = CARTESIAN_POINT ( 'NONE',  ( 2.932702847350673500, 9.259228901349221300, 16.23556118362444400 ) ) ;
#1702 = CARTESIAN_POINT ( 'NONE',  ( 7.350000000000001400, 1.600000000000029200, 16.19999999999999600 ) ) ;
#1703 = ORIENTED_EDGE ( 'NONE', *, *, #6976, .F. ) ;
#1704 = CARTESIAN_POINT ( 'NONE',  ( 6.821110876396481600, 10.56081502909854400, 6.200000000000113900 ) ) ;
#1705 = VERTEX_POINT ( 'NONE', #5087 ) ;
#1706 = DIRECTION ( 'NONE',  ( 0.0000000000000000000, 0.0000000000000000000, 1.000000000000000000 ) ) ;
#1707 = EDGE_CURVE ( 'NONE', #2280, #3502, #7250, .T. ) ;
#1708 = ADVANCED_FACE ( 'NONE', ( #5202 ), #10377, .F. ) ;
#1709 = ORIENTED_EDGE ( 'NONE', *, *, #6652, .F. ) ;
#1710 = AXIS2_PLACEMENT_3D ( 'NONE', #1466, #8502, #4145 ) ;
#1711 = FACE_OUTER_BOUND ( 'NONE', #3662, .T. ) ;
#1712 = ORIENTED_EDGE ( 'NONE', *, *, #9428, .F. ) ;
#1713 = CARTESIAN_POINT ( 'NONE',  ( -9.999999999999996400, 1.599999999999956600, 9.949999999999999300 ) ) ;
#1714 = DIRECTION ( 'NONE',  ( -0.0000000000000000000, -0.0000000000000000000, 1.000000000000000000 ) ) ;
#1715 = ORIENTED_EDGE ( 'NONE', *, *, #7985, .T. ) ;
#1716 = CARTESIAN_POINT ( 'NONE',  ( -8.350000000000001400, 8.000000000000000000, 11.35000000000011300 ) ) ;
#1717 = CARTESIAN_POINT ( 'NONE',  ( 3.171676389805457000, 8.884518554691604600, 10.79414586181074200 ) ) ;
#1718 = DIRECTION ( 'NONE',  ( -1.000000000000000000, 0.0000000000000000000, 0.0000000000000000000 ) ) ;
#1719 = DIRECTION ( 'NONE',  ( 0.0000000000000000000, 1.000000000000000000, 0.0000000000000000000 ) ) ;
#1720 = EDGE_LOOP ( 'NONE', ( #7832, #2108, #9088, #7306 ) ) ;
#1721 = DIRECTION ( 'NONE',  ( 0.0000000000000000000, 0.0000000000000000000, 1.000000000000000000 ) ) ;
#1722 = ORIENTED_EDGE ( 'NONE', *, *, #5708, .T. ) ;
#1723 = CIRCLE ( 'NONE', #452, 1.000000000000000900 ) ;
#1725 = VECTOR ( 'NONE', #9315, 999.9999999999998900 ) ;
#1724 = SHAPE_REPRESENTATION ( 'ACJM-IH', ( #9536 ), #488 ) ;
#1726 = EDGE_LOOP ( 'NONE', ( #3556, #10889, #4383, #10799 ) ) ;
#1727 = DIRECTION ( 'NONE',  ( -5.583261179213480200E-016, 0.0000000000000000000, -1.000000000000000000 ) ) ;
#1728 = CARTESIAN_POINT ( 'NONE',  ( 7.950000000000000200, 9.360147050873548500, 17.35000000000011500 ) ) ;
#1729 = CARTESIAN_POINT ( 'NONE',  ( -4.832135734971188900, 11.53794763439791800, 9.950000000000114800 ) ) ;
#1730 = EDGE_CURVE ( 'NONE', #1354, #4900, #4515, .T. ) ;
#1731 = CARTESIAN_POINT ( 'NONE',  ( 2.806005623304877800, 9.192570267145338600, 10.79716679393220400 ) ) ;
#1732 = CARTESIAN_POINT ( 'NONE',  ( -4.832135734971188900, 11.53794763439791800, 14.70000000000011700 ) ) ;
#1733 = SURFACE_STYLE_FILL_AREA ( #6844 ) ;
#1734 = AXIS2_PLACEMENT_3D ( 'NONE', #2499, #9488, #1534 ) ;
#1735 = EDGE_CURVE ( 'NONE', #8804, #8769, #8354, .T. ) ;
#1736 = EDGE_LOOP ( 'NONE', ( #650, #6662, #10378, #267 ) ) ;
#1737 = PLANE ( 'NONE',  #3126 ) ;
#1738 = EDGE_LOOP ( 'NONE', ( #10775, #11269, #3482, #6125 ) ) ;
#1739 = LINE ( 'NONE', #9480, #7920 ) ;
#1740 = VECTOR ( 'NONE', #7906, 1000.000000000000100 ) ;
#1741 = ADVANCED_FACE ( 'NONE', ( #2571 ), #3967, .T. ) ;
#1742 = FACE_OUTER_BOUND ( 'NONE', #857, .T. ) ;
#1743 = CARTESIAN_POINT ( 'NONE',  ( 10.00000000000000200, 8.000000000000000000, 0.0000000000000000000 ) ) ;
#1744 = CARTESIAN_POINT ( 'NONE',  ( -7.950000000000000200, 9.360147050873548500, 11.10000000000000300 ) ) ;
#1745 = LINE ( 'NONE', #2427, #11363 ) ;
#1746 = ORIENTED_EDGE ( 'NONE', *, *, #7790, .F. ) ;
#1747 = ORIENTED_EDGE ( 'NONE', *, *, #2489, .T. ) ;
#1748 = LINE ( 'NONE', #3084, #11230 ) ;
#1749 = LINE ( 'NONE', #7847, #10413 ) ;
#1750 = EDGE_CURVE ( 'NONE', #8594, #5875, #4242, .T. ) ;
#1751 = VECTOR ( 'NONE', #9003, 1000.000000000000000 ) ;
#1752 = CYLINDRICAL_SURFACE ( 'NONE', #2507, 0.4500000000000007300 ) ;
#1753 = AXIS2_PLACEMENT_3D ( 'NONE', #10303, #7648, #2308 ) ;
#1754 = CARTESIAN_POINT ( 'NONE',  ( -8.150000000000000400, 12.30000000000000100, 4.476393202250135600 ) ) ;
#1755 = ORIENTED_EDGE ( 'NONE', *, *, #2656, .F. ) ;
#1756 = CARTESIAN_POINT ( 'NONE',  ( -3.200948314322423100, 13.82222592120723400, -7.411552078896164600 ) ) ;
#1757 = FACE_OUTER_BOUND ( 'NONE', #2529, .T. ) ;
#1758 =( NAMED_UNIT ( * ) SI_UNIT ( $, .STERADIAN. ) SOLID_ANGLE_UNIT ( ) );
#1759 = ORIENTED_EDGE ( 'NONE', *, *, #750, .F. ) ;
#1760 = CARTESIAN_POINT ( 'NONE',  ( -6.850000000000002300, 12.30000000000000100, 18.70000000000011700 ) ) ;
#1761 = PRESENTATION_STYLE_ASSIGNMENT (( #9296 ) ) ;
#1762 = LINE ( 'NONE', #10211, #7814 ) ;
#1763 = DIRECTION ( 'NONE',  ( -1.000000000000000000, 0.0000000000000000000, 0.0000000000000000000 ) ) ;
#1764 = LINE ( 'NONE', #1917, #2581 ) ;
#1765 = EDGE_CURVE ( 'NONE', #11297, #9081, #4925, .T. ) ;
#1766 = VERTEX_POINT ( 'NONE', #730 ) ;
#1767 = CARTESIAN_POINT ( 'NONE',  ( 5.499999999999994700, 7.825000000000000200, -4.500000000000000000 ) ) ;
#1768 = AXIS2_PLACEMENT_3D ( 'NONE', #5512, #9958, #2944 ) ;
#1769 = CIRCLE ( 'NONE', #54, 1.599999999999999900 ) ;
#1770 = CARTESIAN_POINT ( 'NONE',  ( 8.347213595500074100, 8.000000000000000000, 2.200000000000000600 ) ) ;
#1771 = CARTESIAN_POINT ( 'NONE',  ( 5.950000000000133400, 8.900000000000000400, 16.49999999999998900 ) ) ;
#1772 = AXIS2_PLACEMENT_3D ( 'NONE', #5756, #7480, #477 ) ;
#1773 = VERTEX_POINT ( 'NONE', #3478 ) ;
#1774 = ADVANCED_FACE ( 'NONE', ( #2017 ), #7763, .F. ) ;
#1775 = VECTOR ( 'NONE', #9485, 1000.000000000000000 ) ;
#1776 = CARTESIAN_POINT ( 'NONE',  ( -6.850000000000002300, 12.30000000000000100, 2.200000000000114300 ) ) ;
#1777 = EDGE_LOOP ( 'NONE', ( #11274, #5006 ) ) ;
#1778 = VECTOR ( 'NONE', #9852, 1000.000000000000000 ) ;
#1779 = ORIENTED_EDGE ( 'NONE', *, *, #2050, .T. ) ;
#1780 = DIRECTION ( 'NONE',  ( -3.502725030463842900E-018, -2.753366839191349700E-017, -1.000000000000000000 ) ) ;
#1781 = EDGE_CURVE ( 'NONE', #7471, #489, #3554, .T. ) ;
#1782 = DIRECTION ( 'NONE',  ( -0.0000000000000000000, -0.0000000000000000000, 1.000000000000000000 ) ) ;
#1783 = CARTESIAN_POINT ( 'NONE',  ( -4.832135734971188900, 11.53794763439791800, 17.20000000000011300 ) ) ;
#1784 = AXIS2_PLACEMENT_3D ( 'NONE', #10171, #3115, #1404 ) ;
#1785 = LINE ( 'NONE', #6345, #11398 ) ;
#1786 = EDGE_LOOP ( 'NONE', ( #388, #10229, #7375, #10061 ) ) ;
#1787 = EDGE_CURVE ( 'NONE', #3257, #8584, #7654, .T. ) ;
#1788 = CARTESIAN_POINT ( 'NONE',  ( -1.740153877978051700, 9.399998989646013200, 10.45000000000011500 ) ) ;
#1789 = VECTOR ( 'NONE', #8094, 1000.000000000000000 ) ;
#1790 = ORIENTED_EDGE ( 'NONE', *, *, #1765, .T. ) ;
#1791 = CARTESIAN_POINT ( 'NONE',  ( -2.610512356868663500, 10.78889192452703600, -2.879138655913817300E-016 ) ) ;
#1792 = DIRECTION ( 'NONE',  ( 1.000000000000000000, 0.0000000000000000000, -5.507058653894630800E-016 ) ) ;
#1793 = LINE ( 'NONE', #5435, #10452 ) ;
#1794 = ORIENTED_EDGE ( 'NONE', *, *, #5692, .T. ) ;
#1795 = ADVANCED_FACE ( 'NONE', ( #1214 ), #3394, .F. ) ;
#1796 = CARTESIAN_POINT ( 'NONE',  ( -3.376482978121349900, 10.88633569516712100, 6.249999999999998200 ) ) ;
#1797 = CARTESIAN_POINT ( 'NONE',  ( 3.210233636357318100, 8.000000000000023100, 18.75000000000000000 ) ) ;
#1798 = VERTEX_POINT ( 'NONE', #5209 ) ;
#1799 = EDGE_CURVE ( 'NONE', #9721, #9827, #4396, .T. ) ;
#1800 = CARTESIAN_POINT ( 'NONE',  ( 1.309085912708786400, 10.29025604452769800, 12.08250000000011100 ) ) ;
#1801 = AXIS2_PLACEMENT_3D ( 'NONE', #6562, #1292, #10764 ) ;
#1802 = ORIENTED_EDGE ( 'NONE', *, *, #3496, .T. ) ;
#1803 = ORIENTED_EDGE ( 'NONE', *, *, #2814, .T. ) ;
#1804 = LINE ( 'NONE', #399, #8538 ) ;
#1805 = ORIENTED_EDGE ( 'NONE', *, *, #10861, .T. ) ;
#1806 = CARTESIAN_POINT ( 'NONE',  ( -6.850000000000002300, 12.30000000000000100, 2.200000000000114300 ) ) ;
#1807 = CARTESIAN_POINT ( 'NONE',  ( -8.350000000000001400, 8.000000000000000000, 9.550000000000114400 ) ) ;
#1808 = ORIENTED_EDGE ( 'NONE', *, *, #3667, .F. ) ;
#1809 = EDGE_LOOP ( 'NONE', ( #4744, #1414, #3772, #667 ) ) ;
#1810 = VECTOR ( 'NONE', #3340, 1000.000000000000000 ) ;
#1811 = VERTEX_POINT ( 'NONE', #1807 ) ;
#1812 = EDGE_CURVE ( 'NONE', #2216, #2677, #6829, .T. ) ;
#1813 = VERTEX_POINT ( 'NONE', #5350 ) ;
#1814 = ORIENTED_EDGE ( 'NONE', *, *, #4109, .T. ) ;
#1815 = CARTESIAN_POINT ( 'NONE',  ( -7.950000000000000200, 8.000000000000000000, 14.70000000000011700 ) ) ;
#1816 = EDGE_CURVE ( 'NONE', #8014, #7600, #5340, .T. ) ;
#1817 = DIRECTION ( 'NONE',  ( 0.0000000000000000000, 1.000000000000000000, -3.469446951953621700E-015 ) ) ;
#1818 = CARTESIAN_POINT ( 'NONE',  ( 7.950000000000000200, 8.000000000000000000, 11.35000000000000100 ) ) ;
#1819 = ORIENTED_EDGE ( 'NONE', *, *, #975, .T. ) ;
#1820 = CARTESIAN_POINT ( 'NONE',  ( -5.487617506967213300, 5.335380492157200100, -7.932355107409716900 ) ) ;
#1821 = VECTOR ( 'NONE', #4700, 1000.000000000000000 ) ;
#1822 = EDGE_LOOP ( 'NONE', ( #4861, #878, #7603, #6891, #10975, #1746, #9006, #2833, #22, #2828, #1680, #2366 ) ) ;
#1823 = EDGE_LOOP ( 'NONE', ( #2390, #2746, #11296, #6043 ) ) ;
#1824 = ADVANCED_FACE ( 'NONE', ( #7927 ), #6265, .F. ) ;
#1825 = DIRECTION ( 'NONE',  ( 0.0000000000000000000, 0.0000000000000000000, 1.000000000000000000 ) ) ;
#1826 = CARTESIAN_POINT ( 'NONE',  ( 7.950000000000000200, -1.843908891458577100, 9.550000000000000700 ) ) ;
#1827 = EDGE_CURVE ( 'NONE', #5620, #10324, #9431, .T. ) ;
#1828 = ORIENTED_EDGE ( 'NONE', *, *, #6339, .T. ) ;
#1829 = CARTESIAN_POINT ( 'NONE',  ( 7.950000000000000200, -1.843908891458577100, 11.35000000000000100 ) ) ;
#1830 = CARTESIAN_POINT ( 'NONE',  ( 1.105825268713746200E-015, 7.825000000000000200, -4.500000000000000000 ) ) ;
#1831 = AXIS2_PLACEMENT_3D ( 'NONE', #7640, #6879, #5152 ) ;
#1832 = AXIS2_PLACEMENT_3D ( 'NONE', #6102, #11242, #11393 ) ;
#1833 = VECTOR ( 'NONE', #9614, 1000.000000000000000 ) ;
#1834 = VERTEX_POINT ( 'NONE', #1771 ) ;
#1835 = CARTESIAN_POINT ( 'NONE',  ( -8.350000000000001400, 0.3999999999999993000, 17.35000000000000500 ) ) ;
#1836 = ORIENTED_EDGE ( 'NONE', *, *, #542, .F. ) ;
#1837 = CARTESIAN_POINT ( 'NONE',  ( 7.299999999999998900, 8.000000000000000000, 15.80000000000000100 ) ) ;
#1838 = DIRECTION ( 'NONE',  ( -1.000000000000000000, 0.0000000000000000000, -0.0000000000000000000 ) ) ;
#1839 = ORIENTED_EDGE ( 'NONE', *, *, #4397, .F. ) ;
#1840 = PLANE ( 'NONE',  #8142 ) ;
#1841 =( LENGTH_UNIT ( ) NAMED_UNIT ( * ) SI_UNIT ( .MILLI., .METRE. ) );
#1842 = EDGE_LOOP ( 'NONE', ( #6391, #2099, #2409, #6497 ) ) ;
#1843 = VECTOR ( 'NONE', #7334, 1000.000000000000000 ) ;
#1844 = EDGE_CURVE ( 'NONE', #6899, #5217, #5622, .T. ) ;
#1845 = ORIENTED_EDGE ( 'NONE', *, *, #4832, .F. ) ;
#1846 = PLANE ( 'NONE',  #8413 ) ;
#1847 = ORIENTED_EDGE ( 'NONE', *, *, #9747, .T. ) ;
#1848 = ADVANCED_FACE ( 'NONE', ( #2995 ), #10626, .T. ) ;
#1849 = EDGE_LOOP ( 'NONE', ( #10313, #9245, #4333, #8439 ) ) ;
#1850 = DIRECTION ( 'NONE',  ( 1.000000000000000000, -0.0000000000000000000, 0.0000000000000000000 ) ) ;
#1851 = DIRECTION ( 'NONE',  ( -0.0000000000000000000, 2.312964634635742700E-015, 1.000000000000000000 ) ) ;
#1852 = VERTEX_POINT ( 'NONE', #5383 ) ;
#1853 = ORIENTED_EDGE ( 'NONE', *, *, #5969, .F. ) ;
#1854 = LINE ( 'NONE', #9583, #6258 ) ;
#1855 = LINE ( 'NONE', #1631, #3108 ) ;
#1856 = ORIENTED_EDGE ( 'NONE', *, *, #9352, .F. ) ;
#1857 = DIRECTION ( 'NONE',  ( -1.000000000000000000, 0.0000000000000000000, 0.0000000000000000000 ) ) ;
#1858 = EDGE_CURVE ( 'NONE', #10783, #1898, #7107, .T. ) ;
#1859 = AXIS2_PLACEMENT_3D ( 'NONE', #1182, #1296, #4851 ) ;
#1860 = DIRECTION ( 'NONE',  ( -0.0000000000000000000, 0.0000000000000000000, -1.000000000000000000 ) ) ;
#1861 = ORIENTED_EDGE ( 'NONE', *, *, #139, .T. ) ;
#1862 = ORIENTED_EDGE ( 'NONE', *, *, #1108, .F. ) ;
#1863 = CARTESIAN_POINT ( 'NONE',  ( 3.300000000000012700, 3.600000000000000100, 18.75000000000000400 ) ) ;
#1864 = VECTOR ( 'NONE', #8667, 1000.000000000000000 ) ;
#1865 = LINE ( 'NONE', #3699, #5318 ) ;
#1866 = DIRECTION ( 'NONE',  ( -1.000000000000000000, 0.0000000000000000000, 0.0000000000000000000 ) ) ;
#1867 = DIRECTION ( 'NONE',  ( 1.000000000000000000, -0.0000000000000000000, -0.0000000000000000000 ) ) ;
#1868 = VECTOR ( 'NONE', #1683, 1000.000000000000000 ) ;
#1869 = DIRECTION ( 'NONE',  ( 0.4265687399014593800, -0.9044551454543674500, -0.0000000000000000000 ) ) ;
#1870 = LINE ( 'NONE', #3135, #5342 ) ;
#1871 = ORIENTED_EDGE ( 'NONE', *, *, #1844, .T. ) ;
#1872 = DIRECTION ( 'NONE',  ( 1.000000000000000000, 0.0000000000000000000, 0.0000000000000000000 ) ) ;
#1873 = ORIENTED_EDGE ( 'NONE', *, *, #5355, .T. ) ;
#1874 = DIRECTION ( 'NONE',  ( -0.0000000000000000000, -1.000000000000000000, -0.0000000000000000000 ) ) ;
#1875 = MANIFOLD_SOLID_BREP ( 'Pin R', #6493 ) ;
#1876 = LINE ( 'NONE', #10800, #10946 ) ;
#1877 = EDGE_CURVE ( 'NONE', #1935, #5961, #2375, .T. ) ;
#1878 = LINE ( 'NONE', #6764, #8346 ) ;
#1879 = PLANE ( 'NONE',  #1441 ) ;
#1880 = CARTESIAN_POINT ( 'NONE',  ( 3.004255071646475500, 8.796433938085819200, 4.075888164054540600 ) ) ;
#1881 = EDGE_CURVE ( 'NONE', #8605, #6774, #3281, .T. ) ;
#1882 = LINE ( 'NONE', #230, #6283 ) ;
#1883 = ADVANCED_FACE ( 'NONE', ( #641 ), #9746, .F. ) ;
#1884 = PRODUCT_DEFINITION ( 'UNKNOWN', '', #8141, #9917 ) ;
#1885 = DIRECTION ( 'NONE',  ( 0.0000000000000000000, 0.0000000000000000000, -1.000000000000000000 ) ) ;
#1886 = VECTOR ( 'NONE', #4407, 1000.000000000000000 ) ;
#1887 = CARTESIAN_POINT ( 'NONE',  ( 3.462499999999994100, 13.82222592120723300, -6.400000000000001200 ) ) ;
#1888 = VERTEX_POINT ( 'NONE', #107 ) ;
#1889 = CYLINDRICAL_SURFACE ( 'NONE', #69, 1.000000000000001800 ) ;
#1890 = CIRCLE ( 'NONE', #10686, 0.3000000000000001600 ) ;
#1891 = PLANE ( 'NONE',  #7642 ) ;
#1892 = VECTOR ( 'NONE', #9708, 1000.000000000000000 ) ;
#1893 = CARTESIAN_POINT ( 'NONE',  ( 7.673004626611401600, 8.000000000000000000, 2.100000000000000100 ) ) ;
#1894 = VECTOR ( 'NONE', #8933, 1000.000000000000000 ) ;
#1895 = CARTESIAN_POINT ( 'NONE',  ( -4.499999999999999100, 7.825000000000000200, -4.500000000000000000 ) ) ;
#1896 = TOROIDAL_SURFACE ( 'NONE', #5830, 1.300000000000000000, 0.2999999999999999900 ) ;
#1897 = CARTESIAN_POINT ( 'NONE',  ( 3.646209105255879600E-015, 7.825000000000000200, 0.05000000000000056500 ) ) ;
#1898 = VERTEX_POINT ( 'NONE', #6160 ) ;
#1899 = EDGE_CURVE ( 'NONE', #7828, #6139, #2150, .T. ) ;
#1900 = LINE ( 'NONE', #9087, #6303 ) ;
#1901 = CARTESIAN_POINT ( 'NONE',  ( -8.350000000000001400, 12.30000000000000100, 2.200000000000114300 ) ) ;
#1902 = EDGE_LOOP ( 'NONE', ( #10716, #7563, #10648, #11051, #3881, #9210, #3351, #7284 ) ) ;
#1903 = CYLINDRICAL_SURFACE ( 'NONE', #809, 0.2999999999999999300 ) ;
#1904 = LINE ( 'NONE', #6576, #1627 ) ;
#1905 = CARTESIAN_POINT ( 'NONE',  ( 3.210233636357328700, 8.000000000000023100, 1.355898211009252600E-015 ) ) ;
#1906 = DIRECTION ( 'NONE',  ( -1.000000000000000000, -0.0000000000000000000, -0.0000000000000000000 ) ) ;
#1907 = VECTOR ( 'NONE', #10738, 1000.000000000000000 ) ;
#1908 = CARTESIAN_POINT ( 'NONE',  ( -5.000000000000002700, 3.600000000000000100, 1.949999999999993500 ) ) ;
#1909 = DIRECTION ( 'NONE',  ( -0.9044551454543675600, -0.4265687399014594400, 0.0000000000000000000 ) ) ;
#1910 = DIRECTION ( 'NONE',  ( 0.0000000000000000000, 1.000000000000000000, 0.0000000000000000000 ) ) ;
#1911 = FACE_OUTER_BOUND ( 'NONE', #2498, .T. ) ;
#1912 = ORIENTED_EDGE ( 'NONE', *, *, #8053, .F. ) ;
#1913 = DIRECTION ( 'NONE',  ( 0.1261989691358260900, 0.9920049496797155300, 0.0000000000000000000 ) ) ;
#1914 = LINE ( 'NONE', #7196, #4142 ) ;
#1915 = EDGE_CURVE ( 'NONE', #3423, #2603, #7672, .T. ) ;
#1916 = APPLICATION_PROTOCOL_DEFINITION ( 'draft international standard', 'automotive_design', 1998, #9702 ) ;
#1917 = CARTESIAN_POINT ( 'NONE',  ( 7.950000000000000200, 0.4000000000000001900, 3.300000000000000700 ) ) ;
#1918 = AXIS2_PLACEMENT_3D ( 'NONE', #8932, #4568, #8964 ) ;
#1919 = CARTESIAN_POINT ( 'NONE',  ( -9.999999999999996400, 8.000000000000000000, 17.60000000000000100 ) ) ;
#1920 = ORIENTED_EDGE ( 'NONE', *, *, #2284, .F. ) ;
#1921 = CARTESIAN_POINT ( 'NONE',  ( -3.462500000000002100, 1.827774078792768100, -6.399999999999990600 ) ) ;
#1922 = CIRCLE ( 'NONE', #9116, 1.599999999999999900 ) ;
#1923 = VERTEX_POINT ( 'NONE', #4741 ) ;
#1924 = CARTESIAN_POINT ( 'NONE',  ( 4.999999999999995600, 0.0000000000000000000, 18.75000000000000400 ) ) ;
#1925 = VECTOR ( 'NONE', #2983, 1000.000000000000000 ) ;
#1926 = ORIENTED_EDGE ( 'NONE', *, *, #10683, .T. ) ;
#1928 = DIRECTION ( 'NONE',  ( -0.0000000000000000000, -1.000000000000000000, -0.0000000000000000000 ) ) ;
#1927 = CARTESIAN_POINT ( 'NONE',  ( -3.210233636357316300, 8.000000000000000000, 6.249999999999999100 ) ) ;
#1929 = EDGE_CURVE ( 'NONE', #7696, #7797, #1481, .T. ) ;
#1930 = FACE_OUTER_BOUND ( 'NONE', #313, .T. ) ;
#1931 = CARTESIAN_POINT ( 'NONE',  ( 7.950000000000000200, 1.599999999999999900, 4.850000000000117800 ) ) ;
#1932 = EDGE_LOOP ( 'NONE', ( #3632, #8240, #6246, #3623 ) ) ;
#1933 = CARTESIAN_POINT ( 'NONE',  ( 7.950000000000000200, -1.843908891458577100, 17.60000000000000100 ) ) ;
#1934 = FACE_OUTER_BOUND ( 'NONE', #8567, .T. ) ;
#1935 = VERTEX_POINT ( 'NONE', #10778 ) ;
#1936 = DIRECTION ( 'NONE',  ( 0.0000000000000000000, 0.0000000000000000000, -1.000000000000000000 ) ) ;
#1937 = EDGE_LOOP ( 'NONE', ( #7212, #1586, #3612, #11261 ) ) ;
#1938 = ORIENTED_EDGE ( 'NONE', *, *, #11314, .T. ) ;
#1939 = ADVANCED_FACE ( 'NONE', ( #3266 ), #9989, .T. ) ;
#1940 = ORIENTED_EDGE ( 'NONE', *, *, #10457, .T. ) ;
#1941 = DIRECTION ( 'NONE',  ( 1.000000000000000000, -0.0000000000000000000, -0.0000000000000000000 ) ) ;
#1942 = CARTESIAN_POINT ( 'NONE',  ( -9.999999999999996400, 3.299999999999956300, 11.19999999999999800 ) ) ;
#1943 = LINE ( 'NONE', #5149, #5123 ) ;
#1944 = EDGE_CURVE ( 'NONE', #6552, #2518, #11213, .T. ) ;
#1945 = ORIENTED_EDGE ( 'NONE', *, *, #8744, .F. ) ;
#1946 = CARTESIAN_POINT ( 'NONE',  ( -8.350000000000001400, 0.4000000000000001900, 9.550000000000114400 ) ) ;
#1947 = ORIENTED_EDGE ( 'NONE', *, *, #4541, .F. ) ;
#1948 = AXIS2_PLACEMENT_3D ( 'NONE', #10656, #9091, #597 ) ;
#1949 = CARTESIAN_POINT ( 'NONE',  ( -7.874999999999994700, 7.825000000000000200, -1.399999999999991500 ) ) ;
#1950 = ORIENTED_EDGE ( 'NONE', *, *, #11299, .T. ) ;
#1951 = CARTESIAN_POINT ( 'NONE',  ( 5.950000000000165400, 8.400000000000000400, 9.749999999999989300 ) ) ;
#1952 = DIRECTION ( 'NONE',  ( -0.0000000000000000000, 0.0000000000000000000, -1.000000000000000000 ) ) ;
#1953 = CARTESIAN_POINT ( 'NONE',  ( 7.950000000000000200, 8.000000000000000000, 17.35000000000011500 ) ) ;
#1954 = CARTESIAN_POINT ( 'NONE',  ( 7.673004626611402500, 8.000000000000000000, 0.0000000000000000000 ) ) ;
#1955 = ORIENTED_EDGE ( 'NONE', *, *, #7653, .F. ) ;
#1956 = ORIENTED_EDGE ( 'NONE', *, *, #4536, .F. ) ;
#1957 = CARTESIAN_POINT ( 'NONE',  ( 7.950000000000000200, -1.843908891458577100, 3.300000000000000700 ) ) ;
#1958 = ADVANCED_FACE ( 'NONE', ( #8498 ), #8097, .F. ) ;
#1959 = ORIENTED_EDGE ( 'NONE', *, *, #3670, .T. ) ;
#1960 = EDGE_CURVE ( 'NONE', #7313, #4196, #3568, .T. ) ;
#1961 = EDGE_CURVE ( 'NONE', #8821, #5109, #4289, .T. ) ;
#1962 = LINE ( 'NONE', #7726, #5818 ) ;
#1963 = ORIENTED_EDGE ( 'NONE', *, *, #6997, .T. ) ;
#1964 = DIRECTION ( 'NONE',  ( 1.000000000000000000, 0.0000000000000000000, -0.0000000000000000000 ) ) ;
#1965 = DIRECTION ( 'NONE',  ( 0.0000000000000000000, 0.0000000000000000000, 1.000000000000000000 ) ) ;
#1966 = VERTEX_POINT ( 'NONE', #5499 ) ;
#1967 = DIRECTION ( 'NONE',  ( 0.7014534268891475800, -0.08923614685469501200, -0.7071067811865465700 ) ) ;
#1968 = ORIENTED_EDGE ( 'NONE', *, *, #4191, .F. ) ;
#1969 = DIRECTION ( 'NONE',  ( -1.000000000000000000, 0.0000000000000000000, 0.0000000000000000000 ) ) ;
#1970 = ADVANCED_FACE ( 'NONE', ( #360 ), #659, .T. ) ;
#1971 = EDGE_LOOP ( 'NONE', ( #6085, #6894, #121, #1963 ) ) ;
#1972 = VECTOR ( 'NONE', #8351, 1000.000000000000000 ) ;
#1973 = ORIENTED_EDGE ( 'NONE', *, *, #2627, .T. ) ;
#1974 = DIRECTION ( 'NONE',  ( 0.6846169860849561400, 0.3601944209030643100, -0.6336872742246424400 ) ) ;
#1975 = DIRECTION ( 'NONE',  ( 0.0000000000000000000, 0.0000000000000000000, -1.000000000000000000 ) ) ;
#1976 = CLOSED_SHELL ( 'NONE', ( #5371, #4826, #8984, #5487, #1192, #9079, #2465, #8579, #6418, #1537, #1114, #2584, #5659, #10746, #6538, #870, #1824, #2848, #8526, #6163, #1708, #8099, #4221, #8042, #10709, #6855, #3028, #8738, #9946, #4331, #9715, #4389, #4411, #6802, #2192, #4702, #8767, #10840, #10370, #1774, #10599, #9542, #4457, #3454, #2900, #688, #11212, #8701, #10522, #1341, #7556, #986, #3085, #289, #8122, #9278, #1044, #9985, #5619, #1883, #10881, #6053, #240, #5886, #7099, #3726, #10828, #4863, #6909, #9046, #7309, #8849, #4758, #10942, #7078, #10896 ) ) ;
#1977 = DIRECTION ( 'NONE',  ( -0.4265687399014589400, 0.9044551454543676700, -0.0000000000000000000 ) ) ;
#1978 = EDGE_CURVE ( 'NONE', #10893, #10073, #3844, .T. ) ;
#1979 = CARTESIAN_POINT ( 'NONE',  ( 0.0000000000000000000, 7.825000000000000200, -4.500000000000000000 ) ) ;
#1980 = AXIS2_PLACEMENT_3D ( 'NONE', #4469, #7189, #4437 ) ;
#1981 = ORIENTED_EDGE ( 'NONE', *, *, #801, .T. ) ;
#1982 = CARTESIAN_POINT ( 'NONE',  ( 7.950000000000000200, 3.100000000000000500, 3.700000000000000600 ) ) ;
#1983 = AXIS2_PLACEMENT_3D ( 'NONE', #1416, #10222, #8455 ) ;
#1984 = CARTESIAN_POINT ( 'NONE',  ( 5.915044977147069000, 10.32787459131577800, 13.81656896466870200 ) ) ;
#1985 = ORIENTED_EDGE ( 'NONE', *, *, #2953, .F. ) ;
#1986 = LINE ( 'NONE', #10615, #11055 ) ;
#1987 = VERTEX_POINT ( 'NONE', #2105 ) ;
#1988 = ORIENTED_EDGE ( 'NONE', *, *, #10637, .F. ) ;
#1989 = CARTESIAN_POINT ( 'NONE',  ( 0.0000000000000000000, 7.825000000000000200, 6.249999999999999100 ) ) ;
#1990 = CARTESIAN_POINT ( 'NONE',  ( 0.0000000000000000000, 7.825000000000000200, 14.60000000000000000 ) ) ;
#1991 = DIRECTION ( 'NONE',  ( 1.000000000000000000, 0.0000000000000000000, 0.0000000000000000000 ) ) ;
#1992 = DIRECTION ( 'NONE',  ( -2.496005001405477600E-016, -0.0000000000000000000, -1.000000000000000000 ) ) ;
#1993 = ADVANCED_FACE ( 'NONE', ( #5048 ), #9703, .T. ) ;
#1994 = EDGE_CURVE ( 'NONE', #8797, #10914, #7389, .T. ) ;
#1995 = ORIENTED_EDGE ( 'NONE', *, *, #419, .F. ) ;
#1996 = VECTOR ( 'NONE', #1721, 1000.000000000000000 ) ;
#1997 = LINE ( 'NONE', #8165, #3676 ) ;
#1998 = VERTEX_POINT ( 'NONE', #218 ) ;
#1999 = EDGE_CURVE ( 'NONE', #6194, #1391, #7407, .T. ) ;
#2000 = CARTESIAN_POINT ( 'NONE',  ( -7.950000000000000200, -1.843908891458577100, 15.80000000000011600 ) ) ;
#2001 = CARTESIAN_POINT ( 'NONE',  ( -6.227039699561737000, 9.033902702025105900, -7.752787962922404600 ) ) ;
#2002 = PLANE ( 'NONE',  #1768 ) ;
#2003 = DIRECTION ( 'NONE',  ( 5.193444290204190200E-016, -9.404822749580276000E-017, -1.000000000000000000 ) ) ;
#2004 = ORIENTED_EDGE ( 'NONE', *, *, #6755, .F. ) ;
#2005 = ORIENTED_EDGE ( 'NONE', *, *, #2786, .T. ) ;
#2006 = LINE ( 'NONE', #4241, #4495 ) ;
#2007 = LINE ( 'NONE', #6184, #10795 ) ;
#2008 = DIRECTION ( 'NONE',  ( -2.496005001405477600E-016, -0.0000000000000000000, -1.000000000000000000 ) ) ;
#2009 = EDGE_CURVE ( 'NONE', #2195, #6091, #5065, .T. ) ;
#2010 = LINE ( 'NONE', #3244, #7527 ) ;
#2011 = AXIS2_PLACEMENT_3D ( 'NONE', #7412, #252, #10925 ) ;
#2012 = EDGE_CURVE ( 'NONE', #8837, #8322, #9161, .T. ) ;
#2013 = CARTESIAN_POINT ( 'NONE',  ( -9.999999999999996400, 8.000000000000000000, 5.100000000000000500 ) ) ;
#2014 = CARTESIAN_POINT ( 'NONE',  ( -9.999999999999992900, 0.0000000000000000000, 15.80000000000000100 ) ) ;
#2015 = CARTESIAN_POINT ( 'NONE',  ( -6.924999999999997200, 7.825000000000002000, -6.399999999999985300 ) ) ;
#2016 = ADVANCED_FACE ( 'NONE', ( #5872 ), #6372, .F. ) ;
#2017 = FACE_OUTER_BOUND ( 'NONE', #5377, .T. ) ;
#2018 = CARTESIAN_POINT ( 'NONE',  ( 4.960612219186875100, 9.825723225615183400, 6.250000000000000000 ) ) ;
#2019 = VERTEX_POINT ( 'NONE', #8977 ) ;
#2020 = FILL_AREA_STYLE_COLOUR ( '', #8921 ) ;
#2021 = EDGE_LOOP ( 'NONE', ( #8574, #10872, #2469, #132 ) ) ;
#2022 = UNCERTAINTY_MEASURE_WITH_UNIT (LENGTH_MEASURE( 1.000000000000000100E-005 ), #10085, 'distance_accuracy_value', 'NONE');
#2023 = CIRCLE ( 'NONE', #2067, 5.500000000000006200 ) ;
#2024 = FACE_OUTER_BOUND ( 'NONE', #5028, .T. ) ;
#2025 = VECTOR ( 'NONE', #8543, 1000.000000000000000 ) ;
#2026 = CARTESIAN_POINT ( 'NONE',  ( -8.350000000000001400, 1.600000000000000100, 9.700000000000001100 ) ) ;
#2027 = LINE ( 'NONE', #3757, #4512 ) ;
#2028 = VERTEX_POINT ( 'NONE', #538 ) ;
#2029 = CARTESIAN_POINT ( 'NONE',  ( 10.00000000000000400, 8.000000000000000000, 5.100000000000000500 ) ) ;
#2030 = FACE_OUTER_BOUND ( 'NONE', #2210, .T. ) ;
#2031 = CARTESIAN_POINT ( 'NONE',  ( -3.042877342671344500E-015, 7.825000000000000200, -5.449999999999997500 ) ) ;
#2032 = ADVANCED_FACE ( 'NONE', ( #228 ), #8379, .T. ) ;
#2033 = ORIENTED_EDGE ( 'NONE', *, *, #8570, .F. ) ;
#2034 = VECTOR ( 'NONE', #9820, 1000.000000000000000 ) ;
#2035 = EDGE_CURVE ( 'NONE', #2122, #7889, #8205, .T. ) ;
#2036 = DIRECTION ( 'NONE',  ( 1.000000000000000000, 0.0000000000000000000, -0.0000000000000000000 ) ) ;
#2037 = FACE_OUTER_BOUND ( 'NONE', #8785, .T. ) ;
#2038 = AXIS2_PLACEMENT_3D ( 'NONE', #3018, #10039, #1203 ) ;
#2039 = VECTOR ( 'NONE', #2223, 1000.000000000000000 ) ;
#2040 = CARTESIAN_POINT ( 'NONE',  ( 6.648974508221141600, 9.207712619315408600, 2.200000000000114300 ) ) ;
#2041 = TOROIDAL_SURFACE ( 'NONE', #4659, 4.758349359033614300, 2.999999999999999100 ) ;
#2042 = ORIENTED_EDGE ( 'NONE', *, *, #5231, .F. ) ;
#2044 = CARTESIAN_POINT ( 'NONE',  ( -8.350000000000001400, -1.843908891458577100, 5.100000000000114200 ) ) ;
#2043 = DIRECTION ( 'NONE',  ( -4.034240641806528900E-016, -1.000000000000000000, -0.0000000000000000000 ) ) ;
#2045 = LINE ( 'NONE', #6565, #9051 ) ;
#2046 = EDGE_LOOP ( 'NONE', ( #10603, #1568, #3549, #8712 ) ) ;
#2047 = DIRECTION ( 'NONE',  ( -1.000000000000000000, 0.0000000000000000000, 5.507058653894627800E-016 ) ) ;
#2049 = DIRECTION ( 'NONE',  ( 0.0000000000000000000, 1.000000000000000000, 0.0000000000000000000 ) ) ;
#2048 = VECTOR ( 'NONE', #2382, 999.9999999999998900 ) ;
#2050 = EDGE_CURVE ( 'NONE', #10073, #5148, #9581, .T. ) ;
#2051 = CARTESIAN_POINT ( 'NONE',  ( -8.350000000000001400, 12.30000000000000100, 4.700000000000113900 ) ) ;
#2052 = AXIS2_PLACEMENT_3D ( 'NONE', #3042, #1141, #1562 ) ;
#2053 = VECTOR ( 'NONE', #5270, 1000.000000000000000 ) ;
#2054 = AXIS2_PLACEMENT_3D ( 'NONE', #2347, #5008, #4136 ) ;
#2055 = ADVANCED_FACE ( 'NONE', ( #11088 ), #10029, .F. ) ;
#2056 = ORIENTED_EDGE ( 'NONE', *, *, #4452, .T. ) ;
#2057 = VECTOR ( 'NONE', #4556, 1000.000000000000000 ) ;
#2058 = VERTEX_POINT ( 'NONE', #3047 ) ;
#2059 = DIRECTION ( 'NONE',  ( 1.000000000000000000, 0.0000000000000000000, 0.0000000000000000000 ) ) ;
#2060 = CARTESIAN_POINT ( 'NONE',  ( 10.00000000000000200, 0.0000000000000000000, 0.0000000000000000000 ) ) ;
#2061 = ORIENTED_EDGE ( 'NONE', *, *, #7260, .F. ) ;
#2062 = CIRCLE ( 'NONE', #7059, 1.600000000000000800 ) ;
#2063 = EDGE_CURVE ( 'NONE', #1966, #10869, #3697, .T. ) ;
#2064 = ORIENTED_EDGE ( 'NONE', *, *, #2204, .T. ) ;
#2065 = EDGE_CURVE ( 'NONE', #4816, #1301, #4645, .T. ) ;
#2066 = DIRECTION ( 'NONE',  ( 0.0000000000000000000, 0.0000000000000000000, -1.000000000000000000 ) ) ;
#2067 = AXIS2_PLACEMENT_3D ( 'NONE', #2522, #1714, #9547 ) ;
#2068 = VECTOR ( 'NONE', #2358, 1000.000000000000000 ) ;
#2069 = ORIENTED_EDGE ( 'NONE', *, *, #1377, .T. ) ;
#2070 = DIRECTION ( 'NONE',  ( 0.0000000000000000000, -0.0000000000000000000, 1.000000000000000000 ) ) ;
#2071 = AXIS2_PLACEMENT_3D ( 'NONE', #3300, #5226, #8654 ) ;
#2072 = PLANE ( 'NONE',  #8750 ) ;
#2073 = ORIENTED_EDGE ( 'NONE', *, *, #2670, .F. ) ;
#2074 = DIRECTION ( 'NONE',  ( 0.0000000000000000000, -0.0000000000000000000, 1.000000000000000000 ) ) ;
#2075 = ORIENTED_EDGE ( 'NONE', *, *, #7359, .T. ) ;
#2076 = ADVANCED_FACE ( 'NONE', ( #7536 ), #11049, .F. ) ;
#2077 = ORIENTED_EDGE ( 'NONE', *, *, #5489, .T. ) ;
#2078 = DIRECTION ( 'NONE',  ( 0.0000000000000000000, 0.0000000000000000000, -1.000000000000000000 ) ) ;
#2079 = VERTEX_POINT ( 'NONE', #1306 ) ;
#2080 = PLANE ( 'NONE',  #6495 ) ;
#2081 = EDGE_CURVE ( 'NONE', #1852, #10334, #10537, .T. ) ;
#2082 = CARTESIAN_POINT ( 'NONE',  ( 6.227039699561725400, 6.616097297974897100, -7.752787962922425900 ) ) ;
#2083 = DIRECTION ( 'NONE',  ( 0.9920049496797154200, -0.1261989691358265700, 0.0000000000000000000 ) ) ;
#2084 = AXIS2_PLACEMENT_3D ( 'NONE', #305, #3752, #9909 ) ;
#2085 = CARTESIAN_POINT ( 'NONE',  ( -5.674208310909324200, 12.85453936187189900, 10.17360679775009300 ) ) ;
#2086 = ORIENTED_EDGE ( 'NONE', *, *, #3352, .F. ) ;
#2087 = CARTESIAN_POINT ( 'NONE',  ( -4.104359146306979500, 10.57570944474777400, 14.70000000000011700 ) ) ;
#2088 = ADVANCED_FACE ( 'NONE', ( #6986 ), #9213, .T. ) ;
#2089 = CIRCLE ( 'NONE', #8429, 5.499999999999996400 ) ;
#2090 = VERTEX_POINT ( 'NONE', #5688 ) ;
#2091 = ORIENTED_EDGE ( 'NONE', *, *, #3307, .T. ) ;
#2092 = DIRECTION ( 'NONE',  ( 1.000000000000000000, 0.0000000000000000000, -0.0000000000000000000 ) ) ;
#2093 = ORIENTED_EDGE ( 'NONE', *, *, #2865, .F. ) ;
#2094 = CARTESIAN_POINT ( 'NONE',  ( 0.0000000000000000000, 7.825000000000000200, 0.0000000000000000000 ) ) ;
#2095 = DIRECTION ( 'NONE',  ( -0.4999999999999996700, 0.8660254037844388200, 7.515047549358015300E-016 ) ) ;
#2096 = EDGE_CURVE ( 'NONE', #2843, #9824, #1344, .T. ) ;
#2097 = CARTESIAN_POINT ( 'NONE',  ( -1.449034526683844500, 9.733879744213474800, 12.50000000000000000 ) ) ;
#2098 = FACE_OUTER_BOUND ( 'NONE', #8842, .T. ) ;
#2099 = ORIENTED_EDGE ( 'NONE', *, *, #3292, .F. ) ;
#2100 = EDGE_CURVE ( 'NONE', #3758, #2269, #1748, .T. ) ;
#2101 = VERTEX_POINT ( 'NONE', #4858 ) ;
#2102 = CARTESIAN_POINT ( 'NONE',  ( -9.999999999999996400, 1.599999999999912600, 17.44999999999999600 ) ) ;
#2103 = ORIENTED_EDGE ( 'NONE', *, *, #6686, .F. ) ;
#2104 = CARTESIAN_POINT ( 'NONE',  ( -1.674978353764041500E-015, 7.825000000000000200, -2.999999999999996400 ) ) ;
#2105 = CARTESIAN_POINT ( 'NONE',  ( 6.699454095875470500, 9.604514599187295300, 14.70000000000011700 ) ) ;
#2106 = DIRECTION ( 'NONE',  ( -0.0000000000000000000, -0.0000000000000000000, 1.000000000000000000 ) ) ;
#2107 = LINE ( 'NONE', #7650, #11172 ) ;
#2108 = ORIENTED_EDGE ( 'NONE', *, *, #9940, .F. ) ;
#2109 = DIRECTION ( 'NONE',  ( -1.000000000000000000, 0.0000000000000000000, 0.0000000000000000000 ) ) ;
#2110 = ORIENTED_EDGE ( 'NONE', *, *, #1730, .F. ) ;
#2111 = EDGE_CURVE ( 'NONE', #1442, #6019, #6012, .T. ) ;
#2113 = PLANE ( 'NONE',  #6627 ) ;
#2112 = CARTESIAN_POINT ( 'NONE',  ( -4.104359146306976800, 10.57570944474777400, 5.628740797303262200 ) ) ;
#2114 = VERTEX_POINT ( 'NONE', #3201 ) ;
#2115 = EDGE_CURVE ( 'NONE', #5720, #10116, #7798, .T. ) ;
#2116 = DIRECTION ( 'NONE',  ( 0.0000000000000000000, 0.0000000000000000000, -1.000000000000000000 ) ) ;
#2117 = AXIS2_PLACEMENT_3D ( 'NONE', #10403, #8661, #11279 ) ;
#2118 = ORIENTED_EDGE ( 'NONE', *, *, #4271, .T. ) ;
#2119 = DIRECTION ( 'NONE',  ( -0.0000000000000000000, -0.0000000000000000000, 1.000000000000000000 ) ) ;
#2120 = VECTOR ( 'NONE', #9539, 1000.000000000000100 ) ;
#2121 = ORIENTED_EDGE ( 'NONE', *, *, #6506, .T. ) ;
#2122 = VERTEX_POINT ( 'NONE', #4050 ) ;
#2123 = DIRECTION ( 'NONE',  ( -1.000000000000000000, 0.0000000000000000000, 0.0000000000000000000 ) ) ;
#2124 = ORIENTED_EDGE ( 'NONE', *, *, #6697, .T. ) ;
#2125 = DIRECTION ( 'NONE',  ( -1.000000000000000000, 0.0000000000000000000, -3.154042683594191200E-016 ) ) ;
#2126 = ORIENTED_EDGE ( 'NONE', *, *, #5078, .T. ) ;
#2127 = CARTESIAN_POINT ( 'NONE',  ( 6.924999999999988300, 7.824999999999998400, -6.400000000000006600 ) ) ;
#2128 = VECTOR ( 'NONE', #1516, 1000.000000000000000 ) ;
#2129 = LINE ( 'NONE', #5449, #9276 ) ;
#2130 = EDGE_CURVE ( 'NONE', #10210, #1270, #8757, .T. ) ;
#2131 = ORIENTED_EDGE ( 'NONE', *, *, #8825, .F. ) ;
#2132 = ADVANCED_FACE ( 'NONE', ( #2446 ), #4092, .F. ) ;
#2133 = PLANE ( 'NONE',  #168 ) ;
#2134 = CARTESIAN_POINT ( 'NONE',  ( 7.300000000000002500, 8.000000000000000000, 3.300000000000000700 ) ) ;
#2135 = CARTESIAN_POINT ( 'NONE',  ( 7.950000000000000200, -3.350000000000042700, 9.800000000000114400 ) ) ;
#2136 = ORIENTED_EDGE ( 'NONE', *, *, #9167, .F. ) ;
#2137 = ORIENTED_EDGE ( 'NONE', *, *, #11094, .T. ) ;
#2138 = CIRCLE ( 'NONE', #2442, 0.4500000000000007300 ) ;
#2139 = CIRCLE ( 'NONE', #8117, 0.4500000000000007300 ) ;
#2140 =( NAMED_UNIT ( * ) PLANE_ANGLE_UNIT ( ) SI_UNIT ( $, .RADIAN. ) );
#2141 = CARTESIAN_POINT ( 'NONE',  ( 6.924999999999988300, 7.824999999999998400, -6.400000000000006600 ) ) ;
#2142 = ADVANCED_FACE ( 'NONE', ( #8357 ), #1449, .F. ) ;
#2143 = DIRECTION ( 'NONE',  ( -0.0000000000000000000, -0.0000000000000000000, 1.000000000000000000 ) ) ;
#2144 = LINE ( 'NONE', #3389, #1183 ) ;
#2145 = CARTESIAN_POINT ( 'NONE',  ( -6.924999999999998900, 7.825000000000002000, -7.274999999999975500 ) ) ;
#2146 = EDGE_CURVE ( 'NONE', #4994, #3423, #3972, .T. ) ;
#2147 = VERTEX_POINT ( 'NONE', #7604 ) ;
#2148 = DIRECTION ( 'NONE',  ( 2.111837275102199700E-016, -0.0000000000000000000, -1.000000000000000000 ) ) ;
#2149 = AXIS2_PLACEMENT_3D ( 'NONE', #7743, #3333, #6826 ) ;
#2150 = LINE ( 'NONE', #8023, #2034 ) ;
#2151 = VECTOR ( 'NONE', #8195, 1000.000000000000000 ) ;
#2152 = VERTEX_POINT ( 'NONE', #5876 ) ;
#2153 = ORIENTED_EDGE ( 'NONE', *, *, #9147, .F. ) ;
#2154 = VECTOR ( 'NONE', #5366, 1000.000000000000000 ) ;
#2155 = LINE ( 'NONE', #6797, #10129 ) ;
#2157 = CARTESIAN_POINT ( 'NONE',  ( 0.0000000000000000000, 7.825000000000000200, 20.85000000000000100 ) ) ;
#2156 = PLANE ( 'NONE',  #3295 ) ;
#2158 = CARTESIAN_POINT ( 'NONE',  ( -2.512467530646063700E-015, 7.825000000000000200, -4.499999999999997300 ) ) ;
#2159 = CARTESIAN_POINT ( 'NONE',  ( 5.342470198690494800, 5.083977979640082800, -7.932195697510271000 ) ) ;
#2160 = DIRECTION ( 'NONE',  ( -1.000000000000000000, 0.0000000000000000000, 0.0000000000000000000 ) ) ;
#2161 = VECTOR ( 'NONE', #3833, 1000.000000000000000 ) ;
#2162 = ORIENTED_EDGE ( 'NONE', *, *, #2035, .T. ) ;
#2163 = VECTOR ( 'NONE', #4102, 1000.000000000000000 ) ;
#2164 = CARTESIAN_POINT ( 'NONE',  ( 8.350000000000001400, 1.600000000000000100, 3.700000000000000600 ) ) ;
#2165 = ORIENTED_EDGE ( 'NONE', *, *, #7372, .T. ) ;
#2166 = LINE ( 'NONE', #8699, #7123 ) ;
#2167 = EDGE_CURVE ( 'NONE', #7975, #8814, #2300, .T. ) ;
#2168 = VECTOR ( 'NONE', #2778, 1000.000000000000000 ) ;
#2169 = CIRCLE ( 'NONE', #9272, 1.000000000000000900 ) ;
#2170 = AXIS2_PLACEMENT_3D ( 'NONE', #7856, #6092, #824 ) ;
#2171 = VECTOR ( 'NONE', #9475, 1000.000000000000000 ) ;
#2172 = CARTESIAN_POINT ( 'NONE',  ( -4.758349359033614300, 7.825000000000000200, -5.199999999999983300 ) ) ;
#2173 = LINE ( 'NONE', #5030, #10143 ) ;
#2174 = CARTESIAN_POINT ( 'NONE',  ( -9.999999999999996400, 3.099999999999913000, 16.19999999999999900 ) ) ;
#2175 = ORIENTED_EDGE ( 'NONE', *, *, #10345, .F. ) ;
#2176 = DIRECTION ( 'NONE',  ( 0.0000000000000000000, 0.0000000000000000000, -1.000000000000000000 ) ) ;
#2177 = CIRCLE ( 'NONE', #10508, 0.2000000000001245500 ) ;
#2178 = CARTESIAN_POINT ( 'NONE',  ( 4.750000000000001800, 8.000000000000000000, 2.199999999999999300 ) ) ;
#2179 = ORIENTED_EDGE ( 'NONE', *, *, #6815, .F. ) ;
#2180 = SURFACE_STYLE_FILL_AREA ( #503 ) ;
#2181 = LINE ( 'NONE', #703, #7129 ) ;
#2182 = CARTESIAN_POINT ( 'NONE',  ( 6.946575993125049900, 9.169852928574661300, 18.40000000000011900 ) ) ;
#2183 = ORIENTED_EDGE ( 'NONE', *, *, #5231, .T. ) ;
#2184 = CARTESIAN_POINT ( 'NONE',  ( -4.832135734971188900, 11.53794763439791800, 2.200000000000114300 ) ) ;
#2185 = EDGE_CURVE ( 'NONE', #7542, #179, #10411, .T. ) ;
#2186 = VECTOR ( 'NONE', #3657, 1000.000000000000000 ) ;
#2187 = CARTESIAN_POINT ( 'NONE',  ( -4.832135734971188900, 11.53794763439791800, 6.200000000000113900 ) ) ;
#2188 = ORIENTED_EDGE ( 'NONE', *, *, #3078, .F. ) ;
#2189 = EDGE_CURVE ( 'NONE', #7962, #4886, #5749, .T. ) ;
#2190 = AXIS2_PLACEMENT_3D ( 'NONE', #1325, #1397, #440 ) ;
#2191 = FACE_OUTER_BOUND ( 'NONE', #3082, .T. ) ;
#2192 = ADVANCED_FACE ( 'NONE', ( #1064 ), #6702, .T. ) ;
#2194 = CARTESIAN_POINT ( 'NONE',  ( -8.150000000000000400, 12.30000000000000100, 10.72639320225013600 ) ) ;
#2193 = CARTESIAN_POINT ( 'NONE',  ( 3.210233636357373100, 8.000000000000000000, 22.67500000000000100 ) ) ;
#2195 = VERTEX_POINT ( 'NONE', #6833 ) ;
#2196 = DIRECTION ( 'NONE',  ( 1.000000000000000000, 0.0000000000000000000, 0.0000000000000000000 ) ) ;
#2197 = LINE ( 'NONE', #609, #10170 ) ;
#2198 = DIRECTION ( 'NONE',  ( -5.583261179213480200E-016, 0.0000000000000000000, -1.000000000000000000 ) ) ;
#2199 = DIRECTION ( 'NONE',  ( -0.0000000000000000000, -1.000000000000000000, -0.0000000000000000000 ) ) ;
#2200 = ORIENTED_EDGE ( 'NONE', *, *, #10825, .T. ) ;
#2201 = CARTESIAN_POINT ( 'NONE',  ( -8.350000000000001400, 8.000000000000000000, 3.700000000000113900 ) ) ;
#2202 = CYLINDRICAL_SURFACE ( 'NONE', #2357, 0.6500000000000012400 ) ;
#2203 = VERTEX_POINT ( 'NONE', #7712 ) ;
#2204 = EDGE_CURVE ( 'NONE', #1165, #3240, #8066, .T. ) ;
#2205 = DIRECTION ( 'NONE',  ( 0.0000000000000000000, 0.0000000000000000000, -1.000000000000000000 ) ) ;
#2206 = ADVANCED_FACE ( 'NONE', ( #95 ), #10808, .T. ) ;
#2207 = AXIS2_PLACEMENT_3D ( 'NONE', #133, #1910, #9891 ) ;
#2208 = ORIENTED_EDGE ( 'NONE', *, *, #6620, .F. ) ;
#2209 = DIRECTION ( 'NONE',  ( 0.1261989691358260700, 0.9920049496797154200, 0.0000000000000000000 ) ) ;
#2210 = EDGE_LOOP ( 'NONE', ( #7149, #6533, #3053, #6300, #7338 ) ) ;
#2211 = CARTESIAN_POINT ( 'NONE',  ( 3.210233636357328700, 8.000000000000023100, 0.05000000000000143200 ) ) ;
#2212 = DIRECTION ( 'NONE',  ( -1.000000000000000000, 0.0000000000000000000, 0.0000000000000000000 ) ) ;
#2213 = VECTOR ( 'NONE', #11302, 1000.000000000000100 ) ;
#2214 = VERTEX_POINT ( 'NONE', #2336 ) ;
#2215 = ORIENTED_EDGE ( 'NONE', *, *, #1406, .T. ) ;
#2216 = VERTEX_POINT ( 'NONE', #9474 ) ;
#2217 = EDGE_CURVE ( 'NONE', #2079, #2691, #5469, .T. ) ;
#2218 = ORIENTED_EDGE ( 'NONE', *, *, #6197, .F. ) ;
#2219 = DIRECTION ( 'NONE',  ( -0.9920049496797154200, 0.1261989691358265700, 0.0000000000000000000 ) ) ;
#2220 = MECHANICAL_DESIGN_GEOMETRIC_PRESENTATION_REPRESENTATION (  '', ( #1630 ), #10248 ) ;
#2221 =( LENGTH_UNIT ( ) NAMED_UNIT ( * ) SI_UNIT ( .MILLI., .METRE. ) );
#2222 = CARTESIAN_POINT ( 'NONE',  ( 6.997055580779380600, 9.566654908446548000, 6.200000000000113900 ) ) ;
#2223 = DIRECTION ( 'NONE',  ( 0.0000000000000000000, 1.000000000000000000, 0.0000000000000000000 ) ) ;
#2224 = CYLINDRICAL_SURFACE ( 'NONE', #11082, 0.6500000000000012400 ) ;
#2225 = VERTEX_POINT ( 'NONE', #6724 ) ;
#2226 = ORIENTED_EDGE ( 'NONE', *, *, #1072, .F. ) ;
#2227 = DIRECTION ( 'NONE',  ( 1.000000000000000000, -0.0000000000000000000, -0.0000000000000000000 ) ) ;
#2228 = ORIENTED_EDGE ( 'NONE', *, *, #1317, .T. ) ;
#2229 =( BOUNDED_CURVE ( )  B_SPLINE_CURVE ( 3, ( #2639, #4310, #9589, #832 ),
 .UNSPECIFIED., .F., .F. ) 
 B_SPLINE_CURVE_WITH_KNOTS ( ( 4, 4 ),
 ( 2.011491962923467100, 2.411864997362835900 ),
 .UNSPECIFIED. ) 
 CURVE ( )  GEOMETRIC_REPRESENTATION_ITEM ( )  RATIONAL_B_SPLINE_CURVE ( ( 1.000000000000000000, 0.9866863370284214600, 0.9866863370284214600, 1.000000000000000000 ) ) 
 REPRESENTATION_ITEM ( '' )  );
#2230 = CARTESIAN_POINT ( 'NONE',  ( -4.832135734971188900, 11.53794763439791800, 9.950000000000114800 ) ) ;
#2231 = CARTESIAN_POINT ( 'NONE',  ( -4.104359146306979500, 10.57570944474777400, 12.45000000000011300 ) ) ;
#2232 = FACE_OUTER_BOUND ( 'NONE', #10588, .T. ) ;
#2233 = EDGE_CURVE ( 'NONE', #8182, #8177, #5207, .T. ) ;
#2234 = ORIENTED_EDGE ( 'NONE', *, *, #3320, .F. ) ;
#2235 = CARTESIAN_POINT ( 'NONE',  ( 8.350000000000001400, 1.599999999999956600, 9.949999999999999300 ) ) ;
#2236 = CARTESIAN_POINT ( 'NONE',  ( -7.950000000000000200, -3.349999999999998800, 4.850000000000117800 ) ) ;
#2237 = ORIENTED_EDGE ( 'NONE', *, *, #8572, .T. ) ;
#2238 = AXIS2_PLACEMENT_3D ( 'NONE', #7183, #7256, #7216 ) ;
#2239 = CARTESIAN_POINT ( 'NONE',  ( -4.832135734971188900, 11.53794763439791800, 8.450000000000113000 ) ) ;
#2240 = ORIENTED_EDGE ( 'NONE', *, *, #3891, .F. ) ;
#2241 = CARTESIAN_POINT ( 'NONE',  ( -8.450000000000001100, 8.136921960083562100, 16.33692196008367500 ) ) ;
#2242 = CIRCLE ( 'NONE', #3739, 0.5000000000000004400 ) ;
#2243 = VERTEX_POINT ( 'NONE', #3303 ) ;
#2244 = CARTESIAN_POINT ( 'NONE',  ( 3.469446951953614200E-015, 8.000000000000000000, 10.42500000000000200 ) ) ;
#2245 = EDGE_LOOP ( 'NONE', ( #6700, #4796, #8528, #512 ) ) ;
#2246 = DIRECTION ( 'NONE',  ( 0.0000000000000000000, 0.0000000000000000000, 1.000000000000000000 ) ) ;
#2247 = ADVANCED_FACE ( 'NONE', ( #6849 ), #5945, .F. ) ;
#2248 = CARTESIAN_POINT ( 'NONE',  ( -5.000000000000002700, 3.600000000000000100, 1.949999999999993500 ) ) ;
#2249 = EDGE_CURVE ( 'NONE', #10786, #7696, #783, .T. ) ;
#2250 = ORIENTED_EDGE ( 'NONE', *, *, #11066, .F. ) ;
#2251 = DIRECTION ( 'NONE',  ( -0.9920049496797153100, 0.1261989691358270700, -6.696916640619664200E-016 ) ) ;
#2252 = EDGE_CURVE ( 'NONE', #9895, #3523, #6814, .T. ) ;
#2253 = DIRECTION ( 'NONE',  ( -0.9848077530122088000, 0.0000000000000000000, -0.1736481776669262800 ) ) ;
#2254 = EDGE_LOOP ( 'NONE', ( #733, #1573, #7086, #2200, #48, #1988, #7929, #625, #8962, #7050, #7784, #5306 ) ) ;
#2255 = AXIS2_PLACEMENT_3D ( 'NONE', #10830, #3716, #6344 ) ;
#2256 = FACE_OUTER_BOUND ( 'NONE', #5890, .T. ) ;
#2257 = ORIENTED_EDGE ( 'NONE', *, *, #2405, .T. ) ;
#2258 = VERTEX_POINT ( 'NONE', #10 ) ;
#2259 = AXIS2_PLACEMENT_3D ( 'NONE', #1340, #6610, #7532 ) ;
#2260 = CARTESIAN_POINT ( 'NONE',  ( -5.855099340000199600, 12.76922561389160500, 18.70000000000011700 ) ) ;
#2261 = DIRECTION ( 'NONE',  ( 0.1261989691358265700, 0.9920049496797154200, -2.775557561562891400E-017 ) ) ;
#2262 = ORIENTED_EDGE ( 'NONE', *, *, #7620, .F. ) ;
#2263 = PLANE ( 'NONE',  #9506 ) ;
#2264 = EDGE_LOOP ( 'NONE', ( #10526, #1275, #5351, #8525, #4072, #2093, #1009, #569 ) ) ;
#2265 = CARTESIAN_POINT ( 'NONE',  ( 8.350000000000001400, 8.400000000000000400, 6.200000000000001100 ) ) ;
#2266 = VERTEX_POINT ( 'NONE', #9664 ) ;
#2267 = CIRCLE ( 'NONE', #6132, 0.3000000000000001600 ) ;
#2268 = LINE ( 'NONE', #952, #4899 ) ;
#2269 = VERTEX_POINT ( 'NONE', #4352 ) ;
#2270 = ORIENTED_EDGE ( 'NONE', *, *, #7372, .F. ) ;
#2271 = EDGE_CURVE ( 'NONE', #1401, #7953, #4517, .T. ) ;
#2272 = DIRECTION ( 'NONE',  ( -2.168404344971005900E-016, 0.0000000000000000000, -1.000000000000000000 ) ) ;
#2273 = AXIS2_PLACEMENT_3D ( 'NONE', #594, #6749, #11186 ) ;
#2274 = DIRECTION ( 'NONE',  ( 2.168404344971008900E-016, 0.0000000000000000000, 1.000000000000000000 ) ) ;
#2275 = AXIS2_PLACEMENT_3D ( 'NONE', #3086, #7383, #3048 ) ;
#2276 = CARTESIAN_POINT ( 'NONE',  ( 8.349999999999999600, 1.600000000000000500, 4.700000000000002000 ) ) ;
#2277 = ORIENTED_EDGE ( 'NONE', *, *, #10441, .F. ) ;
#2278 = CYLINDRICAL_SURFACE ( 'NONE', #5539, 1.499999999999999600 ) ;
#2279 = LINE ( 'NONE', #4690, #9285 ) ;
#2280 = VERTEX_POINT ( 'NONE', #2676 ) ;
#2281 = DIRECTION ( 'NONE',  ( 0.9044551454543675600, 0.4265687399014594400, 0.0000000000000000000 ) ) ;
#2282 = CARTESIAN_POINT ( 'NONE',  ( -8.350000000000001400, 8.000000000000000000, 4.700000000000113900 ) ) ;
#2283 = EDGE_CURVE ( 'NONE', #9037, #1354, #2854, .T. ) ;
#2284 = EDGE_CURVE ( 'NONE', #8014, #6192, #2023, .T. ) ;
#2285 = DIRECTION ( 'NONE',  ( 0.0000000000000000000, 1.000000000000000000, 0.0000000000000000000 ) ) ;
#2286 = ORIENTED_EDGE ( 'NONE', *, *, #518, .F. ) ;
#2287 = ORIENTED_EDGE ( 'NONE', *, *, #9450, .T. ) ;
#2288 = AXIS2_PLACEMENT_3D ( 'NONE', #9397, #9435, #11126 ) ;
#2289 = CIRCLE ( 'NONE', #2371, 0.6500000000000012400 ) ;
#2290 = CYLINDRICAL_SURFACE ( 'NONE', #2457, 5.499999999999994700 ) ;
#2291 = DIRECTION ( 'NONE',  ( 1.000000000000000000, 0.0000000000000000000, 0.0000000000000000000 ) ) ;
#2292 = AXIS2_PLACEMENT_3D ( 'NONE', #1407, #9325, #5836 ) ;
#2293 = LINE ( 'NONE', #3982, #9020 ) ;
#2294 = DIRECTION ( 'NONE',  ( -1.000000000000000000, 0.0000000000000000000, -0.0000000000000000000 ) ) ;
#2295 = CIRCLE ( 'NONE', #9419, 7.674999999999998000 ) ;
#2296 = CARTESIAN_POINT ( 'NONE',  ( -5.108410434011671200, 11.65487620520117000, 14.70000000000011700 ) ) ;
#2297 = CARTESIAN_POINT ( 'NONE',  ( -3.210233636357317200, 8.000000000000000000, 0.0000000000000000000 ) ) ;
#2298 = ORIENTED_EDGE ( 'NONE', *, *, #5898, .F. ) ;
#2299 = CARTESIAN_POINT ( 'NONE',  ( -8.350000000000001400, -1.843908891458577100, 17.60000000000011500 ) ) ;
#2300 = CIRCLE ( 'NONE', #4082, 0.6500000000000012400 ) ;
#2301 = VECTOR ( 'NONE', #5424, 1000.000000000000000 ) ;
#2302 = VECTOR ( 'NONE', #6460, 1000.000000000000000 ) ;
#2303 = VECTOR ( 'NONE', #3541, 1000.000000000000100 ) ;
#2304 = EDGE_CURVE ( 'NONE', #6952, #2879, #7066, .T. ) ;
#2305 = VECTOR ( 'NONE', #8919, 1000.000000000000000 ) ;
#2306 = ADVANCED_FACE ( 'NONE', ( #4384, #1613 ), #1674, .F. ) ;
#2308 = DIRECTION ( 'NONE',  ( 0.0000000000000000000, 0.0000000000000000000, 1.000000000000000000 ) ) ;
#2307 = DIRECTION ( 'NONE',  ( 0.0000000000000000000, 0.0000000000000000000, -1.000000000000000000 ) ) ;
#2309 = LINE ( 'NONE', #8924, #10280 ) ;
#2310 = ORIENTED_EDGE ( 'NONE', *, *, #6309, .F. ) ;
#2311 = VERTEX_POINT ( 'NONE', #7064 ) ;
#2312 = DIRECTION ( 'NONE',  ( 0.0000000000000000000, 1.000000000000000000, 0.0000000000000000000 ) ) ;
#2313 = DIRECTION ( 'NONE',  ( -0.0000000000000000000, 1.000000000000000000, 5.782411586589357600E-016 ) ) ;
#2314 = DIRECTION ( 'NONE',  ( 0.0000000000000000000, -1.000000000000000000, 0.0000000000000000000 ) ) ;
#2315 = VECTOR ( 'NONE', #8186, 1000.000000000000000 ) ;
#2317 = CARTESIAN_POINT ( 'NONE',  ( -7.673004626611401600, 8.000000000000000000, 0.0000000000000000000 ) ) ;
#2316 = CYLINDRICAL_SURFACE ( 'NONE', #284, 7.874999999999992900 ) ;
#2318 = LINE ( 'NONE', #2127, #10812 ) ;
#2319 = ORIENTED_EDGE ( 'NONE', *, *, #139, .F. ) ;
#2320 = DIRECTION ( 'NONE',  ( -1.000000000000000000, 0.0000000000000000000, 0.0000000000000000000 ) ) ;
#2321 = EDGE_CURVE ( 'NONE', #6485, #1170, #2229, .T. ) ;
#2322 = LINE ( 'NONE', #482, #1490 ) ;
#2323 = VERTEX_POINT ( 'NONE', #10469 ) ;
#2324 = AXIS2_PLACEMENT_3D ( 'NONE', #1806, #3562, #7014 ) ;
#2325 = EDGE_CURVE ( 'NONE', #5420, #11373, #7253, .T. ) ;
#2326 = CARTESIAN_POINT ( 'NONE',  ( -4.808410434011671300, 11.65487620520117000, 10.04563617577965600 ) ) ;
#2327 = DIRECTION ( 'NONE',  ( 0.7014534268891475800, -0.08923614685469524700, 0.7071067811865464600 ) ) ;
#2328 = LINE ( 'NONE', #11325, #1775 ) ;
#2329 = CARTESIAN_POINT ( 'NONE',  ( -8.350000000000001400, 9.360147050873548500, 16.05000000000000100 ) ) ;
#2330 = DIRECTION ( 'NONE',  ( -0.0000000000000000000, -0.0000000000000000000, -1.000000000000000000 ) ) ;
#2331 = ORIENTED_EDGE ( 'NONE', *, *, #823, .F. ) ;
#2332 = EDGE_LOOP ( 'NONE', ( #11125, #8540, #311, #9138 ) ) ;
#2333 = CIRCLE ( 'NONE', #6120, 1.499999999999999600 ) ;
#2334 = ORIENTED_EDGE ( 'NONE', *, *, #1197, .T. ) ;
#2335 = DIRECTION ( 'NONE',  ( -0.0000000000000000000, -1.000000000000000000, -0.0000000000000000000 ) ) ;
#2336 = CARTESIAN_POINT ( 'NONE',  ( 7.950000000000000200, 8.000000000000000000, 5.100000000000000500 ) ) ;
#2337 = CARTESIAN_POINT ( 'NONE',  ( 8.350000000000001400, 3.299999999999912800, 17.44999999999999600 ) ) ;
#2338 = EDGE_CURVE ( 'NONE', #4278, #9943, #2166, .T. ) ;
#2339 = ORIENTED_EDGE ( 'NONE', *, *, #6022, .T. ) ;
#2340 = AXIS2_PLACEMENT_3D ( 'NONE', #1989, #9131, #8214 ) ;
#2341 = CYLINDRICAL_SURFACE ( 'NONE', #10036, 4.500000000000000000 ) ;
#2342 = AXIS2_PLACEMENT_3D ( 'NONE', #7611, #10262, #9372 ) ;
#2343 = ORIENTED_EDGE ( 'NONE', *, *, #9099, .T. ) ;
#2344 = VECTOR ( 'NONE', #1624, 1000.000000000000100 ) ;
#2345 = VERTEX_POINT ( 'NONE', #3730 ) ;
#2347 = CARTESIAN_POINT ( 'NONE',  ( 5.950000000000002000, 8.400000000000000400, 4.199999999999989500 ) ) ;
#2346 = DIRECTION ( 'NONE',  ( 0.0000000000000000000, 0.0000000000000000000, 1.000000000000000000 ) ) ;
#2348 = PLANE ( 'NONE',  #2580 ) ;
#2349 = DIRECTION ( 'NONE',  ( -0.0000000000000000000, -1.000000000000000000, -0.0000000000000000000 ) ) ;
#2350 = CARTESIAN_POINT ( 'NONE',  ( 6.946575993125049900, 9.169852928574661300, 8.450000000000113000 ) ) ;
#2351 = ORIENTED_EDGE ( 'NONE', *, *, #5074, .T. ) ;
#2352 = ORIENTED_EDGE ( 'NONE', *, *, #4570, .F. ) ;
#2353 = EDGE_CURVE ( 'NONE', #8149, #7500, #4093, .T. ) ;
#2354 = DIRECTION ( 'NONE',  ( -1.000000000000000000, 0.0000000000000000000, 0.0000000000000000000 ) ) ;
#2355 = FACE_OUTER_BOUND ( 'NONE', #7986, .T. ) ;
#2356 = VERTEX_POINT ( 'NONE', #8854 ) ;
#2357 = AXIS2_PLACEMENT_3D ( 'NONE', #8805, #816, #11338 ) ;
#2358 = DIRECTION ( 'NONE',  ( 0.0000000000000000000, 0.0000000000000000000, -1.000000000000000000 ) ) ;
#2359 = CARTESIAN_POINT ( 'NONE',  ( 3.215000000000003000, 7.825000000000000200, 0.04999999999999876800 ) ) ;
#2360 = ADVANCED_FACE ( 'NONE', ( #9181 ), #1889, .T. ) ;
#2361 = VERTEX_POINT ( 'NONE', #8893 ) ;
#2362 = CARTESIAN_POINT ( 'NONE',  ( -4.758349359033623200, 7.825000000000000200, -8.199999999999985100 ) ) ;
#2363 = CARTESIAN_POINT ( 'NONE',  ( -5.000000000000004400, 3.600000000000000100, 18.74999999999999600 ) ) ;
#2364 = CARTESIAN_POINT ( 'NONE',  ( 4.750000000000132300, 8.000000000000000000, 14.70000000000000100 ) ) ;
#2365 = FACE_OUTER_BOUND ( 'NONE', #6714, .T. ) ;
#2366 = ORIENTED_EDGE ( 'NONE', *, *, #4852, .T. ) ;
#2367 = DIRECTION ( 'NONE',  ( 0.0000000000000000000, -0.0000000000000000000, -1.000000000000000000 ) ) ;
#2368 = ORIENTED_EDGE ( 'NONE', *, *, #1003, .T. ) ;
#2369 = EDGE_CURVE ( 'NONE', #3198, #9546, #6577, .T. ) ;
#2370 = DIRECTION ( 'NONE',  ( 0.0000000000000000000, 0.0000000000000000000, -1.000000000000000000 ) ) ;
#2371 = AXIS2_PLACEMENT_3D ( 'NONE', #11288, #456, #6614 ) ;
#2372 = EDGE_CURVE ( 'NONE', #838, #2243, #10960, .T. ) ;
#2373 = ORIENTED_EDGE ( 'NONE', *, *, #6738, .T. ) ;
#2374 = CARTESIAN_POINT ( 'NONE',  ( -9.999999999999996400, 3.299999999999999800, 4.950000000000000200 ) ) ;
#2375 =( BOUNDED_CURVE ( )  B_SPLINE_CURVE ( 3, ( #9676, #1880, #6231, #963 ),
 .UNSPECIFIED., .F., .F. ) 
 B_SPLINE_CURVE_WITH_KNOTS ( ( 4, 4 ),
 ( 2.775557561562889500E-017, 0.6108652381980127500 ),
 .UNSPECIFIED. ) 
 CURVE ( )  GEOMETRIC_REPRESENTATION_ITEM ( )  RATIONAL_B_SPLINE_CURVE ( ( 1.000000000000000000, 0.9691446338321514400, 0.9691446338321514400, 1.000000000000000000 ) ) 
 REPRESENTATION_ITEM ( '' )  );
#2376 = CARTESIAN_POINT ( 'NONE',  ( -7.949999999999998400, 12.30000000000000100, 12.45000000000011300 ) ) ;
#2377 = VECTOR ( 'NONE', #11101, 1000.000000000000000 ) ;
#2378 = ORIENTED_EDGE ( 'NONE', *, *, #10574, .F. ) ;
#2379 = CARTESIAN_POINT ( 'NONE',  ( -9.999999999999996400, 8.000000000000000000, 0.0000000000000000000 ) ) ;
#2380 = VERTEX_POINT ( 'NONE', #1058 ) ;
#2382 = DIRECTION ( 'NONE',  ( 0.1261989691358260900, 0.9920049496797155300, 0.0000000000000000000 ) ) ;
#2381 = CARTESIAN_POINT ( 'NONE',  ( -7.299999999999995400, 8.000000000000000000, 9.550000000000000700 ) ) ;
#2383 = ORIENTED_EDGE ( 'NONE', *, *, #7822, .F. ) ;
#2384 = DIRECTION ( 'NONE',  ( 1.000000000000000000, 0.0000000000000000000, -2.496005001405477600E-016 ) ) ;
#2385 = EDGE_CURVE ( 'NONE', #3672, #9119, #6292, .T. ) ;
#2386 = CARTESIAN_POINT ( 'NONE',  ( 7.774999999999994100, 7.825000000000000200, -1.500000000000000400 ) ) ;
#2387 = AXIS2_PLACEMENT_3D ( 'NONE', #8546, #2398, #5141 ) ;
#2388 = LINE ( 'NONE', #8273, #8157 ) ;
#2389 = EDGE_LOOP ( 'NONE', ( #10341, #10472, #10524, #973 ) ) ;
#2390 = ORIENTED_EDGE ( 'NONE', *, *, #2539, .F. ) ;
#2391 = DIRECTION ( 'NONE',  ( 1.000000000000000000, 0.0000000000000000000, 0.0000000000000000000 ) ) ;
#2392 = ORIENTED_EDGE ( 'NONE', *, *, #4127, .F. ) ;
#2393 = CARTESIAN_POINT ( 'NONE',  ( 4.999999999999997300, 3.600000000000000100, 9.449999999999994000 ) ) ;
#2394 = VERTEX_POINT ( 'NONE', #3654 ) ;
#2395 = DIRECTION ( 'NONE',  ( 0.0000000000000000000, -0.0000000000000000000, 1.000000000000000000 ) ) ;
#2396 = LINE ( 'NONE', #1330, #4473 ) ;
#2397 = ORIENTED_EDGE ( 'NONE', *, *, #10332, .T. ) ;
#2398 = DIRECTION ( 'NONE',  ( -1.000000000000000000, 0.0000000000000000000, -0.0000000000000000000 ) ) ;
#2399 = PLANE ( 'NONE',  #10021 ) ;
#2400 = ORIENTED_EDGE ( 'NONE', *, *, #6228, .F. ) ;
#2401 = CARTESIAN_POINT ( 'NONE',  ( 6.997055580779380600, 9.566654908446548000, 18.70000000000011700 ) ) ;
#2402 = EDGE_CURVE ( 'NONE', #8118, #830, #10669, .T. ) ;
#2403 = DIRECTION ( 'NONE',  ( 0.4265687399014603800, -0.9044551454543670000, -5.425587432726187700E-016 ) ) ;
#2404 = DIRECTION ( 'NONE',  ( 1.000000000000000000, 0.0000000000000000000, 0.0000000000000000000 ) ) ;
#2405 = EDGE_CURVE ( 'NONE', #9930, #2647, #776, .T. ) ;
#2406 = EDGE_LOOP ( 'NONE', ( #537, #177, #4143, #1394, #2668, #6109 ) ) ;
#2407 = AXIS2_PLACEMENT_3D ( 'NONE', #286, #6487, #9041 ) ;
#2408 = ADVANCED_FACE ( 'NONE', ( #1468 ), #9769, .F. ) ;
#2409 = ORIENTED_EDGE ( 'NONE', *, *, #10521, .T. ) ;
#2410 = CARTESIAN_POINT ( 'NONE',  ( -7.299999999999995400, 8.000000000000000000, 17.60000000000000100 ) ) ;
#2411 = VECTOR ( 'NONE', #1029, 1000.000000000000000 ) ;
#2412 = VECTOR ( 'NONE', #8693, 999.9999999999998900 ) ;
#2413 = ORIENTED_EDGE ( 'NONE', *, *, #8017, .T. ) ;
#2414 = DIRECTION ( 'NONE',  ( -1.000000000000000000, 0.0000000000000000000, 0.0000000000000000000 ) ) ;
#2415 = CARTESIAN_POINT ( 'NONE',  ( -9.999999999999996400, 0.0000000000000000000, 0.0000000000000000000 ) ) ;
#2416 = DIRECTION ( 'NONE',  ( 0.0000000000000000000, 0.0000000000000000000, 1.000000000000000000 ) ) ;
#2417 = ADVANCED_FACE ( 'NONE', ( #9841 ), #5605, .T. ) ;
#2418 = ORIENTED_EDGE ( 'NONE', *, *, #8412, .T. ) ;
#2419 = ORIENTED_EDGE ( 'NONE', *, *, #3514, .T. ) ;
#2420 = LINE ( 'NONE', #2187, #5317 ) ;
#2421 = VECTOR ( 'NONE', #1867, 1000.000000000000000 ) ;
#2422 = EDGE_CURVE ( 'NONE', #2908, #980, #6975, .T. ) ;
#2424 = DIRECTION ( 'NONE',  ( -5.583261179213479200E-016, -0.0000000000000000000, -1.000000000000000000 ) ) ;
#2423 = DIRECTION ( 'NONE',  ( 0.0000000000000000000, 1.000000000000000000, 0.0000000000000000000 ) ) ;
#2425 = AXIS2_PLACEMENT_3D ( 'NONE', #562, #3190, #9313 ) ;
#2426 = CARTESIAN_POINT ( 'NONE',  ( -6.850000000000002300, 12.30000000000000100, 16.42360679775009700 ) ) ;
#2427 = CARTESIAN_POINT ( 'NONE',  ( 8.350000000000001400, 3.299999999999999800, 4.950000000000000200 ) ) ;
#2428 = LINE ( 'NONE', #4977, #11360 ) ;
#2429 = ORIENTED_EDGE ( 'NONE', *, *, #6354, .F. ) ;
#2430 = VECTOR ( 'NONE', #8315, 1000.000000000000000 ) ;
#2431 = VERTEX_POINT ( 'NONE', #6322 ) ;
#2432 = ORIENTED_EDGE ( 'NONE', *, *, #2611, .F. ) ;
#2433 = FACE_BOUND ( 'NONE', #4868, .T. ) ;
#2434 = FACE_OUTER_BOUND ( 'NONE', #4492, .T. ) ;
#2435 = CARTESIAN_POINT ( 'NONE',  ( -7.299999999999995400, 8.000000000000000000, 5.100000000000000500 ) ) ;
#2436 = LINE ( 'NONE', #7732, #10663 ) ;
#2437 = DIRECTION ( 'NONE',  ( -0.0000000000000000000, 0.0000000000000000000, -1.000000000000000000 ) ) ;
#2438 = EDGE_CURVE ( 'NONE', #4927, #4887, #4791, .T. ) ;
#2439 = DIRECTION ( 'NONE',  ( 1.000000000000000000, -0.0000000000000000000, -0.0000000000000000000 ) ) ;
#2440 = ORIENTED_EDGE ( 'NONE', *, *, #9318, .F. ) ;
#2441 = DIRECTION ( 'NONE',  ( 0.0000000000000000000, -0.0000000000000000000, 1.000000000000000000 ) ) ;
#2442 = AXIS2_PLACEMENT_3D ( 'NONE', #9947, #10781, #7426 ) ;
#2443 = LINE ( 'NONE', #3436, #1886 ) ;
#2444 = CARTESIAN_POINT ( 'NONE',  ( 8.349999999999999600, 8.000000000000000000, 2.200000000000000600 ) ) ;
#2445 = EDGE_LOOP ( 'NONE', ( #2867, #3809, #89, #6885, #3930, #2762 ) ) ;
#2446 = FACE_OUTER_BOUND ( 'NONE', #10007, .T. ) ;
#2447 = VECTOR ( 'NONE', #5288, 1000.000000000000000 ) ;
#2448 = VECTOR ( 'NONE', #951, 1000.000000000000000 ) ;
#2449 = LINE ( 'NONE', #8376, #5346 ) ;
#2450 = DIRECTION ( 'NONE',  ( -0.0000000000000000000, 1.000000000000000000, 5.782411586589357600E-016 ) ) ;
#2451 = CARTESIAN_POINT ( 'NONE',  ( -7.950000000000000200, -3.349999999999998800, 16.70000000000011700 ) ) ;
#2452 = VECTOR ( 'NONE', #8551, 1000.000000000000000 ) ;
#2453 = ORIENTED_EDGE ( 'NONE', *, *, #3573, .F. ) ;
#2454 = EDGE_CURVE ( 'NONE', #782, #7889, #7523, .T. ) ;
#2455 = CARTESIAN_POINT ( 'NONE',  ( -5.108410434011671200, 11.65487620520117000, 2.200000000000114300 ) ) ;
#2456 = LINE ( 'NONE', #7923, #4399 ) ;
#2457 = AXIS2_PLACEMENT_3D ( 'NONE', #6295, #2958, #5607 ) ;
#2459 = DIRECTION ( 'NONE',  ( 1.000000000000000000, 0.0000000000000000000, 0.0000000000000000000 ) ) ;
#2458 =( LENGTH_UNIT ( ) NAMED_UNIT ( * ) SI_UNIT ( .MILLI., .METRE. ) );
#2460 = DIRECTION ( 'NONE',  ( 0.0000000000000000000, 1.000000000000000000, 0.0000000000000000000 ) ) ;
#2461 = VECTOR ( 'NONE', #7000, 1000.000000000000000 ) ;
#2462 = DIRECTION ( 'NONE',  ( 1.000000000000000000, -0.0000000000000000000, -0.0000000000000000000 ) ) ;
#2463 = CARTESIAN_POINT ( 'NONE',  ( -8.450000000000002800, 12.30000000000000100, 3.923606797750092100 ) ) ;
#2464 = EDGE_LOOP ( 'NONE', ( #3519, #8231, #4423, #6521 ) ) ;
#2465 = ADVANCED_FACE ( 'NONE', ( #5191 ), #47, .F. ) ;
#2466 = VECTOR ( 'NONE', #5581, 1000.000000000000000 ) ;
#2467 = DIRECTION ( 'NONE',  ( 0.0000000000000000000, -1.000000000000000000, 0.0000000000000000000 ) ) ;
#2468 = EDGE_CURVE ( 'NONE', #3510, #3205, #81, .T. ) ;
#2469 = ORIENTED_EDGE ( 'NONE', *, *, #2502, .T. ) ;
#2470 = EDGE_CURVE ( 'NONE', #11127, #8821, #5457, .T. ) ;
#2471 = PRESENTATION_STYLE_ASSIGNMENT (( #3382 ) ) ;
#2472 = DIRECTION ( 'NONE',  ( 0.0000000000000000000, 1.000000000000000000, 0.0000000000000000000 ) ) ;
#2473 = ORIENTED_EDGE ( 'NONE', *, *, #2338, .F. ) ;
#2474 = PLANE ( 'NONE',  #5901 ) ;
#2475 = AXIS2_PLACEMENT_3D ( 'NONE', #6934, #7694, #117 ) ;
#2476 = ADVANCED_FACE ( 'NONE', ( #2433, #9438 ), #8199, .F. ) ;
#2477 = VECTOR ( 'NONE', #872, 1000.000000000000000 ) ;
#2478 = ORIENTED_EDGE ( 'NONE', *, *, #10427, .T. ) ;
#2479 = CARTESIAN_POINT ( 'NONE',  ( -8.450000000000001100, 8.000000000000000000, 3.700000000000113900 ) ) ;
#2480 = PLANE ( 'NONE',  #7088 ) ;
#2481 = ORIENTED_EDGE ( 'NONE', *, *, #9398, .T. ) ;
#2482 = VERTEX_POINT ( 'NONE', #287 ) ;
#2483 = DIRECTION ( 'NONE',  ( 0.0000000000000000000, 0.0000000000000000000, -1.000000000000000000 ) ) ;
#2484 = VECTOR ( 'NONE', #2863, 1000.000000000000100 ) ;
#2485 = ORIENTED_EDGE ( 'NONE', *, *, #3243, .T. ) ;
#2486 = EDGE_CURVE ( 'NONE', #2019, #4017, #11219, .T. ) ;
#2487 = DIRECTION ( 'NONE',  ( 1.000000000000000000, 0.0000000000000000000, -5.583261179213479200E-016 ) ) ;
#2488 = B_SPLINE_CURVE_WITH_KNOTS ( 'NONE', 3,
 ( #9725, #7320, #3643, #6434, #2906, #9757, #2787, #10715, #2821, #8990, #4559, #2001, #4591, #9796, #9878, #9834 ),
 .UNSPECIFIED., .F., .F.,
 ( 4, 2, 2, 2, 2, 2, 2, 4 ),
 ( 2.572426037205524600E-007, 0.0008898219034166516600, 0.001779386564229582300, 0.003558515885855442800, 0.004448080546668373900, 0.005337645207481305800, 0.006227209868294237800, 0.007116774529107168900 ),
 .UNSPECIFIED. ) ;
#2489 = EDGE_CURVE ( 'NONE', #8823, #4278, #6836, .T. ) ;
#2490 = CARTESIAN_POINT ( 'NONE',  ( 4.999999999999997300, 0.0000000000000000000, 1.949999999999993500 ) ) ;
#2491 = VERTEX_POINT ( 'NONE', #5674 ) ;
#2492 = CARTESIAN_POINT ( 'NONE',  ( 4.999999999999997300, 0.7000000000000000700, 11.24999999999999300 ) ) ;
#2494 = PLANE ( 'NONE',  #7944 ) ;
#2493 = DIRECTION ( 'NONE',  ( 0.0000000000000000000, -0.0000000000000000000, -1.000000000000000000 ) ) ;
#2495 = CARTESIAN_POINT ( 'NONE',  ( -8.350000000000001400, 1.600000000000000100, 10.95000000000000100 ) ) ;
#2496 = CARTESIAN_POINT ( 'NONE',  ( 8.350000000000001400, -3.350000000000042700, 11.10000000000011700 ) ) ;
#2497 = FACE_OUTER_BOUND ( 'NONE', #11330, .T. ) ;
#2498 = EDGE_LOOP ( 'NONE', ( #7495, #8001, #8436, #4081, #5580 ) ) ;
#2499 = CARTESIAN_POINT ( 'NONE',  ( 0.0000000000000000000, 7.825000000000000200, -5.199999999999991300 ) ) ;
#2500 = CARTESIAN_POINT ( 'NONE',  ( 4.750000000000066600, 8.400000000000000400, 8.450000000000001100 ) ) ;
#2501 = ORIENTED_EDGE ( 'NONE', *, *, #10365, .F. ) ;
#2502 = EDGE_CURVE ( 'NONE', #5758, #971, #6567, .T. ) ;
#2503 = ORIENTED_EDGE ( 'NONE', *, *, #2686, .T. ) ;
#2504 = CARTESIAN_POINT ( 'NONE',  ( -4.104359146306979500, 10.57570944474777400, 2.200000000000114300 ) ) ;
#2505 = DIRECTION ( 'NONE',  ( -1.000000000000000000, 0.0000000000000000000, -0.0000000000000000000 ) ) ;
#2506 = AXIS2_PLACEMENT_3D ( 'NONE', #2172, #6488, #5597 ) ;
#2507 = AXIS2_PLACEMENT_3D ( 'NONE', #5133, #5171, #11259 ) ;
#2508 = VECTOR ( 'NONE', #7491, 1000.000000000000100 ) ;
#2509 = VERTEX_POINT ( 'NONE', #9042 ) ;
#2510 = PLANE ( 'NONE',  #1528 ) ;
#2511 = ORIENTED_EDGE ( 'NONE', *, *, #4176, .T. ) ;
#2512 = CARTESIAN_POINT ( 'NONE',  ( -1.880187805439772300, 9.527196853685959300, 10.79414586181074000 ) ) ;
#2513 = ORIENTED_EDGE ( 'NONE', *, *, #2486, .T. ) ;
#2514 = CARTESIAN_POINT ( 'NONE',  ( -8.350000000000001400, -1.843908891458577100, 9.550000000000114400 ) ) ;
#2515 = LINE ( 'NONE', #9452, #5543 ) ;
#2516 = EDGE_CURVE ( 'NONE', #2671, #5636, #9293, .T. ) ;
#2517 = VERTEX_POINT ( 'NONE', #10847 ) ;
#2518 = VERTEX_POINT ( 'NONE', #6523 ) ;
#2519 = ADVANCED_FACE ( 'NONE', ( #500 ), #8283, .T. ) ;
#2520 = CARTESIAN_POINT ( 'NONE',  ( -9.999999999999996400, -3.350000000000042700, 9.800000000000114400 ) ) ;
#2521 = AXIS2_PLACEMENT_3D ( 'NONE', #67, #6237, #2659 ) ;
#2522 = CARTESIAN_POINT ( 'NONE',  ( 3.295220376757684900E-015, 8.000000000000000000, 11.24999999999999300 ) ) ;
#2523 = DIRECTION ( 'NONE',  ( -1.000000000000000000, 0.0000000000000000000, 0.0000000000000000000 ) ) ;
#2524 = ORIENTED_EDGE ( 'NONE', *, *, #3906, .F. ) ;
#2525 = DIRECTION ( 'NONE',  ( -0.9920049496797154200, 0.1261989691358265700, 0.0000000000000000000 ) ) ;
#2526 = DIRECTION ( 'NONE',  ( 0.7014534268891456900, -0.08923614685469430400, -0.7071067811865485700 ) ) ;
#2527 = EDGE_LOOP ( 'NONE', ( #3567, #6741, #306, #7980 ) ) ;
#2528 = LINE ( 'NONE', #9931, #1843 ) ;
#2529 = EDGE_LOOP ( 'NONE', ( #2928, #1425, #11164, #6881 ) ) ;
#2530 = ADVANCED_FACE ( 'NONE', ( #7660 ), #9158, .T. ) ;
#2531 =( NAMED_UNIT ( * ) PLANE_ANGLE_UNIT ( ) SI_UNIT ( $, .RADIAN. ) );
#2532 = ORIENTED_EDGE ( 'NONE', *, *, #7737, .F. ) ;
#2533 = ORIENTED_EDGE ( 'NONE', *, *, #1136, .T. ) ;
#2535 = DIRECTION ( 'NONE',  ( -0.0000000000000000000, -0.0000000000000000000, -1.000000000000000000 ) ) ;
#2534 = CARTESIAN_POINT ( 'NONE',  ( 6.997055580779380600, 9.566654908446548000, 2.500000000000108800 ) ) ;
#2536 = CARTESIAN_POINT ( 'NONE',  ( 8.349999999999999600, 1.600000000000000500, 10.94999999999999900 ) ) ;
#2537 = EDGE_CURVE ( 'NONE', #1299, #6645, #1876, .T. ) ;
#2538 = ORIENTED_EDGE ( 'NONE', *, *, #10766, .T. ) ;
#2539 = EDGE_CURVE ( 'NONE', #8056, #7574, #8608, .T. ) ;
#2540 = ORIENTED_EDGE ( 'NONE', *, *, #11388, .F. ) ;
#2541 = VERTEX_POINT ( 'NONE', #3919 ) ;
#2542 = LINE ( 'NONE', #5939, #1031 ) ;
#2543 = FACE_OUTER_BOUND ( 'NONE', #10207, .T. ) ;
#2544 = ORIENTED_EDGE ( 'NONE', *, *, #5341, .T. ) ;
#2545 = CARTESIAN_POINT ( 'NONE',  ( 6.699454095875470500, 9.604514599187295300, 2.200000000000113900 ) ) ;
#2546 = VERTEX_POINT ( 'NONE', #6398 ) ;
#2547 = ADVANCED_FACE ( 'NONE', ( #7113 ), #10272, .T. ) ;
#2548 = DIRECTION ( 'NONE',  ( -0.0000000000000000000, -0.0000000000000000000, 1.000000000000000000 ) ) ;
#2549 = CARTESIAN_POINT ( 'NONE',  ( 4.453004128642327900, 12.10662244529197000, -7.848247762264821700 ) ) ;
#2550 = CARTESIAN_POINT ( 'NONE',  ( 0.0000000000000000000, 3.600000000000000100, 0.0000000000000000000 ) ) ;
#2551 = VERTEX_POINT ( 'NONE', #2014 ) ;
#2552 = LINE ( 'NONE', #9209, #9969 ) ;
#2553 = LINE ( 'NONE', #8287, #203 ) ;
#2554 = ORIENTED_EDGE ( 'NONE', *, *, #182, .F. ) ;
#2555 = EDGE_CURVE ( 'NONE', #4507, #5448, #10127, .T. ) ;
#2556 = DIRECTION ( 'NONE',  ( 0.0000000000000000000, 0.0000000000000000000, -1.000000000000000000 ) ) ;
#2557 = FACE_OUTER_BOUND ( 'NONE', #9803, .T. ) ;
#2558 = EDGE_CURVE ( 'NONE', #6778, #2518, #6280, .T. ) ;
#2559 = DIRECTION ( 'NONE',  ( 1.000000000000000000, 0.0000000000000000000, 2.111837275102199700E-016 ) ) ;
#2560 = EDGE_LOOP ( 'NONE', ( #8218, #2822, #3927, #3290 ) ) ;
#2561 = DIRECTION ( 'NONE',  ( -0.9920049496797153100, 0.1261989691358270700, 0.0000000000000000000 ) ) ;
#2562 = ORIENTED_EDGE ( 'NONE', *, *, #1944, .F. ) ;
#2563 = CARTESIAN_POINT ( 'NONE',  ( 7.300000000000002500, 0.0000000000000000000, 5.100000000000000500 ) ) ;
#2564 = VECTOR ( 'NONE', #6220, 1000.000000000000000 ) ;
#2565 = CARTESIAN_POINT ( 'NONE',  ( 8.350000000000001400, -3.350000000000085800, 17.35000000000011500 ) ) ;
#2566 = CARTESIAN_POINT ( 'NONE',  ( -3.214999999999996300, 7.825000000000000200, 0.05000000000000236200 ) ) ;
#2567 = LINE ( 'NONE', #2112, #5593 ) ;
#2568 = DIRECTION ( 'NONE',  ( -0.0000000000000000000, -0.0000000000000000000, 1.000000000000000000 ) ) ;
#2569 = EDGE_CURVE ( 'NONE', #1201, #179, #3961, .T. ) ;
#2570 = CARTESIAN_POINT ( 'NONE',  ( -9.999999999999996400, -3.349999999999998800, 4.850000000000117800 ) ) ;
#2571 = FACE_OUTER_BOUND ( 'NONE', #4723, .T. ) ;
#2572 = VERTEX_POINT ( 'NONE', #3884 ) ;
#2573 = CARTESIAN_POINT ( 'NONE',  ( 6.946575993125049900, 9.169852928574661300, 14.70000000000011700 ) ) ;
#2574 = ORIENTED_EDGE ( 'NONE', *, *, #5453, .F. ) ;
#2575 = CARTESIAN_POINT ( 'NONE',  ( -9.999999999999996400, -3.350000000000085800, 16.05000000000011400 ) ) ;
#2576 = AXIS2_PLACEMENT_3D ( 'NONE', #3598, #2687, #10596 ) ;
#2577 = VECTOR ( 'NONE', #7492, 1000.000000000000000 ) ;
#2578 = LINE ( 'NONE', #113, #2301 ) ;
#2579 = DIRECTION ( 'NONE',  ( 1.000000000000000000, 0.0000000000000000000, -2.496005001405477600E-016 ) ) ;
#2580 = AXIS2_PLACEMENT_3D ( 'NONE', #11061, #2196, #3986 ) ;
#2581 = VECTOR ( 'NONE', #9016, 1000.000000000000000 ) ;
#2582 = LINE ( 'NONE', #9770, #3701 ) ;
#2583 = LINE ( 'NONE', #4477, #7118 ) ;
#2584 = ADVANCED_FACE ( 'NONE', ( #3000 ), #1599, .T. ) ;
#2585 = ORIENTED_EDGE ( 'NONE', *, *, #5090, .F. ) ;
#2586 = CARTESIAN_POINT ( 'NONE',  ( 3.061838949330783600, 8.826730281731135700, 10.20752060232476700 ) ) ;
#2587 = MANIFOLD_SOLID_BREP ( 'Pin T', #11145 ) ;
#2588 = VECTOR ( 'NONE', #3988, 1000.000000000000000 ) ;
#2589 = ORIENTED_EDGE ( 'NONE', *, *, #1251, .F. ) ;
#2590 = CARTESIAN_POINT ( 'NONE',  ( -1.176764153946479500, 9.486566750274775500, 4.245862591636637300 ) ) ;
#2591 = CYLINDRICAL_SURFACE ( 'NONE', #10597, 0.3000000000000001600 ) ;
#2592 = CARTESIAN_POINT ( 'NONE',  ( 7.299999999999998900, 0.0000000000000000000, 9.550000000000000700 ) ) ;
#2593 = LINE ( 'NONE', #10137, #10977 ) ;
#2594 = EDGE_CURVE ( 'NONE', #1465, #2258, #215, .T. ) ;
#2595 = CARTESIAN_POINT ( 'NONE',  ( -8.350000000000001400, 9.360147050873548500, 4.850000000000003200 ) ) ;
#2596 = CARTESIAN_POINT ( 'NONE',  ( -7.299999999999995400, 8.000000000000000000, 11.35000000000000100 ) ) ;
#2597 = FACE_OUTER_BOUND ( 'NONE', #4575, .T. ) ;
#2598 = AXIS2_PLACEMENT_3D ( 'NONE', #6505, #9906, #5655 ) ;
#2599 = EDGE_CURVE ( 'NONE', #8182, #3540, #5053, .T. ) ;
#2600 = DIRECTION ( 'NONE',  ( 1.000000000000000000, 0.0000000000000000000, 0.0000000000000000000 ) ) ;
#2601 = LINE ( 'NONE', #10167, #5900 ) ;
#2602 = CARTESIAN_POINT ( 'NONE',  ( -4.601698085927486300, 3.800923043504384100, -7.880698157726647500 ) ) ;
#2603 = VERTEX_POINT ( 'NONE', #9200 ) ;
#2604 = LINE ( 'NONE', #9336, #3167 ) ;
#2605 = DIRECTION ( 'NONE',  ( -2.111837275102199700E-016, 0.0000000000000000000, 1.000000000000000000 ) ) ;
#2606 = DIRECTION ( 'NONE',  ( -1.000000000000000000, -0.0000000000000000000, -0.0000000000000000000 ) ) ;
#2607 = CARTESIAN_POINT ( 'NONE',  ( 7.874999999999994700, 7.825000000000002000, -4.500000000000001800 ) ) ;
#2608 = ADVANCED_FACE ( 'NONE', ( #925, #7393 ), #1035, .F. ) ;
#2609 = CARTESIAN_POINT ( 'NONE',  ( 7.950000000000000200, 9.360147050873548500, 4.850000000000117800 ) ) ;
#2610 = ORIENTED_EDGE ( 'NONE', *, *, #8876, .F. ) ;
#2611 = EDGE_CURVE ( 'NONE', #10981, #5425, #9709, .T. ) ;
#2612 = FACE_OUTER_BOUND ( 'NONE', #8975, .T. ) ;
#2613 = DIRECTION ( 'NONE',  ( -5.583261179213479200E-016, -0.0000000000000000000, -1.000000000000000000 ) ) ;
#2614 = VERTEX_POINT ( 'NONE', #922 ) ;
#2615 = AXIS2_PLACEMENT_3D ( 'NONE', #2920, #8285, #9973 ) ;
#2616 = LINE ( 'NONE', #1084, #5362 ) ;
#2617 = EDGE_LOOP ( 'NONE', ( #2042, #6025, #6079, #6378, #953, #4949, #11321, #1156 ) ) ;
#2618 = CARTESIAN_POINT ( 'NONE',  ( 10.00000000000000400, 0.0000000000000000000, 5.100000000000000500 ) ) ;
#2619 = CARTESIAN_POINT ( 'NONE',  ( 7.950000000000000200, 1.599999999999956600, 9.949999999999999300 ) ) ;
#2620 = DIRECTION ( 'NONE',  ( -1.000000000000000000, -0.0000000000000000000, -0.0000000000000000000 ) ) ;
#2621 = CARTESIAN_POINT ( 'NONE',  ( 8.350000000000068900, 8.400000000000000400, 12.45000000000000100 ) ) ;
#2622 = LINE ( 'NONE', #10555, #11129 ) ;
#2623 = EDGE_LOOP ( 'NONE', ( #2429, #10178, #8660, #2999 ) ) ;
#2624 = DIRECTION ( 'NONE',  ( -5.583261179213479200E-016, 0.0000000000000000000, -1.000000000000000000 ) ) ;
#2625 = LINE ( 'NONE', #1282, #7037 ) ;
#2626 = VERTEX_POINT ( 'NONE', #9376 ) ;
#2627 = EDGE_CURVE ( 'NONE', #144, #2058, #1187, .T. ) ;
#2628 = CARTESIAN_POINT ( 'NONE',  ( 10.00000000000000400, 8.000000000000000000, 9.550000000000000700 ) ) ;
#2629 = EDGE_LOOP ( 'NONE', ( #3090, #5519, #8511, #3456 ) ) ;
#2630 = DIRECTION ( 'NONE',  ( 0.0000000000000000000, 1.000000000000000000, -3.469446951953621700E-015 ) ) ;
#2631 = CARTESIAN_POINT ( 'NONE',  ( 8.350000000000001400, -3.349999999999998800, 4.200000000000116500 ) ) ;
#2632 = AXIS2_PLACEMENT_3D ( 'NONE', #8109, #10791, #5475 ) ;
#2633 = ORIENTED_EDGE ( 'NONE', *, *, #2385, .T. ) ;
#2634 = VECTOR ( 'NONE', #4601, 1000.000000000000000 ) ;
#2635 = ORIENTED_EDGE ( 'NONE', *, *, #8929, .T. ) ;
#2636 = CARTESIAN_POINT ( 'NONE',  ( 4.343440674907171200, 9.501013568232986400, 8.450000000000114800 ) ) ;
#2637 = ADVANCED_FACE ( 'NONE', ( #1455 ), #7733, .F. ) ;
#2638 = ORIENTED_EDGE ( 'NONE', *, *, #4438, .T. ) ;
#2639 = CARTESIAN_POINT ( 'NONE',  ( -4.808410434011671300, 11.65487620520117000, 17.10436382422057000 ) ) ;
#2640 = DIRECTION ( 'NONE',  ( 0.0000000000000000000, 1.000000000000000000, 0.0000000000000000000 ) ) ;
#2641 = EDGE_CURVE ( 'NONE', #1555, #1428, #7380, .T. ) ;
#2642 = CARTESIAN_POINT ( 'NONE',  ( 7.299999999999998900, 8.000000000000000000, 9.550000000000000700 ) ) ;
#2643 = CARTESIAN_POINT ( 'NONE',  ( 6.946575993125049900, 9.169852928574661300, 15.00000000000011000 ) ) ;
#2644 = AXIS2_PLACEMENT_3D ( 'NONE', #7251, #3735, #1101 ) ;
#2645 = LINE ( 'NONE', #7899, #3331 ) ;
#2646 = EDGE_LOOP ( 'NONE', ( #9789, #3163, #2651, #11376 ) ) ;
#2647 = VERTEX_POINT ( 'NONE', #3822 ) ;
#2648 = AXIS2_PLACEMENT_3D ( 'NONE', #3471, #844, #6037 ) ;
#2649 = CARTESIAN_POINT ( 'NONE',  ( 5.950000000000133400, 8.400000000000000400, 16.69999999999998900 ) ) ;
#2650 = DIRECTION ( 'NONE',  ( 1.000000000000000000, -0.0000000000000000000, -0.0000000000000000000 ) ) ;
#2651 = ORIENTED_EDGE ( 'NONE', *, *, #4785, .F. ) ;
#2652 = PLANE ( 'NONE',  #6840 ) ;
#2653 = DIRECTION ( 'NONE',  ( 1.000000000000000000, 0.0000000000000000000, 0.0000000000000000000 ) ) ;
#2654 = VECTOR ( 'NONE', #729, 1000.000000000000100 ) ;
#2655 = VERTEX_POINT ( 'NONE', #418 ) ;
#2656 = EDGE_CURVE ( 'NONE', #7797, #6778, #2138, .T. ) ;
#2657 = EDGE_LOOP ( 'NONE', ( #6230, #6751, #498, #9143 ) ) ;
#2658 = EDGE_CURVE ( 'NONE', #7977, #3401, #8742, .T. ) ;
#2659 = DIRECTION ( 'NONE',  ( -1.000000000000000000, 0.0000000000000000000, 0.0000000000000000000 ) ) ;
#2660 = AXIS2_PLACEMENT_3D ( 'NONE', #7095, #7178, #3615 ) ;
#2661 = ADVANCED_FACE ( 'NONE', ( #11356 ), #2934, .T. ) ;
#2662 = ORIENTED_EDGE ( 'NONE', *, *, #8529, .F. ) ;
#2663 = AXIS2_PLACEMENT_3D ( 'NONE', #924, #883, #7012 ) ;
#2664 = CARTESIAN_POINT ( 'NONE',  ( 8.350000000000001400, 3.299999999999956300, 9.700000000000001100 ) ) ;
#2665 = CIRCLE ( 'NONE', #5344, 6.924999999999993600 ) ;
#2666 = EDGE_LOOP ( 'NONE', ( #11110, #3981, #7451, #10767, #4757 ) ) ;
#2667 = ORIENTED_EDGE ( 'NONE', *, *, #3784, .F. ) ;
#2668 = ORIENTED_EDGE ( 'NONE', *, *, #9922, .T. ) ;
#2669 = CARTESIAN_POINT ( 'NONE',  ( -6.653393380716595500, 7.354563535729134600, -7.520620408876606400 ) ) ;
#2670 = EDGE_CURVE ( 'NONE', #7500, #10893, #632, .T. ) ;
#2671 = VERTEX_POINT ( 'NONE', #2145 ) ;
#2672 = AXIS2_PLACEMENT_3D ( 'NONE', #685, #3237, #8524 ) ;
#2673 = VECTOR ( 'NONE', #7925, 1000.000000000000000 ) ;
#2674 = ORIENTED_EDGE ( 'NONE', *, *, #542, .T. ) ;
#2675 = CARTESIAN_POINT ( 'NONE',  ( 5.950000000000133400, 8.400000000000000400, 15.99999999999998900 ) ) ;
#2676 = CARTESIAN_POINT ( 'NONE',  ( -8.350000000000001400, 1.600000000000000100, 17.20000000000000300 ) ) ;
#2677 = VERTEX_POINT ( 'NONE', #266 ) ;
#2678 = DIRECTION ( 'NONE',  ( 0.0000000000000000000, -0.0000000000000000000, 1.000000000000000000 ) ) ;
#2679 = DIRECTION ( 'NONE',  ( 0.0000000000000000000, 1.000000000000000000, 0.0000000000000000000 ) ) ;
#2680 = CARTESIAN_POINT ( 'NONE',  ( -7.950000000000000200, 0.4000000000000001900, 3.300000000000114400 ) ) ;
#2681 = ORIENTED_EDGE ( 'NONE', *, *, #8559, .F. ) ;
#2682 = CIRCLE ( 'NONE', #6573, 3.214999999999999900 ) ;
#2683 = LINE ( 'NONE', #4881, #4362 ) ;
#2684 = SURFACE_STYLE_USAGE ( .BOTH. , #3552 ) ;
#2685 = CARTESIAN_POINT ( 'NONE',  ( -7.950000000000000200, 3.100000000000000500, 17.20000000000000300 ) ) ;
#2686 = EDGE_CURVE ( 'NONE', #2019, #10900, #5724, .T. ) ;
#2687 = DIRECTION ( 'NONE',  ( -0.0000000000000000000, -0.0000000000000000000, -1.000000000000000000 ) ) ;
#2688 = EDGE_CURVE ( 'NONE', #7376, #10893, #2420, .T. ) ;
#2689 = ADVANCED_FACE ( 'NONE', ( #9981 ), #8176, .F. ) ;
#2690 = AXIS2_PLACEMENT_3D ( 'NONE', #8838, #6240, #7996 ) ;
#2691 = VERTEX_POINT ( 'NONE', #9137 ) ;
#2692 = CARTESIAN_POINT ( 'NONE',  ( 1.162765584358865800, 9.140084288325327900, 10.79414586181074200 ) ) ;
#2693 = ORIENTED_EDGE ( 'NONE', *, *, #3369, .F. ) ;
#2694 = FACE_OUTER_BOUND ( 'NONE', #1508, .T. ) ;
#2695 = CARTESIAN_POINT ( 'NONE',  ( 2.806005623304880000, 9.192570267145336900, 6.250000000000000900 ) ) ;
#2696 = VECTOR ( 'NONE', #8269, 1000.000000000000000 ) ;
#2697 = CARTESIAN_POINT ( 'NONE',  ( -7.950000000000000200, 0.4000000000000001900, 3.300000000000114400 ) ) ;
#2698 = CARTESIAN_POINT ( 'NONE',  ( -4.499999999999999100, 7.825000000000000200, 24.18285556752039200 ) ) ;
#2699 = VERTEX_POINT ( 'NONE', #10822 ) ;
#2700 = DIRECTION ( 'NONE',  ( -0.0000000000000000000, -1.000000000000000000, -0.0000000000000000000 ) ) ;
#2701 = LINE ( 'NONE', #2514, #10284 ) ;
#2702 = LINE ( 'NONE', #7404, #362 ) ;
#2703 = ORIENTED_EDGE ( 'NONE', *, *, #9519, .F. ) ;
#2704 = VERTEX_POINT ( 'NONE', #10863 ) ;
#2705 = VECTOR ( 'NONE', #8257, 1000.000000000000000 ) ;
#2706 = LINE ( 'NONE', #2972, #5458 ) ;
#2707 = EDGE_CURVE ( 'NONE', #4994, #3642, #6690, .T. ) ;
#2708 = DIRECTION ( 'NONE',  ( 3.932215363220970900E-017, -5.002409770422698900E-018, -1.000000000000000000 ) ) ;
#2709 = EDGE_CURVE ( 'NONE', #3234, #6794, #5041, .T. ) ;
#2710 = LINE ( 'NONE', #10201, #7933 ) ;
#2711 = VECTOR ( 'NONE', #6813, 1000.000000000000000 ) ;
#2712 = AXIS2_PLACEMENT_3D ( 'NONE', #1162, #2119, #8275 ) ;
#2713 = CARTESIAN_POINT ( 'NONE',  ( -6.850000000000002300, 12.30000000000000100, 12.45000000000011300 ) ) ;
#2714 = ORIENTED_EDGE ( 'NONE', *, *, #10802, .T. ) ;
#2715 = DIRECTION ( 'NONE',  ( -3.502725030463851400E-018, -2.753366839191349100E-017, -1.000000000000000000 ) ) ;
#2716 = CARTESIAN_POINT ( 'NONE',  ( -8.350000000000001400, 0.3999999999999993000, 17.35000000000000500 ) ) ;
#2717 = ADVANCED_FACE ( 'NONE', ( #5867 ), #1146, .T. ) ;
#2718 = VECTOR ( 'NONE', #6090, 1000.000000000000000 ) ;
#2719 = DIRECTION ( 'NONE',  ( -1.000000000000000000, 0.0000000000000000000, 0.0000000000000000000 ) ) ;
#2720 = ORIENTED_EDGE ( 'NONE', *, *, #8499, .T. ) ;
#2721 = CARTESIAN_POINT ( 'NONE',  ( 8.350000000000131100, 8.000000000000000000, 14.70000000000000100 ) ) ;
#2722 = ORIENTED_EDGE ( 'NONE', *, *, #3604, .F. ) ;
#2723 = FACE_OUTER_BOUND ( 'NONE', #8940, .T. ) ;
#2724 = DIRECTION ( 'NONE',  ( 0.0000000000000000000, -0.0000000000000000000, 1.000000000000000000 ) ) ;
#2725 = CIRCLE ( 'NONE', #7960, 3.515000000000007700 ) ;
#2726 = VECTOR ( 'NONE', #8047, 1000.000000000000000 ) ;
#2727 = CARTESIAN_POINT ( 'NONE',  ( -3.462500000000002600, 13.82222592120722900, -7.274999999999981700 ) ) ;
#2728 = LINE ( 'NONE', #4047, #7131 ) ;
#2729 = EDGE_CURVE ( 'NONE', #7351, #2699, #3816, .T. ) ;
#2730 = DIRECTION ( 'NONE',  ( 0.0000000000000000000, 0.0000000000000000000, 1.000000000000000000 ) ) ;
#2731 = DIRECTION ( 'NONE',  ( -0.0000000000000000000, -0.0000000000000000000, 1.000000000000000000 ) ) ;
#2732 = CARTESIAN_POINT ( 'NONE',  ( 7.950000000000000200, -1.843908891458577100, 17.60000000000000100 ) ) ;
#2733 = MANIFOLD_SOLID_BREP ( 'Pin TN', #423 ) ;
#2734 = AXIS2_PLACEMENT_3D ( 'NONE', #2031, #1144, #4581 ) ;
#2735 = CIRCLE ( 'NONE', #8317, 0.3000000000000016500 ) ;
#2736 = DIRECTION ( 'NONE',  ( 0.7071067811865536800, 8.659560562355020400E-017, -0.7071067811865414700 ) ) ;
#2737 = DIRECTION ( 'NONE',  ( -0.0000000000000000000, -0.0000000000000000000, 1.000000000000000000 ) ) ;
#2738 = AXIS2_PLACEMENT_3D ( 'NONE', #10277, #7665, #2395 ) ;
#2739 = VERTEX_POINT ( 'NONE', #8262 ) ;
#2740 = FACE_OUTER_BOUND ( 'NONE', #6973, .T. ) ;
#2741 = LINE ( 'NONE', #263, #1360 ) ;
#2742 = DIRECTION ( 'NONE',  ( -1.000000000000000000, 0.0000000000000000000, -0.0000000000000000000 ) ) ;
#2743 = EDGE_LOOP ( 'NONE', ( #1529, #10611, #3488, #6186 ) ) ;
#2744 = CARTESIAN_POINT ( 'NONE',  ( 8.350000000000132900, 8.000000000000000000, 18.70000000000000300 ) ) ;
#2745 = VECTOR ( 'NONE', #8857, 1000.000000000000000 ) ;
#2746 = ORIENTED_EDGE ( 'NONE', *, *, #7085, .T. ) ;
#2747 = DIRECTION ( 'NONE',  ( -0.0000000000000000000, 0.0000000000000000000, -1.000000000000000000 ) ) ;
#2748 = EDGE_CURVE ( 'NONE', #7975, #1428, #8048, .T. ) ;
#2749 = CARTESIAN_POINT ( 'NONE',  ( -5.402871767273012400, 12.98250998384233400, 16.42360679775009700 ) ) ;
#2750 = AXIS2_PLACEMENT_3D ( 'NONE', #3218, #698, #2320 ) ;
#2751 = VECTOR ( 'NONE', #2078, 1000.000000000000000 ) ;
#2752 = ORIENTED_EDGE ( 'NONE', *, *, #1675, .F. ) ;
#2753 = CARTESIAN_POINT ( 'NONE',  ( -4.832135734971188900, 11.53794763439791800, 16.20000000000011300 ) ) ;
#2754 = CIRCLE ( 'NONE', #7361, 0.6500000000000012400 ) ;
#2755 = ADVANCED_FACE ( 'NONE', ( #11202 ), #6882, .T. ) ;
#2756 = VERTEX_POINT ( 'NONE', #2492 ) ;
#2757 = EDGE_LOOP ( 'NONE', ( #68, #1398, #767, #6995 ) ) ;
#2758 = CARTESIAN_POINT ( 'NONE',  ( -8.350000000000001400, 3.299999999999999800, 11.10000000000000300 ) ) ;
#2759 = FACE_OUTER_BOUND ( 'NONE', #8054, .T. ) ;
#2760 = VERTEX_POINT ( 'NONE', #3123 ) ;
#2761 = DIRECTION ( 'NONE',  ( 0.4265687399014593800, -0.9044551454543674500, 0.0000000000000000000 ) ) ;
#2762 = ORIENTED_EDGE ( 'NONE', *, *, #5711, .F. ) ;
#2763 = EDGE_CURVE ( 'NONE', #8552, #2957, #1739, .T. ) ;
#2764 = CARTESIAN_POINT ( 'NONE',  ( 3.215000000000040700, 7.825000000000000200, 20.85000000000000100 ) ) ;
#2765 = ORIENTED_EDGE ( 'NONE', *, *, #6766, .F. ) ;
#2766 = AXIS2_PLACEMENT_3D ( 'NONE', #7179, #1909, #4572 ) ;
#2767 = ORIENTED_EDGE ( 'NONE', *, *, #2369, .F. ) ;
#2768 = CARTESIAN_POINT ( 'NONE',  ( 4.750000000000132300, 8.400000000000000400, 14.70000000000000100 ) ) ;
#2769 = ORIENTED_EDGE ( 'NONE', *, *, #3200, .F. ) ;
#2770 = PRODUCT_CONTEXT ( 'NONE', #881, 'mechanical' ) ;
#2771 = DIRECTION ( 'NONE',  ( -5.583261179213479200E-016, -0.0000000000000000000, -1.000000000000000000 ) ) ;
#2772 = LINE ( 'NONE', #2435, #4156 ) ;
#2773 = ORIENTED_EDGE ( 'NONE', *, *, #3756, .T. ) ;
#2774 = CARTESIAN_POINT ( 'NONE',  ( 7.673004626611401600, 8.000000000000000000, 0.0000000000000000000 ) ) ;
#2775 = DIRECTION ( 'NONE',  ( -0.9920049496797153100, 0.1261989691358270700, -0.0000000000000000000 ) ) ;
#2776 = VERTEX_POINT ( 'NONE', #10406 ) ;
#2777 = VERTEX_POINT ( 'NONE', #8411 ) ;
#2778 = DIRECTION ( 'NONE',  ( 3.932215363220970900E-017, -5.002409770422698900E-018, -1.000000000000000000 ) ) ;
#2779 = VECTOR ( 'NONE', #5652, 1000.000000000000000 ) ;
#2780 = EDGE_LOOP ( 'NONE', ( #5705, #5976, #10419, #10748, #9622, #6325, #4177, #3759 ) ) ;
#2781 = EDGE_CURVE ( 'NONE', #10203, #7778, #6269, .T. ) ;
#2783 = CARTESIAN_POINT ( 'NONE',  ( 7.950000000000000200, 0.4000000000000001900, 3.550000000000115700 ) ) ;
#2782 = DIRECTION ( 'NONE',  ( 1.000000000000000000, -0.0000000000000000000, 0.0000000000000000000 ) ) ;
#2784 = EDGE_LOOP ( 'NONE', ( #8886, #1435 ) ) ;
#2785 = DIRECTION ( 'NONE',  ( 0.0000000000000000000, 1.000000000000000000, 0.0000000000000000000 ) ) ;
#2786 = EDGE_CURVE ( 'NONE', #1354, #7970, #6554, .T. ) ;
#2787 = CARTESIAN_POINT ( 'NONE',  ( -4.899882493032795800, 11.33260641336442000, -7.932355107409720500 ) ) ;
#2788 = DIRECTION ( 'NONE',  ( 5.471677050907138700E-016, 2.346163575745168000E-030, -1.000000000000000000 ) ) ;
#2789 = AXIS2_PLACEMENT_3D ( 'NONE', #10688, #4455, #10725 ) ;
#2790 = CARTESIAN_POINT ( 'NONE',  ( 5.950000000000165400, 8.400000000000000400, 10.44999999999998900 ) ) ;
#2791 = VERTEX_POINT ( 'NONE', #3348 ) ;
#2792 = DIRECTION ( 'NONE',  ( 0.0000000000000000000, 0.0000000000000000000, 1.000000000000000000 ) ) ;
#2793 = VECTOR ( 'NONE', #8295, 1000.000000000000000 ) ;
#2794 = VERTEX_POINT ( 'NONE', #1378 ) ;
#2795 = ORIENTED_EDGE ( 'NONE', *, *, #6923, .F. ) ;
#2796 = DIRECTION ( 'NONE',  ( -1.000000000000000000, -0.0000000000000000000, -0.0000000000000000000 ) ) ;
#2797 = DIRECTION ( 'NONE',  ( -5.583261179213479200E-016, -0.0000000000000000000, -1.000000000000000000 ) ) ;
#2798 = CARTESIAN_POINT ( 'NONE',  ( 3.210233636357328700, 8.000000000000023100, 1.737594805712630900E-015 ) ) ;
#2799 = EDGE_CURVE ( 'NONE', #4232, #1013, #2006, .T. ) ;
#2800 = ORIENTED_EDGE ( 'NONE', *, *, #6872, .T. ) ;
#2801 = DIRECTION ( 'NONE',  ( 1.000000000000000000, 0.0000000000000000000, 0.0000000000000000000 ) ) ;
#2802 = DIRECTION ( 'NONE',  ( -1.000000000000000000, 0.0000000000000000000, 1.579750383876801700E-015 ) ) ;
#2803 = AXIS2_PLACEMENT_3D ( 'NONE', #7180, #4573, #6327 ) ;
#2804 = AXIS2_PLACEMENT_3D ( 'NONE', #5445, #5404, #8819 ) ;
#2805 = VECTOR ( 'NONE', #11063, 1000.000000000000000 ) ;
#2806 = ORIENTED_EDGE ( 'NONE', *, *, #9170, .T. ) ;
#2807 = CARTESIAN_POINT ( 'NONE',  ( 10.00000000000000200, 8.000000000000000000, 0.0000000000000000000 ) ) ;
#2808 = VERTEX_POINT ( 'NONE', #8382 ) ;
#2809 = DIRECTION ( 'NONE',  ( -0.0000000000000000000, 0.0000000000000000000, -1.000000000000000000 ) ) ;
#2810 = VERTEX_POINT ( 'NONE', #10371 ) ;
#2811 = ADVANCED_FACE ( 'NONE', ( #1587, #7645 ), #2263, .F. ) ;
#2812 = VERTEX_POINT ( 'NONE', #1645 ) ;
#2813 = LINE ( 'NONE', #4416, #1421 ) ;
#2814 = EDGE_CURVE ( 'NONE', #9840, #10323, #8335, .T. ) ;
#2815 = ORIENTED_EDGE ( 'NONE', *, *, #11148, .T. ) ;
#2816 = VERTEX_POINT ( 'NONE', #5157 ) ;
#2818 = DIRECTION ( 'NONE',  ( 0.0000000000000000000, 0.0000000000000000000, 1.000000000000000000 ) ) ;
#2817 = CARTESIAN_POINT ( 'NONE',  ( -4.499999999999999100, 7.825000000000000200, -10.94999999999999900 ) ) ;
#2819 = ORIENTED_EDGE ( 'NONE', *, *, #638, .F. ) ;
#2820 = DIRECTION ( 'NONE',  ( 0.9920049496797154200, -0.1261989691358265700, 0.0000000000000000000 ) ) ;
#2821 = CARTESIAN_POINT ( 'NONE',  ( -5.490138676584948000, 10.31025271397039400, -7.922534543251184200 ) ) ;
#2822 = ORIENTED_EDGE ( 'NONE', *, *, #33, .T. ) ;
#2823 = ORIENTED_EDGE ( 'NONE', *, *, #8544, .F. ) ;
#2824 = CIRCLE ( 'NONE', #2149, 5.499999999999994700 ) ;
#2825 = DIRECTION ( 'NONE',  ( 0.0000000000000000000, 0.0000000000000000000, -1.000000000000000000 ) ) ;
#2826 = VECTOR ( 'NONE', #8090, 1000.000000000000000 ) ;
#2827 = ORIENTED_EDGE ( 'NONE', *, *, #10363, .T. ) ;
#2828 = ORIENTED_EDGE ( 'NONE', *, *, #9936, .F. ) ;
#2829 = EDGE_CURVE ( 'NONE', #2918, #4874, #2289, .T. ) ;
#2830 = AXIS2_PLACEMENT_3D ( 'NONE', #9811, #1066, #10617 ) ;
#2831 = CARTESIAN_POINT ( 'NONE',  ( 1.224791270491731200, 9.627646017810292300, 16.70000000000011300 ) ) ;
#2832 = CARTESIAN_POINT ( 'NONE',  ( -4.808410434011671300, 11.61456914526348800, 4.640819751979345000 ) ) ;
#2833 = ORIENTED_EDGE ( 'NONE', *, *, #4693, .T. ) ;
#2834 = DIRECTION ( 'NONE',  ( -0.6723668074346643700, -0.7402181274868354600, -1.006441462745489900E-016 ) ) ;
#2835 = LINE ( 'NONE', #9125, #10249 ) ;
#2836 = CYLINDRICAL_SURFACE ( 'NONE', #7474, 0.2999999999999999300 ) ;
#2837 = ORIENTED_EDGE ( 'NONE', *, *, #887, .F. ) ;
#2838 = ADVANCED_FACE ( 'NONE', ( #5588 ), #6922, .T. ) ;
#2839 = CARTESIAN_POINT ( 'NONE',  ( 4.750000000000002700, 8.000000000000000000, 6.200000000000003700 ) ) ;
#2840 = LINE ( 'NONE', #1569, #6827 ) ;
#2841 = VERTEX_POINT ( 'NONE', #5083 ) ;
#2842 = CARTESIAN_POINT ( 'NONE',  ( 4.750000000000132300, 8.400000000000000400, 14.70000000000000100 ) ) ;
#2843 = VERTEX_POINT ( 'NONE', #11200 ) ;
#2844 = CARTESIAN_POINT ( 'NONE',  ( -8.450000000000001100, 8.000000000000000000, 3.923606797750092100 ) ) ;
#2845 = VECTOR ( 'NONE', #10919, 1000.000000000000000 ) ;
#2846 = EDGE_CURVE ( 'NONE', #842, #9528, #5991, .T. ) ;
#2847 = LINE ( 'NONE', #337, #501 ) ;
#2848 = ADVANCED_FACE ( 'NONE', ( #3260 ), #5770, .F. ) ;
#2849 = EDGE_CURVE ( 'NONE', #10331, #3540, #1322, .T. ) ;
#2850 = AXIS2_PLACEMENT_3D ( 'NONE', #1004, #10671, #10710 ) ;
#2851 = DIRECTION ( 'NONE',  ( 0.9920049496797154200, -0.1261989691358265700, 1.531799377548433800E-018 ) ) ;
#2852 = FACE_OUTER_BOUND ( 'NONE', #1338, .T. ) ;
#2853 = ORIENTED_EDGE ( 'NONE', *, *, #6151, .F. ) ;
#2854 = LINE ( 'NONE', #11392, #513 ) ;
#2855 = LINE ( 'NONE', #8800, #4246 ) ;
#2856 = CARTESIAN_POINT ( 'NONE',  ( -9.999999999999996400, 3.299999999999912800, 17.44999999999999600 ) ) ;
#2857 = LINE ( 'NONE', #2231, #10288 ) ;
#2858 = DIRECTION ( 'NONE',  ( 0.0000000000000000000, 0.0000000000000000000, -1.000000000000000000 ) ) ;
#2859 = CIRCLE ( 'NONE', #5594, 1.499999999999999600 ) ;
#2860 = DIRECTION ( 'NONE',  ( 1.000000000000000000, 0.0000000000000000000, 0.0000000000000000000 ) ) ;
#2861 = DIRECTION ( 'NONE',  ( 1.000000000000000000, -0.0000000000000000000, 0.0000000000000000000 ) ) ;
#2862 = FACE_OUTER_BOUND ( 'NONE', #7617, .T. ) ;
#2863 = DIRECTION ( 'NONE',  ( -0.5726248390748289700, 0.5201357824263478400, 0.6336872742246424400 ) ) ;
#2864 = ORIENTED_EDGE ( 'NONE', *, *, #6084, .F. ) ;
#2865 = EDGE_CURVE ( 'NONE', #7835, #8722, #8472, .T. ) ;
#2866 = CYLINDRICAL_SURFACE ( 'NONE', #6701, 7.874999999999992900 ) ;
#2867 = ORIENTED_EDGE ( 'NONE', *, *, #7414, .F. ) ;
#2868 = CARTESIAN_POINT ( 'NONE',  ( -8.350000000000001400, 12.30000000000000100, 14.70000000000011700 ) ) ;
#2869 = ORIENTED_EDGE ( 'NONE', *, *, #279, .T. ) ;
#2870 = AXIS2_PLACEMENT_3D ( 'NONE', #8012, #5450, #2761 ) ;
#2871 = AXIS2_PLACEMENT_3D ( 'NONE', #3313, #6924, #1570 ) ;
#2872 = ADVANCED_FACE ( 'NONE', ( #10650 ), #8595, .F. ) ;
#2873 = FACE_OUTER_BOUND ( 'NONE', #7855, .T. ) ;
#2874 = FACE_OUTER_BOUND ( 'NONE', #1726, .T. ) ;
#2875 = CARTESIAN_POINT ( 'NONE',  ( 1.309085912708786400, 10.29025604452769800, 8.450000000000113000 ) ) ;
#2876 = CIRCLE ( 'NONE', #4292, 1.499999999999999600 ) ;
#2877 = DIRECTION ( 'NONE',  ( -1.000000000000000000, 0.0000000000000000000, -0.0000000000000000000 ) ) ;
#2878 = CARTESIAN_POINT ( 'NONE',  ( 1.105825268713746200E-015, 7.825000000000000200, -10.94999999999999900 ) ) ;
#2879 = VERTEX_POINT ( 'NONE', #2727 ) ;
#2880 = CARTESIAN_POINT ( 'NONE',  ( 8.350000000000001400, -3.350000000000085800, 16.05000000000011400 ) ) ;
#2881 = LINE ( 'NONE', #6958, #1632 ) ;
#2882 = DIRECTION ( 'NONE',  ( 0.0000000000000000000, -1.000000000000000000, 0.0000000000000000000 ) ) ;
#2883 = ORIENTED_EDGE ( 'NONE', *, *, #5309, .T. ) ;
#2884 = EDGE_CURVE ( 'NONE', #10723, #8026, #10794, .T. ) ;
#2885 = DIRECTION ( 'NONE',  ( 0.0000000000000000000, 0.0000000000000000000, 1.000000000000000000 ) ) ;
#2886 = FACE_OUTER_BOUND ( 'NONE', #3753, .T. ) ;
#2887 = EDGE_CURVE ( 'NONE', #7696, #9366, #6144, .T. ) ;
#2888 = DIRECTION ( 'NONE',  ( 1.000000000000000000, 0.0000000000000000000, 0.0000000000000000000 ) ) ;
#2889 = DIRECTION ( 'NONE',  ( -0.0000000000000000000, -0.0000000000000000000, 1.000000000000000000 ) ) ;
#2890 = CARTESIAN_POINT ( 'NONE',  ( -4.837073890375361200, 11.78284682717160900, 4.476393202250133800 ) ) ;
#2891 = ORIENTED_EDGE ( 'NONE', *, *, #2438, .T. ) ;
#2892 = CARTESIAN_POINT ( 'NONE',  ( -1.788317974637186700, 9.443748174786378500, 16.45752060232476700 ) ) ;
#2893 = PRESENTATION_LAYER_ASSIGNMENT (  '', '', ( #299 ) ) ;
#2894 = DIRECTION ( 'NONE',  ( 1.000000000000000000, -0.0000000000000000000, 1.224646799147353200E-016 ) ) ;
#2895 = CIRCLE ( 'NONE', #5441, 0.6999999999999992900 ) ;
#2896 = ORIENTED_EDGE ( 'NONE', *, *, #6002, .T. ) ;
#2897 = DIRECTION ( 'NONE',  ( 0.0000000000000000000, 1.000000000000000000, 0.0000000000000000000 ) ) ;
#2898 = FACE_OUTER_BOUND ( 'NONE', #10829, .T. ) ;
#2899 = ORIENTED_EDGE ( 'NONE', *, *, #1606, .T. ) ;
#2900 = ADVANCED_FACE ( 'NONE', ( #7367 ), #7089, .T. ) ;
#2901 = CARTESIAN_POINT ( 'NONE',  ( 4.403554195056584400E-014, 7.825000000000000200, 22.67500000000000400 ) ) ;
#2902 = ORIENTED_EDGE ( 'NONE', *, *, #10605, .F. ) ;
#2903 = DIRECTION ( 'NONE',  ( -0.0000000000000000000, -0.0000000000000000000, 1.000000000000000000 ) ) ;
#2904 = EDGE_CURVE ( 'NONE', #4161, #10682, #4766, .T. ) ;
#2905 = VECTOR ( 'NONE', #3705, 1000.000000000000100 ) ;
#2906 = CARTESIAN_POINT ( 'NONE',  ( -4.164816744473484700, 12.60577763677278500, -7.754566230642144100 ) ) ;
#2907 = PLANE ( 'NONE',  #7447 ) ;
#2908 = VERTEX_POINT ( 'NONE', #7006 ) ;
#2909 = AXIS2_PLACEMENT_3D ( 'NONE', #5170, #8723, #5250 ) ;
#2910 = CARTESIAN_POINT ( 'NONE',  ( 6.997055580779380600, 9.566654908446548000, 2.500000000000108800 ) ) ;
#2911 = LINE ( 'NONE', #9838, #8112 ) ;
#2912 = ORIENTED_EDGE ( 'NONE', *, *, #10571, .T. ) ;
#2913 = CARTESIAN_POINT ( 'NONE',  ( 4.999999999999995600, 3.600000000000000100, 18.75000000000000400 ) ) ;
#2914 = ADVANCED_FACE ( 'NONE', ( #7513 ), #7871, .F. ) ;
#2915 = EDGE_LOOP ( 'NONE', ( #45, #6222, #2352, #8980 ) ) ;
#2916 = DIRECTION ( 'NONE',  ( -0.1033761435547758700, -0.8126028824749383900, -0.5735764363510447200 ) ) ;
#2917 = DIRECTION ( 'NONE',  ( 0.0000000000000000000, 0.0000000000000000000, -1.000000000000000000 ) ) ;
#2918 = VERTEX_POINT ( 'NONE', #9701 ) ;
#2919 = DIRECTION ( 'NONE',  ( -1.579750383876801700E-015, -0.0000000000000000000, -1.000000000000000000 ) ) ;
#2920 = CARTESIAN_POINT ( 'NONE',  ( 6.946575993125049900, 9.169852928574661300, 18.40000000000011900 ) ) ;
#2921 = DIRECTION ( 'NONE',  ( 0.0000000000000000000, 0.0000000000000000000, -1.000000000000000000 ) ) ;
#2922 = LINE ( 'NONE', #7093, #5660 ) ;
#2923 = EDGE_CURVE ( 'NONE', #159, #472, #5853, .T. ) ;
#2924 = ORIENTED_EDGE ( 'NONE', *, *, #4866, .T. ) ;
#2925 = CARTESIAN_POINT ( 'NONE',  ( -1.176764153946479500, 9.486566750274775500, 10.49586259163663700 ) ) ;
#2926 = AXIS2_PLACEMENT_3D ( 'NONE', #1245, #5583, #3836 ) ;
#2927 = EDGE_CURVE ( 'NONE', #5109, #11341, #7315, .T. ) ;
#2928 = ORIENTED_EDGE ( 'NONE', *, *, #4650, .F. ) ;
#2929 = CARTESIAN_POINT ( 'NONE',  ( 0.0000000000000000000, 0.4000000000000000200, 6.250000000000000000 ) ) ;
#2930 = CARTESIAN_POINT ( 'NONE',  ( 4.999999999999997300, 3.600000000000000100, 1.949999999999993500 ) ) ;
#2931 = LINE ( 'NONE', #6830, #7324 ) ;
#2932 = ORIENTED_EDGE ( 'NONE', *, *, #7561, .T. ) ;
#2933 = ORIENTED_EDGE ( 'NONE', *, *, #4438, .F. ) ;
#2934 = PLANE ( 'NONE',  #8103 ) ;
#2935 = CARTESIAN_POINT ( 'NONE',  ( -7.950000000000000200, 8.000000000000000000, 8.450000000000113000 ) ) ;
#2936 = ORIENTED_EDGE ( 'NONE', *, *, #4220, .F. ) ;
#2937 = EDGE_CURVE ( 'NONE', #896, #5931, #4622, .T. ) ;
#2938 = CARTESIAN_POINT ( 'NONE',  ( 3.210233636357373100, 8.000000000000000000, 22.67500000000000100 ) ) ;
#2939 = DIRECTION ( 'NONE',  ( 0.0000000000000000000, -0.0000000000000000000, 1.000000000000000000 ) ) ;
#2940 = AXIS2_PLACEMENT_3D ( 'NONE', #7264, #8867, #4506 ) ;
#2941 = LINE ( 'NONE', #6658, #4327 ) ;
#2942 = ORIENTED_EDGE ( 'NONE', *, *, #5611, .T. ) ;
#2943 = CARTESIAN_POINT ( 'NONE',  ( 5.934495871357650100, 6.109396524084733200, -7.848247762264825200 ) ) ;
#2944 = DIRECTION ( 'NONE',  ( 0.9920049496797154200, -0.1261989691358267300, 0.0000000000000000000 ) ) ;
#2945 = ORIENTED_EDGE ( 'NONE', *, *, #2971, .T. ) ;
#2946 = DIRECTION ( 'NONE',  ( -1.579750383876801700E-015, 0.0000000000000000000, -1.000000000000000000 ) ) ;
#2947 = ORIENTED_EDGE ( 'NONE', *, *, #5555, .T. ) ;
#2948 = VECTOR ( 'NONE', #10307, 1000.000000000000000 ) ;
#2949 = VERTEX_POINT ( 'NONE', #7979 ) ;
#2950 = CARTESIAN_POINT ( 'NONE',  ( 6.648974508221139800, 9.207712619315408600, 2.200000000000114300 ) ) ;
#2951 = VERTEX_POINT ( 'NONE', #1835 ) ;
#2952 = CARTESIAN_POINT ( 'NONE',  ( -7.673004626611401600, 8.000000000000000000, 2.100000000000000100 ) ) ;
#2953 = EDGE_CURVE ( 'NONE', #1898, #5429, #202, .T. ) ;
#2954 = ADVANCED_FACE ( 'NONE', ( #9559 ), #3468, .T. ) ;
#2955 = DIRECTION ( 'NONE',  ( -1.000000000000000000, 0.0000000000000000000, 0.0000000000000000000 ) ) ;
#2956 = DIRECTION ( 'NONE',  ( 0.4265687399014593800, -0.9044551454543674500, 0.0000000000000000000 ) ) ;
#2957 = VERTEX_POINT ( 'NONE', #6110 ) ;
#2958 = DIRECTION ( 'NONE',  ( 0.0000000000000000000, 0.0000000000000000000, -1.000000000000000000 ) ) ;
#2959 = AXIS2_PLACEMENT_3D ( 'NONE', #6898, #741, #8771 ) ;
#2960 = CARTESIAN_POINT ( 'NONE',  ( -6.850000000000002300, 12.30000000000000100, 17.20000000000011300 ) ) ;
#2961 = ORIENTED_EDGE ( 'NONE', *, *, #1506, .F. ) ;
#2962 = LINE ( 'NONE', #4377, #2673 ) ;
#2963 = ORIENTED_EDGE ( 'NONE', *, *, #1457, .F. ) ;
#2964 = ORIENTED_EDGE ( 'NONE', *, *, #7719, .T. ) ;
#2965 = DIRECTION ( 'NONE',  ( 0.0000000000000000000, 0.0000000000000000000, -1.000000000000000000 ) ) ;
#2966 = DIRECTION ( 'NONE',  ( 0.0000000000000000000, 1.000000000000000000, 0.0000000000000000000 ) ) ;
#2967 = DIRECTION ( 'NONE',  ( 0.0000000000000000000, 0.0000000000000000000, -1.000000000000000000 ) ) ;
#2968 = ADVANCED_FACE ( 'NONE', ( #9004 ), #8733, .T. ) ;
#2969 = CARTESIAN_POINT ( 'NONE',  ( 10.00000000000000400, 0.0000000000000000000, 9.550000000000000700 ) ) ;
#2970 = CARTESIAN_POINT ( 'NONE',  ( 7.300000000000002500, 0.0000000000000000000, 5.100000000000000500 ) ) ;
#2971 = EDGE_CURVE ( 'NONE', #10621, #1134, #6133, .T. ) ;
#2972 = CARTESIAN_POINT ( 'NONE',  ( 1.162765584358865800, 9.140084288325327900, 4.544145861810741300 ) ) ;
#2973 = ORIENTED_EDGE ( 'NONE', *, *, #7575, .F. ) ;
#2974 = VECTOR ( 'NONE', #1869, 1000.000000000000200 ) ;
#2975 = VECTOR ( 'NONE', #9465, 1000.000000000000000 ) ;
#2976 = ORIENTED_EDGE ( 'NONE', *, *, #2189, .T. ) ;
#2977 = EDGE_CURVE ( 'NONE', #634, #10981, #5964, .T. ) ;
#2979 = DIRECTION ( 'NONE',  ( -0.1033761435547758700, -0.8126028824749383900, 0.5735764363510447200 ) ) ;
#2978 = DIRECTION ( 'NONE',  ( -0.0000000000000000000, -0.0000000000000000000, 1.000000000000000000 ) ) ;
#2980 = CARTESIAN_POINT ( 'NONE',  ( -8.450000000000001100, 8.223606797749978300, 10.17360679775009300 ) ) ;
#2981 = DIRECTION ( 'NONE',  ( -0.0000000000000000000, 0.0000000000000000000, 1.000000000000000000 ) ) ;
#2982 = CARTESIAN_POINT ( 'NONE',  ( 8.350000000000001400, -3.349999999999998800, 4.850000000000117800 ) ) ;
#2983 = DIRECTION ( 'NONE',  ( -1.000000000000000000, -0.0000000000000000000, -0.0000000000000000000 ) ) ;
#2984 = ORIENTED_EDGE ( 'NONE', *, *, #9608, .T. ) ;
#2985 = VERTEX_POINT ( 'NONE', #4501 ) ;
#2986 = LINE ( 'NONE', #7148, #2421 ) ;
#2987 = CARTESIAN_POINT ( 'NONE',  ( 7.874999999999987600, 7.825000000000002000, -8.200000000000004600 ) ) ;
#2988 = EDGE_CURVE ( 'NONE', #2280, #9266, #7633, .T. ) ;
#2989 = AXIS2_PLACEMENT_3D ( 'NONE', #2329, #4079, #593 ) ;
#2990 = EDGE_CURVE ( 'NONE', #10241, #5801, #10118, .T. ) ;
#2991 = DIRECTION ( 'NONE',  ( -0.9920049496797153100, 0.1261989691358270700, -6.696916640619664200E-016 ) ) ;
#2992 = EDGE_LOOP ( 'NONE', ( #9531, #1955, #4862, #5981 ) ) ;
#2993 = DIRECTION ( 'NONE',  ( -0.2830212059666767400, 0.9591136517499727600, 0.0000000000000000000 ) ) ;
#2994 = CARTESIAN_POINT ( 'NONE',  ( 0.0000000000000000000, 3.600000000000000100, 0.0000000000000000000 ) ) ;
#2995 = FACE_OUTER_BOUND ( 'NONE', #5357, .T. ) ;
#2997 = LINE ( 'NONE', #1901, #8342 ) ;
#2996 = CARTESIAN_POINT ( 'NONE',  ( -8.450000000000002800, 12.30000000000000100, 4.476393202250134700 ) ) ;
#2998 = ORIENTED_EDGE ( 'NONE', *, *, #702, .F. ) ;
#2999 = ORIENTED_EDGE ( 'NONE', *, *, #10264, .T. ) ;
#3000 = FACE_OUTER_BOUND ( 'NONE', #8420, .T. ) ;
#3001 = VECTOR ( 'NONE', #5694, 1000.000000000000000 ) ;
#3002 = FACE_OUTER_BOUND ( 'NONE', #5154, .T. ) ;
#3003 = CARTESIAN_POINT ( 'NONE',  ( -1.674978353764041100E-015, 7.825000000000000200, -2.999999999999995600 ) ) ;
#3004 = VECTOR ( 'NONE', #2467, 1000.000000000000000 ) ;
#3005 = DIRECTION ( 'NONE',  ( -0.1033761435547758700, -0.8126028824749383900, -0.5735764363510447200 ) ) ;
#3006 = CARTESIAN_POINT ( 'NONE',  ( 7.950000000000000200, 3.099999999999913500, 17.35000000000011500 ) ) ;
#3007 = VECTOR ( 'NONE', #6275, 1000.000000000000000 ) ;
#3008 = ORIENTED_EDGE ( 'NONE', *, *, #2468, .F. ) ;
#3009 = ORIENTED_EDGE ( 'NONE', *, *, #3770, .T. ) ;
#3010 = LINE ( 'NONE', #3951, #5892 ) ;
#3011 = EDGE_CURVE ( 'NONE', #10994, #7471, #10513, .T. ) ;
#3012 = FILL_AREA_STYLE_COLOUR ( '', #4372 ) ;
#3013 = VECTOR ( 'NONE', #5993, 1000.000000000000000 ) ;
#3014 = EDGE_CURVE ( 'NONE', #3346, #4204, #899, .T. ) ;
#3015 = FACE_OUTER_BOUND ( 'NONE', #11015, .T. ) ;
#3016 = FACE_OUTER_BOUND ( 'NONE', #490, .T. ) ;
#3017 = ADVANCED_FACE ( 'NONE', ( #6810 ), #1069, .F. ) ;
#3019 = CARTESIAN_POINT ( 'NONE',  ( -7.950000000000000200, 8.000000000000000000, 14.70000000000011700 ) ) ;
#3018 = CARTESIAN_POINT ( 'NONE',  ( 7.350000000000001400, 1.600000000000000300, 3.700000000000000600 ) ) ;
#3020 = CYLINDRICAL_SURFACE ( 'NONE', #2425, 1.599999999999999900 ) ;
#3021 = ORIENTED_EDGE ( 'NONE', *, *, #946, .T. ) ;
#3022 = CARTESIAN_POINT ( 'NONE',  ( 2.806005623304877800, 9.192570267145338600, 4.547166793932204200 ) ) ;
#3023 = DIRECTION ( 'NONE',  ( -0.0000000000000000000, -2.312964634635742700E-015, -1.000000000000000000 ) ) ;
#3025 = DIRECTION ( 'NONE',  ( 0.1261989691358260700, 0.9920049496797155300, 0.0000000000000000000 ) ) ;
#3024 = VECTOR ( 'NONE', #5501, 1000.000000000000000 ) ;
#3026 = EDGE_CURVE ( 'NONE', #11127, #843, #7911, .T. ) ;
#3027 = EDGE_LOOP ( 'NONE', ( #1845, #2963, #7364, #11315 ) ) ;
#3028 = ADVANCED_FACE ( 'NONE', ( #7231 ), #8904, .F. ) ;
#3029 = AXIS2_PLACEMENT_3D ( 'NONE', #6217, #4313, #6182 ) ;
#3030 = LINE ( 'NONE', #10584, #5490 ) ;
#3031 = ORIENTED_EDGE ( 'NONE', *, *, #9656, .F. ) ;
#3032 = DIRECTION ( 'NONE',  ( 0.0000000000000000000, 0.0000000000000000000, 1.000000000000000000 ) ) ;
#3033 = VECTOR ( 'NONE', #8703, 1000.000000000000100 ) ;
#3034 = CARTESIAN_POINT ( 'NONE',  ( -2.860270609150314100, 10.41744139280553200, 5.628740797303260400 ) ) ;
#3035 = CARTESIAN_POINT ( 'NONE',  ( 3.004255071646474700, 8.796433938085819200, 16.70000000000011300 ) ) ;
#3036 = DIRECTION ( 'NONE',  ( -0.5726248390748289700, 0.5201357824263478400, 0.6336872742246424400 ) ) ;
#3037 = ORIENTED_EDGE ( 'NONE', *, *, #3514, .F. ) ;
#3038 = FACE_OUTER_BOUND ( 'NONE', #4069, .T. ) ;
#3039 = DIRECTION ( 'NONE',  ( -0.0000000000000000000, -0.0000000000000000000, 1.000000000000000000 ) ) ;
#3040 = VERTEX_POINT ( 'NONE', #2026 ) ;
#3041 = EDGE_CURVE ( 'NONE', #10614, #5410, #5446, .T. ) ;
#3042 = CARTESIAN_POINT ( 'NONE',  ( -6.850000000000002300, 12.30000000000000100, 12.45000000000011300 ) ) ;
#3043 = AXIS2_PLACEMENT_3D ( 'NONE', #9251, #10103, #1605 ) ;
#3044 = LINE ( 'NONE', #836, #690 ) ;
#3045 = ORIENTED_EDGE ( 'NONE', *, *, #1915, .T. ) ;
#3046 = CARTESIAN_POINT ( 'NONE',  ( -7.950000000000000200, 1.600000000000000100, 9.700000000000001100 ) ) ;
#3047 = CARTESIAN_POINT ( 'NONE',  ( -9.999999999999996400, 0.0000000000000000000, 5.100000000000000500 ) ) ;
#3048 = DIRECTION ( 'NONE',  ( 1.000000000000000000, 0.0000000000000000000, 0.0000000000000000000 ) ) ;
#3049 = ORIENTED_EDGE ( 'NONE', *, *, #264, .T. ) ;
#3050 = CARTESIAN_POINT ( 'NONE',  ( 3.081487911019577400E-030, 7.825000000000000200, 5.204170427930421300E-015 ) ) ;
#3051 = ORIENTED_EDGE ( 'NONE', *, *, #5953, .T. ) ;
#3052 = CARTESIAN_POINT ( 'NONE',  ( -8.350000000000001400, 12.30000000000000100, 8.450000000000113000 ) ) ;
#3053 = ORIENTED_EDGE ( 'NONE', *, *, #6392, .F. ) ;
#3054 = VECTOR ( 'NONE', #8043, 1000.000000000000000 ) ;
#3055 = VERTEX_POINT ( 'NONE', #1949 ) ;
#3056 = DIRECTION ( 'NONE',  ( 1.000000000000000000, 0.0000000000000000000, -2.496005001405477600E-016 ) ) ;
#3057 = ORIENTED_EDGE ( 'NONE', *, *, #7311, .T. ) ;
#3058 = EDGE_CURVE ( 'NONE', #9383, #7151, #5180, .T. ) ;
#3059 = CARTESIAN_POINT ( 'NONE',  ( 4.018285314403366100, 2.790422481440062900, -7.690947237209206500 ) ) ;
#3060 = CARTESIAN_POINT ( 'NONE',  ( 8.350000000000001400, 3.299999999999956300, 11.19999999999999800 ) ) ;
#3061 = DIRECTION ( 'NONE',  ( -1.000000000000000000, 0.0000000000000000000, 0.0000000000000000000 ) ) ;
#3062 = EDGE_LOOP ( 'NONE', ( #6196, #2218, #5128, #5287, #4003, #5389, #2153, #6933 ) ) ;
#3063 = PLANE ( 'NONE',  #4097 ) ;
#3064 = LINE ( 'NONE', #757, #3620 ) ;
#3065 = ORIENTED_EDGE ( 'NONE', *, *, #7125, .T. ) ;
#3066 = VERTEX_POINT ( 'NONE', #6408 ) ;
#3067 = EDGE_LOOP ( 'NONE', ( #9717, #9660, #5236, #815 ) ) ;
#3068 = DIRECTION ( 'NONE',  ( -0.0000000000000000000, 0.0000000000000000000, 1.000000000000000000 ) ) ;
#3069 = ADVANCED_FACE ( 'NONE', ( #6401 ), #9777, .T. ) ;
#3070 = ORIENTED_EDGE ( 'NONE', *, *, #4596, .T. ) ;
#3071 = DIRECTION ( 'NONE',  ( 1.000000000000000000, 0.0000000000000000000, 6.308085367188382400E-016 ) ) ;
#3072 = CARTESIAN_POINT ( 'NONE',  ( 0.0000000000000000000, 7.825000000000000200, 2.100000000000000100 ) ) ;
#3073 = EDGE_CURVE ( 'NONE', #9037, #7505, #11342, .T. ) ;
#3074 = CARTESIAN_POINT ( 'NONE',  ( -5.193917793152937000, 11.36732013843733200, 2.200000000000114300 ) ) ;
#3075 = EDGE_LOOP ( 'NONE', ( #4724, #2056, #4159, #5022 ) ) ;
#3076 = LINE ( 'NONE', #3818, #10610 ) ;
#3077 = ORIENTED_EDGE ( 'NONE', *, *, #6668, .T. ) ;
#3078 = EDGE_CURVE ( 'NONE', #283, #4960, #9825, .T. ) ;
#3079 = VERTEX_POINT ( 'NONE', #137 ) ;
#3080 = AXIS2_PLACEMENT_3D ( 'NONE', #6692, #2307, #8416 ) ;
#3081 = CARTESIAN_POINT ( 'NONE',  ( -8.350000000000001400, 8.000000000000000000, 10.95000000000011500 ) ) ;
#3082 = EDGE_LOOP ( 'NONE', ( #2767, #9248, #5488, #9980 ) ) ;
#3083 = CARTESIAN_POINT ( 'NONE',  ( -7.950000000000000200, 0.4000000000000001900, 15.80000000000011600 ) ) ;
#3084 = CARTESIAN_POINT ( 'NONE',  ( 7.950000000000000200, 1.599999999999912200, 17.35000000000011500 ) ) ;
#3085 = ADVANCED_FACE ( 'NONE', ( #59 ), #7373, .F. ) ;
#3086 = CARTESIAN_POINT ( 'NONE',  ( -3.927680589516822100, 11.96451637429937500, 14.70000000000011700 ) ) ;
#3087 = LINE ( 'NONE', #10223, #2377 ) ;
#3088 = ORIENTED_EDGE ( 'NONE', *, *, #1007, .T. ) ;
#3089 = DIRECTION ( 'NONE',  ( -1.000000000000000000, 0.0000000000000000000, 0.0000000000000000000 ) ) ;
#3090 = ORIENTED_EDGE ( 'NONE', *, *, #7692, .T. ) ;
#3091 = UNCERTAINTY_MEASURE_WITH_UNIT (LENGTH_MEASURE( 1.000000000000000100E-005 ), #5678, 'distance_accuracy_value', 'NONE');
#3092 = EDGE_CURVE ( 'NONE', #1987, #8158, #3807, .T. ) ;
#3094 = CARTESIAN_POINT ( 'NONE',  ( -9.999999999999996400, 1.600000000000000100, 3.450000000000000600 ) ) ;
#3093 = CARTESIAN_POINT ( 'NONE',  ( 3.171676389805457000, 8.884518554691602800, 16.35585413818948600 ) ) ;
#3095 = ORIENTED_EDGE ( 'NONE', *, *, #7343, .T. ) ;
#3096 = AXIS2_PLACEMENT_3D ( 'NONE', #11290, #9564, #803 ) ;
#3097 = CARTESIAN_POINT ( 'NONE',  ( 7.299999999999998900, 8.000000000000000000, 17.60000000000000100 ) ) ;
#3098 = ORIENTED_EDGE ( 'NONE', *, *, #4466, .T. ) ;
#3099 = DIRECTION ( 'NONE',  ( 1.000000000000000000, 0.0000000000000000000, 0.0000000000000000000 ) ) ;
#3100 = CYLINDRICAL_SURFACE ( 'NONE', #11064, 5.500000000000006200 ) ;
#3101 = ORIENTED_EDGE ( 'NONE', *, *, #1493, .T. ) ;
#3102 = ORIENTED_EDGE ( 'NONE', *, *, #3442, .F. ) ;
#3103 = VERTEX_POINT ( 'NONE', #9894 ) ;
#3104 = CARTESIAN_POINT ( 'NONE',  ( -4.808410434011671300, 11.69930618132521600, 10.81417890370276600 ) ) ;
#3105 = SURFACE_SIDE_STYLE ('',( #6001 ) ) ;
#3106 = ORIENTED_EDGE ( 'NONE', *, *, #2814, .F. ) ;
#3107 = FACE_OUTER_BOUND ( 'NONE', #1164, .T. ) ;
#3108 = VECTOR ( 'NONE', #5935, 1000.000000000000000 ) ;
#3109 = EDGE_CURVE ( 'NONE', #564, #10334, #2682, .T. ) ;
#3110 = ORIENTED_EDGE ( 'NONE', *, *, #11080, .F. ) ;
#3111 = CARTESIAN_POINT ( 'NONE',  ( -7.950000000000000200, 1.599999999999999900, 11.10000000000000300 ) ) ;
#3112 = CARTESIAN_POINT ( 'NONE',  ( -2.610512356868663500, 10.78889192452703600, 8.817500000000112700 ) ) ;
#3113 = ORIENTED_EDGE ( 'NONE', *, *, #2115, .T. ) ;
#3114 = AXIS2_PLACEMENT_3D ( 'NONE', #10634, #7769, #6893 ) ;
#3115 = DIRECTION ( 'NONE',  ( 0.0000000000000000000, 0.0000000000000000000, 1.000000000000000000 ) ) ;
#3116 = ORIENTED_EDGE ( 'NONE', *, *, #3740, .T. ) ;
#3117 = EDGE_LOOP ( 'NONE', ( #7010, #9779, #7714, #3794 ) ) ;
#3118 = VECTOR ( 'NONE', #7261, 1000.000000000000100 ) ;
#3119 = VECTOR ( 'NONE', #2291, 1000.000000000000000 ) ;
#3120 = ORIENTED_EDGE ( 'NONE', *, *, #1377, .F. ) ;
#3121 = DIRECTION ( 'NONE',  ( -1.000000000000000000, 0.0000000000000000000, -0.0000000000000000000 ) ) ;
#3122 = CARTESIAN_POINT ( 'NONE',  ( -8.309113651749974800, 1.883021205966680000, 17.20000000000000300 ) ) ;
#3123 = CARTESIAN_POINT ( 'NONE',  ( -8.350000000000001400, 8.000000000000000000, 4.700000000000113900 ) ) ;
#3124 = EDGE_CURVE ( 'NONE', #1094, #9935, #492, .T. ) ;
#3125 = CARTESIAN_POINT ( 'NONE',  ( 0.0000000000000000000, 7.825000000000000200, 0.0000000000000000000 ) ) ;
#3126 = AXIS2_PLACEMENT_3D ( 'NONE', #9529, #2624, #4332 ) ;
#3127 = ADVANCED_FACE ( 'NONE', ( #3386 ), #2278, .T. ) ;
#3128 = ORIENTED_EDGE ( 'NONE', *, *, #187, .T. ) ;
#3129 = ORIENTED_EDGE ( 'NONE', *, *, #1294, .F. ) ;
#3130 = VECTOR ( 'NONE', #8224, 1000.000000000000000 ) ;
#3131 = DIRECTION ( 'NONE',  ( -1.579750383876801700E-015, -0.0000000000000000000, -1.000000000000000000 ) ) ;
#3132 = DIRECTION ( 'NONE',  ( 0.0000000000000000000, 0.0000000000000000000, -1.000000000000000000 ) ) ;
#3133 = ORIENTED_EDGE ( 'NONE', *, *, #10751, .T. ) ;
#3134 = LINE ( 'NONE', #1389, #10667 ) ;
#3135 = CARTESIAN_POINT ( 'NONE',  ( 7.950000000000000200, 8.000000000000000000, 17.60000000000000100 ) ) ;
#3136 = ORIENTED_EDGE ( 'NONE', *, *, #3320, .T. ) ;
#3137 = VECTOR ( 'NONE', #10254, 1000.000000000000000 ) ;
#3138 = EDGE_CURVE ( 'NONE', #8722, #7151, #2835, .T. ) ;
#3139 = LINE ( 'NONE', #7731, #6013 ) ;
#3140 = LINE ( 'NONE', #7915, #5210 ) ;
#3141 = AXIS2_PLACEMENT_3D ( 'NONE', #8188, #2981, #9226 ) ;
#3142 = DIRECTION ( 'NONE',  ( 0.0000000000000000000, 0.0000000000000000000, -1.000000000000000000 ) ) ;
#3143 = FACE_OUTER_BOUND ( 'NONE', #4709, .T. ) ;
#3144 = EDGE_CURVE ( 'NONE', #3764, #1041, #3530, .T. ) ;
#3145 = DIRECTION ( 'NONE',  ( -1.000000000000000000, 0.0000000000000000000, 0.0000000000000000000 ) ) ;
#3146 = VECTOR ( 'NONE', #7454, 1000.000000000000000 ) ;
#3147 = CARTESIAN_POINT ( 'NONE',  ( -8.350000000000001400, 9.360147050873548500, 17.35000000000000500 ) ) ;
#3148 = ORIENTED_EDGE ( 'NONE', *, *, #2167, .F. ) ;
#3149 = DIRECTION ( 'NONE',  ( -1.248002500702738800E-016, -0.0000000000000000000, -1.000000000000000000 ) ) ;
#3150 = LINE ( 'NONE', #9919, #794 ) ;
#3151 = EDGE_LOOP ( 'NONE', ( #1643, #425, #2899, #3684 ) ) ;
#3152 = PLANE ( 'NONE',  #3938 ) ;
#3153 = VECTOR ( 'NONE', #8307, 1000.000000000000000 ) ;
#3154 = FACE_OUTER_BOUND ( 'NONE', #3489, .T. ) ;
#3155 = FACE_OUTER_BOUND ( 'NONE', #5556, .T. ) ;
#3156 = PLANE ( 'NONE',  #4620 ) ;
#3157 = EDGE_LOOP ( 'NONE', ( #2638, #7602, #7358, #9395 ) ) ;
#3158 = DIRECTION ( 'NONE',  ( 0.0000000000000000000, 1.000000000000000000, 0.0000000000000000000 ) ) ;
#3159 = CARTESIAN_POINT ( 'NONE',  ( 5.950000000000133400, 8.400000000000000400, 16.69999999999998900 ) ) ;
#3160 = EDGE_CURVE ( 'NONE', #4344, #11297, #3250, .T. ) ;
#3161 = VECTOR ( 'NONE', #2679, 1000.000000000000000 ) ;
#3162 = CARTESIAN_POINT ( 'NONE',  ( 7.874999999999992900, 7.825000000000000200, -4.500000000000003600 ) ) ;
#3163 = ORIENTED_EDGE ( 'NONE', *, *, #5510, .F. ) ;
#3164 = EDGE_CURVE ( 'NONE', #3823, #1158, #4908, .T. ) ;
#3165 = DIRECTION ( 'NONE',  ( 1.000000000000000000, -0.0000000000000000000, -9.637352644315598700E-016 ) ) ;
#3166 = AXIS2_PLACEMENT_3D ( 'NONE', #2296, #11085, #6723 ) ;
#3167 = VECTOR ( 'NONE', #615, 1000.000000000000000 ) ;
#3169 = CARTESIAN_POINT ( 'NONE',  ( -3.462499999999999500, 13.82222592120723300, -6.399999999999990600 ) ) ;
#3168 = DIRECTION ( 'NONE',  ( 1.000000000000000000, 0.0000000000000000000, 0.0000000000000000000 ) ) ;
#3170 = EDGE_LOOP ( 'NONE', ( #7908, #8959, #6056, #5604 ) ) ;
#3171 = SURFACE_SIDE_STYLE ('',( #2180 ) ) ;
#3172 = CIRCLE ( 'NONE', #1460, 5.500000000000006200 ) ;
#3173 = PLANE ( 'NONE',  #5859 ) ;
#3174 = DIRECTION ( 'NONE',  ( 0.0000000000000000000, -1.000000000000000000, -0.0000000000000000000 ) ) ;
#3175 = EDGE_LOOP ( 'NONE', ( #4415, #4408, #2815, #303 ) ) ;
#3176 = DIRECTION ( 'NONE',  ( -4.034240641806528900E-016, -1.000000000000000000, -0.0000000000000000000 ) ) ;
#3177 = LINE ( 'NONE', #5703, #7291 ) ;
#3178 = VERTEX_POINT ( 'NONE', #4817 ) ;
#3179 = EDGE_CURVE ( 'NONE', #6559, #10225, #2552, .T. ) ;
#3180 = PLANE ( 'NONE',  #10183 ) ;
#3181 = AXIS2_PLACEMENT_3D ( 'NONE', #5666, #2116, #5584 ) ;
#3182 = ORIENTED_EDGE ( 'NONE', *, *, #8167, .F. ) ;
#3183 = AXIS2_PLACEMENT_3D ( 'NONE', #4588, #2785, #4478 ) ;
#3184 = VECTOR ( 'NONE', #10916, 1000.000000000000000 ) ;
#3185 = CARTESIAN_POINT ( 'NONE',  ( -4.818121451446275600, 11.74266190665380300, 10.77082317837418100 ) ) ;
#3186 = ORIENTED_EDGE ( 'NONE', *, *, #10489, .F. ) ;
#3187 = CARTESIAN_POINT ( 'NONE',  ( 7.950000000000000200, -3.350000000000042700, 11.10000000000011700 ) ) ;
#3188 = ADVANCED_FACE ( 'NONE', ( #5578 ), #6681, .T. ) ;
#3189 = CARTESIAN_POINT ( 'NONE',  ( 7.299999999999998900, 0.0000000000000000000, 15.80000000000000100 ) ) ;
#3190 = DIRECTION ( 'NONE',  ( -0.0000000000000000000, -0.0000000000000000000, 1.000000000000000000 ) ) ;
#3191 = LINE ( 'NONE', #6276, #834 ) ;
#3192 = ORIENTED_EDGE ( 'NONE', *, *, #4037, .T. ) ;
#3193 = CARTESIAN_POINT ( 'NONE',  ( -1.740153877978051700, 9.399998989646013200, 16.70000000000011300 ) ) ;
#3194 = EDGE_LOOP ( 'NONE', ( #7163, #3613, #764, #737 ) ) ;
#3195 = EDGE_CURVE ( 'NONE', #5972, #1107, #623, .T. ) ;
#3196 = ORIENTED_EDGE ( 'NONE', *, *, #11299, .F. ) ;
#3197 = CARTESIAN_POINT ( 'NONE',  ( 8.349999999999999600, 1.600000000000000500, 9.949999999999999300 ) ) ;
#3198 = VERTEX_POINT ( 'NONE', #448 ) ;
#3199 = AXIS2_PLACEMENT_3D ( 'NONE', #6332, #9740, #5494 ) ;
#3200 = EDGE_CURVE ( 'NONE', #9721, #10620, #1723, .T. ) ;
#3201 = CARTESIAN_POINT ( 'NONE',  ( -8.350000000000001400, 0.4000000000000001900, 16.05000000000000100 ) ) ;
#3202 = DIRECTION ( 'NONE',  ( -0.0000000000000000000, -0.0000000000000000000, 1.000000000000000000 ) ) ;
#3203 = FACE_OUTER_BOUND ( 'NONE', #9556, .T. ) ;
#3204 = ORIENTED_EDGE ( 'NONE', *, *, #10427, .F. ) ;
#3205 = VERTEX_POINT ( 'NONE', #2135 ) ;
#3206 = DIRECTION ( 'NONE',  ( -1.000000000000000000, -0.0000000000000000000, -0.0000000000000000000 ) ) ;
#3207 = CARTESIAN_POINT ( 'NONE',  ( -9.999999999999996400, 3.299999999999999800, 11.20000000000000100 ) ) ;
#3208 = LINE ( 'NONE', #10531, #1217 ) ;
#3209 = EDGE_CURVE ( 'NONE', #10723, #4554, #10784, .T. ) ;
#3210 = ORIENTED_EDGE ( 'NONE', *, *, #5765, .F. ) ;
#3211 = PLANE ( 'NONE',  #5523 ) ;
#3212 = ORIENTED_EDGE ( 'NONE', *, *, #7017, .T. ) ;
#3213 = ORIENTED_EDGE ( 'NONE', *, *, #11014, .T. ) ;
#3214 = AXIS2_PLACEMENT_3D ( 'NONE', #4297, #4261, #11152 ) ;
#3215 = DIRECTION ( 'NONE',  ( 0.0000000000000000000, 0.0000000000000000000, 1.000000000000000000 ) ) ;
#3216 = EDGE_CURVE ( 'NONE', #9366, #782, #9690, .T. ) ;
#3217 = ORIENTED_EDGE ( 'NONE', *, *, #7687, .F. ) ;
#3218 = CARTESIAN_POINT ( 'NONE',  ( -7.350000000000001400, 1.600000000000000300, 4.700000000000002000 ) ) ;
#3219 = CIRCLE ( 'NONE', #2324, 1.099999999999996800 ) ;
#3220 = EDGE_LOOP ( 'NONE', ( #10583, #9672, #3918, #2891, #10260 ) ) ;
#3221 = ORIENTED_EDGE ( 'NONE', *, *, #10589, .T. ) ;
#3222 = DIRECTION ( 'NONE',  ( -0.0000000000000000000, -1.000000000000000000, -0.0000000000000000000 ) ) ;
#3223 = PLANE ( 'NONE',  #2273 ) ;
#3224 = EDGE_LOOP ( 'NONE', ( #10426, #6683 ) ) ;
#3225 = EDGE_CURVE ( 'NONE', #5716, #7891, #11069, .T. ) ;
#3226 = STYLED_ITEM ( 'NONE', ( #6421 ), #11241 ) ;
#3227 = VECTOR ( 'NONE', #8954, 1000.000000000000000 ) ;
#3228 = ORIENTED_EDGE ( 'NONE', *, *, #8591, .T. ) ;
#3229 = ORIENTED_EDGE ( 'NONE', *, *, #6586, .T. ) ;
#3230 = ORIENTED_EDGE ( 'NONE', *, *, #1124, .F. ) ;
#3231 = DIRECTION ( 'NONE',  ( 1.000000000000000000, 0.0000000000000000000, -1.618715529682868300E-015 ) ) ;
#3232 = DIRECTION ( 'NONE',  ( 0.4265687399014589400, -0.9044551454543676700, 0.0000000000000000000 ) ) ;
#3233 =( BOUNDED_CURVE ( )  B_SPLINE_CURVE ( 3, ( #2890, #9944, #6416, #3707 ),
 .UNSPECIFIED., .F., .F. ) 
 B_SPLINE_CURVE_WITH_KNOTS ( ( 4, 4 ),
 ( 1.570796326794895400, 2.011491962923465800 ),
 .UNSPECIFIED. ) 
 CURVE ( )  GEOMETRIC_REPRESENTATION_ITEM ( )  RATIONAL_B_SPLINE_CURVE ( ( 1.000000000000000000, 0.9838809907308638800, 0.9838809907308638800, 1.000000000000000000 ) ) 
 REPRESENTATION_ITEM ( '' )  );
#3234 = VERTEX_POINT ( 'NONE', #10243 ) ;
#3235 = CARTESIAN_POINT ( 'NONE',  ( -6.850000000000002300, 12.30000000000000100, 16.97639320225013600 ) ) ;
#3236 = ORIENTED_EDGE ( 'NONE', *, *, #1781, .F. ) ;
#3237 = DIRECTION ( 'NONE',  ( -0.0000000000000000000, 1.000000000000000000, -0.0000000000000000000 ) ) ;
#3238 = ORIENTED_EDGE ( 'NONE', *, *, #4042, .F. ) ;
#3239 = LINE ( 'NONE', #5934, #4599 ) ;
#3240 = VERTEX_POINT ( 'NONE', #637 ) ;
#3241 = ADVANCED_FACE ( 'NONE', ( #3107 ), #10379, .T. ) ;
#3242 = ORIENTED_EDGE ( 'NONE', *, *, #959, .F. ) ;
#3243 = EDGE_CURVE ( 'NONE', #7406, #9925, #1312, .T. ) ;
#3245 = DIRECTION ( 'NONE',  ( 0.0000000000000000000, 0.0000000000000000000, -1.000000000000000000 ) ) ;
#3244 = CARTESIAN_POINT ( 'NONE',  ( 3.300000000000014500, 3.600000000000000100, 10.42500000000000200 ) ) ;
#3246 = FILL_AREA_STYLE_COLOUR ( '', #5895 ) ;
#3247 = CARTESIAN_POINT ( 'NONE',  ( -7.950000000000000200, 8.000000000000000000, 8.450000000000113000 ) ) ;
#3248 = AXIS2_PLACEMENT_3D ( 'NONE', #6373, #2894, #9636 ) ;
#3249 = ORIENTED_EDGE ( 'NONE', *, *, #6997, .F. ) ;
#3250 = LINE ( 'NONE', #7485, #4361 ) ;
#3251 = LINE ( 'NONE', #9391, #4623 ) ;
#3252 = EDGE_LOOP ( 'NONE', ( #42, #10271, #3329, #190, #3920, #11140, #8255, #8581, #10843, #10245, #1839, #1431 ) ) ;
#3253 = CARTESIAN_POINT ( 'NONE',  ( 1.105825268713746200E-015, 7.825000000000000200, -6.399999999999999500 ) ) ;
#3254 = EDGE_CURVE ( 'NONE', #5761, #2394, #2267, .T. ) ;
#3255 = EDGE_CURVE ( 'NONE', #11187, #5972, #3663, .T. ) ;
#3256 = DIRECTION ( 'NONE',  ( 4.818676322157795400E-016, -0.0000000000000000000, 1.000000000000000000 ) ) ;
#3257 = VERTEX_POINT ( 'NONE', #7674 ) ;
#3258 = DIRECTION ( 'NONE',  ( -1.224646799147353200E-016, 1.000000000000000000, 1.934636251066527600E-031 ) ) ;
#3259 = VERTEX_POINT ( 'NONE', #8475 ) ;
#3260 = FACE_OUTER_BOUND ( 'NONE', #420, .T. ) ;
#3261 = CYLINDRICAL_SURFACE ( 'NONE', #3277, 0.6500000000000012400 ) ;
#3262 = AXIS2_PLACEMENT_3D ( 'NONE', #2732, #9602, #3629 ) ;
#3263 = DIRECTION ( 'NONE',  ( -0.0000000000000000000, -1.000000000000000000, -0.0000000000000000000 ) ) ;
#3264 = ORIENTED_EDGE ( 'NONE', *, *, #2884, .T. ) ;
#3265 = CARTESIAN_POINT ( 'NONE',  ( -6.850000000000002300, 12.30000000000000100, 9.950000000000114800 ) ) ;
#3266 = FACE_OUTER_BOUND ( 'NONE', #2560, .T. ) ;
#3267 = CIRCLE ( 'NONE', #9588, 1.099999999999996800 ) ;
#3268 = ORIENTED_EDGE ( 'NONE', *, *, #5439, .F. ) ;
#3269 = DIRECTION ( 'NONE',  ( 0.0000000000000000000, 0.0000000000000000000, -1.000000000000000000 ) ) ;
#3270 = ORIENTED_EDGE ( 'NONE', *, *, #9532, .T. ) ;
#3271 = DIRECTION ( 'NONE',  ( -0.5726248390748289700, 0.5201357824263478400, -0.6336872742246424400 ) ) ;
#3272 = LINE ( 'NONE', #9402, #7661 ) ;
#3273 = DIRECTION ( 'NONE',  ( 5.583261179213479200E-016, 0.0000000000000000000, 1.000000000000000000 ) ) ;
#3274 = FACE_OUTER_BOUND ( 'NONE', #11191, .T. ) ;
#3275 = EDGE_CURVE ( 'NONE', #4476, #5758, #5714, .T. ) ;
#3276 = VECTOR ( 'NONE', #3455, 1000.000000000000000 ) ;
#3277 = AXIS2_PLACEMENT_3D ( 'NONE', #1452, #5884, #11165 ) ;
#3278 = VECTOR ( 'NONE', #2083, 1000.000000000000100 ) ;
#3279 = ORIENTED_EDGE ( 'NONE', *, *, #2470, .F. ) ;
#3280 = DIRECTION ( 'NONE',  ( 0.0000000000000000000, 0.0000000000000000000, -1.000000000000000000 ) ) ;
#3281 = LINE ( 'NONE', #3709, #5600 ) ;
#3282 = VECTOR ( 'NONE', #1936, 1000.000000000000000 ) ;
#3283 = CARTESIAN_POINT ( 'NONE',  ( 6.924999999999986500, 7.824999999999998400, -7.274999999999975500 ) ) ;
#3284 = LINE ( 'NONE', #11137, #3700 ) ;
#3285 = VECTOR ( 'NONE', #6956, 1000.000000000000000 ) ;
#3286 = FACE_OUTER_BOUND ( 'NONE', #2245, .T. ) ;
#3287 = ORIENTED_EDGE ( 'NONE', *, *, #7237, .F. ) ;
#3288 = EDGE_CURVE ( 'NONE', #4954, #9935, #7766, .T. ) ;
#3289 = FACE_OUTER_BOUND ( 'NONE', #6097, .T. ) ;
#3290 = ORIENTED_EDGE ( 'NONE', *, *, #9112, .F. ) ;
#3291 = ORIENTED_EDGE ( 'NONE', *, *, #943, .T. ) ;
#3292 = EDGE_CURVE ( 'NONE', #3079, #1184, #5434, .T. ) ;
#3293 = CARTESIAN_POINT ( 'NONE',  ( 5.499999999999994700, 7.825000000000000200, 0.0000000000000000000 ) ) ;
#3294 = DIRECTION ( 'NONE',  ( 0.9920049496797154200, -0.1261989691358265700, 0.0000000000000000000 ) ) ;
#3295 = AXIS2_PLACEMENT_3D ( 'NONE', #6583, #7395, #7431 ) ;
#3296 = FACE_OUTER_BOUND ( 'NONE', #7656, .T. ) ;
#3297 = ADVANCED_FACE ( 'NONE', ( #754, #8863 ), #9246, .F. ) ;
#3298 = CARTESIAN_POINT ( 'NONE',  ( -9.999999999999996400, 1.600000000000000100, 4.700000000000001100 ) ) ;
#3299 = ORIENTED_EDGE ( 'NONE', *, *, #4761, .F. ) ;
#3300 = CARTESIAN_POINT ( 'NONE',  ( -5.674208310909324200, 12.85453936187189900, 3.923606797750093900 ) ) ;
#3301 = LINE ( 'NONE', #8146, #1240 ) ;
#3302 = CARTESIAN_POINT ( 'NONE',  ( 4.531193156845216100E-016, 7.825000000000000200, -6.399999999999999500 ) ) ;
#3303 = CARTESIAN_POINT ( 'NONE',  ( -7.950000000000000200, 3.299999999999999800, 15.95000000000000300 ) ) ;
#3304 = DIRECTION ( 'NONE',  ( 0.0000000000000000000, -1.000000000000000000, 0.0000000000000000000 ) ) ;
#3305 = EDGE_CURVE ( 'NONE', #10447, #1813, #10106, .T. ) ;
#3306 = DIRECTION ( 'NONE',  ( 1.000000000000000000, 0.0000000000000000000, 0.0000000000000000000 ) ) ;
#3307 = EDGE_CURVE ( 'NONE', #1231, #1695, #5167, .T. ) ;
#3308 = EDGE_LOOP ( 'NONE', ( #4301, #2800, #11178, #9235 ) ) ;
#3309 = ORIENTED_EDGE ( 'NONE', *, *, #7260, .T. ) ;
#3310 = FACE_BOUND ( 'NONE', #8944, .T. ) ;
#3311 = EDGE_LOOP ( 'NONE', ( #10228, #9661, #1655, #3776 ) ) ;
#3313 = CARTESIAN_POINT ( 'NONE',  ( -9.999999999999996400, 3.100000000000000500, 4.700000000000002000 ) ) ;
#3312 = CARTESIAN_POINT ( 'NONE',  ( -7.950000000000000200, 8.000000000000000000, 18.70000000000011700 ) ) ;
#3314 = ORIENTED_EDGE ( 'NONE', *, *, #2012, .T. ) ;
#3315 = CARTESIAN_POINT ( 'NONE',  ( -4.174786139660028500, 11.61146323279055700, 1.316568964668701500 ) ) ;
#3316 = EDGE_LOOP ( 'NONE', ( #11023, #32, #1086, #8151 ) ) ;
#3317 = CARTESIAN_POINT ( 'NONE',  ( -5.493317281818449700, 12.93985310985218700, 3.700000000000113900 ) ) ;
#3318 = ORIENTED_EDGE ( 'NONE', *, *, #8031, .F. ) ;
#3319 = ORIENTED_EDGE ( 'NONE', *, *, #3857, .F. ) ;
#3320 = EDGE_CURVE ( 'NONE', #3755, #5502, #7501, .T. ) ;
#3321 = CARTESIAN_POINT ( 'NONE',  ( -8.350000000000001400, 0.3999999999999993000, 4.850000000000003200 ) ) ;
#3322 = DIRECTION ( 'NONE',  ( -1.000000000000000000, 0.0000000000000000000, 1.079143686455245600E-015 ) ) ;
#3323 = CYLINDRICAL_SURFACE ( 'NONE', #7132, 0.2999999999999999300 ) ;
#3324 = VERTEX_POINT ( 'NONE', #10131 ) ;
#3325 = PRESENTATION_LAYER_ASSIGNMENT (  '', '', ( #1396 ) ) ;
#3326 = DIRECTION ( 'NONE',  ( -1.000000000000000000, 0.0000000000000000000, 5.782411586589356700E-016 ) ) ;
#3327 = SHAPE_REPRESENTATION ( 'ACJM-IH', ( #4045, #10492 ), #5060 ) ;
#3328 = CARTESIAN_POINT ( 'NONE',  ( -7.950000000000000200, 8.000000000000000000, 6.200000000000113900 ) ) ;
#3329 = ORIENTED_EDGE ( 'NONE', *, *, #2050, .F. ) ;
#3330 = CARTESIAN_POINT ( 'NONE',  ( -4.808410434011671300, 11.65487620520117000, 14.70000000000011700 ) ) ;
#3331 = VECTOR ( 'NONE', #10503, 1000.000000000000000 ) ;
#3332 = ORIENTED_EDGE ( 'NONE', *, *, #6112, .T. ) ;
#3333 = DIRECTION ( 'NONE',  ( -0.0000000000000000000, -0.0000000000000000000, -1.000000000000000000 ) ) ;
#3334 = VERTEX_POINT ( 'NONE', #4883 ) ;
#3335 = EDGE_CURVE ( 'NONE', #5256, #5334, #1579, .T. ) ;
#3336 = ADVANCED_FACE ( 'NONE', ( #10640 ), #7601, .F. ) ;
#3337 = CARTESIAN_POINT ( 'NONE',  ( 3.210233636357320700, 8.000000000000023100, 14.60000000000000000 ) ) ;
#3338 = AXIS2_PLACEMENT_3D ( 'NONE', #3483, #774, #6047 ) ;
#3339 = ORIENTED_EDGE ( 'NONE', *, *, #6796, .T. ) ;
#3340 = DIRECTION ( 'NONE',  ( 1.740648411148072600E-016, -2.214384466385228800E-017, -1.000000000000000000 ) ) ;
#3341 = CARTESIAN_POINT ( 'NONE',  ( -8.350000000000001400, -3.349999999999998800, 4.200000000000116500 ) ) ;
#3342 = CARTESIAN_POINT ( 'NONE',  ( -7.950000000000000200, 1.599999999999999900, 11.10000000000000300 ) ) ;
#3343 = CYLINDRICAL_SURFACE ( 'NONE', #6083, 1.000000000000000900 ) ;
#3344 = ORIENTED_EDGE ( 'NONE', *, *, #4113, .T. ) ;
#3345 = DIRECTION ( 'NONE',  ( -0.0000000000000000000, -0.0000000000000000000, 1.000000000000000000 ) ) ;
#3346 = VERTEX_POINT ( 'NONE', #6787 ) ;
#3347 = ADVANCED_FACE ( 'NONE', ( #9544 ), #3152, .T. ) ;
#3348 = CARTESIAN_POINT ( 'NONE',  ( 7.673004626611401600, 8.000000000000000000, 12.49999999999999800 ) ) ;
#3350 = CARTESIAN_POINT ( 'NONE',  ( 5.950000000000165400, 8.900000000000000400, 10.44999999999998900 ) ) ;
#3349 = DIRECTION ( 'NONE',  ( 1.000000000000000000, 0.0000000000000000000, 0.0000000000000000000 ) ) ;
#3351 = ORIENTED_EDGE ( 'NONE', *, *, #6166, .F. ) ;
#3352 = EDGE_CURVE ( 'NONE', #8383, #2380, #11193, .T. ) ;
#3353 = DIRECTION ( 'NONE',  ( -0.0000000000000000000, -1.000000000000000000, -0.0000000000000000000 ) ) ;
#3354 = AXIS2_PLACEMENT_3D ( 'NONE', #4811, #8246, #9047 ) ;
#3355 = LINE ( 'NONE', #818, #10227 ) ;
#3356 = ORIENTED_EDGE ( 'NONE', *, *, #294, .F. ) ;
#3357 = ORIENTED_EDGE ( 'NONE', *, *, #2372, .T. ) ;
#3358 = CARTESIAN_POINT ( 'NONE',  ( 10.00000000000000400, 8.000000000000000000, 5.100000000000000500 ) ) ;
#3359 = DIRECTION ( 'NONE',  ( -0.0000000000000000000, 0.0000000000000000000, 1.000000000000000000 ) ) ;
#3360 = ORIENTED_EDGE ( 'NONE', *, *, #3670, .F. ) ;
#3361 = DIRECTION ( 'NONE',  ( -0.0000000000000000000, -0.0000000000000000000, 1.000000000000000000 ) ) ;
#3362 = ORIENTED_EDGE ( 'NONE', *, *, #7622, .F. ) ;
#3363 = PLANE ( 'NONE',  #5095 ) ;
#3364 = VECTOR ( 'NONE', #8644, 1000.000000000000000 ) ;
#3365 = VERTEX_POINT ( 'NONE', #7860 ) ;
#3366 = PLANE ( 'NONE',  #8829 ) ;
#3367 = ORIENTED_EDGE ( 'NONE', *, *, #450, .T. ) ;
#3368 = PLANE ( 'NONE',  #8860 ) ;
#3369 = EDGE_CURVE ( 'NONE', #6778, #4539, #2542, .T. ) ;
#3370 = ORIENTED_EDGE ( 'NONE', *, *, #7859, .F. ) ;
#3371 = CARTESIAN_POINT ( 'NONE',  ( -9.999999999999996400, 3.100000000000000500, 16.20000000000000300 ) ) ;
#3372 = EDGE_CURVE ( 'NONE', #9378, #9482, #4898, .T. ) ;
#3373 = AXIS2_PLACEMENT_3D ( 'NONE', #6100, #2605, #2559 ) ;
#3374 = ORIENTED_EDGE ( 'NONE', *, *, #9922, .F. ) ;
#3375 = CARTESIAN_POINT ( 'NONE',  ( -5.493317281818449700, 12.93985310985218700, 18.70000000000011700 ) ) ;
#3376 = VECTOR ( 'NONE', #7562, 1000.000000000000000 ) ;
#3377 = LINE ( 'NONE', #10392, #10773 ) ;
#3378 = ORIENTED_EDGE ( 'NONE', *, *, #3480, .T. ) ;
#3379 = CARTESIAN_POINT ( 'NONE',  ( -8.933217886741541400E-016, 7.825000000000000200, -1.599999999999995400 ) ) ;
#3380 = ORIENTED_EDGE ( 'NONE', *, *, #6326, .F. ) ;
#3381 = DIRECTION ( 'NONE',  ( 1.000000000000000000, 0.0000000000000000000, 0.0000000000000000000 ) ) ;
#3382 = SURFACE_STYLE_USAGE ( .BOTH. , #5947 ) ;
#3383 = DIRECTION ( 'NONE',  ( 1.000000000000000000, -3.854941057726231600E-015, 0.0000000000000000000 ) ) ;
#3384 = ORIENTED_EDGE ( 'NONE', *, *, #4536, .T. ) ;
#3385 = ORIENTED_EDGE ( 'NONE', *, *, #9483, .T. ) ;
#3386 = FACE_OUTER_BOUND ( 'NONE', #1786, .T. ) ;
#3387 = CIRCLE ( 'NONE', #1494, 0.2999999999999999300 ) ;
#3388 = EDGE_CURVE ( 'NONE', #1670, #1935, #681, .T. ) ;
#3390 = DIRECTION ( 'NONE',  ( 2.496005001405477600E-016, 0.0000000000000000000, 1.000000000000000000 ) ) ;
#3389 = CARTESIAN_POINT ( 'NONE',  ( 7.950000000000000200, 9.360147050873548500, 4.950000000000000200 ) ) ;
#3391 = CARTESIAN_POINT ( 'NONE',  ( -3.927680589516822100, 11.96451637429937500, 8.450000000000113000 ) ) ;
#3392 = DIRECTION ( 'NONE',  ( 1.579750383876801700E-015, 0.0000000000000000000, 1.000000000000000000 ) ) ;
#3393 = PRESENTATION_LAYER_ASSIGNMENT (  '', '', ( #4801 ) ) ;
#3394 = PLANE ( 'NONE',  #11177 ) ;
#3395 = VECTOR ( 'NONE', #11135, 1000.000000000000000 ) ;
#3396 = AXIS2_PLACEMENT_3D ( 'NONE', #2994, #4683, #10016 ) ;
#3397 = ADVANCED_FACE ( 'NONE', ( #7220 ), #10922, .F. ) ;
#3398 = EDGE_LOOP ( 'NONE', ( #10601, #6727, #2769, #9406, #6617, #8834 ) ) ;
#3399 = CARTESIAN_POINT ( 'NONE',  ( -4.816425578598542100, 11.57506703724288300, 10.92312862670832600 ) ) ;
#3400 = DIRECTION ( 'NONE',  ( 1.000000000000000000, 0.0000000000000000000, -5.782411586589356700E-016 ) ) ;
#3401 = VERTEX_POINT ( 'NONE', #8583 ) ;
#3402 = PRESENTATION_STYLE_ASSIGNMENT (( #4843 ) ) ;
#3403 = CIRCLE ( 'NONE', #2672, 0.6999999999999992900 ) ;
#3404 = DIRECTION ( 'NONE',  ( 1.000000000000000000, 0.0000000000000000000, 0.0000000000000000000 ) ) ;
#3405 = LINE ( 'NONE', #3907, #4783 ) ;
#3406 = CARTESIAN_POINT ( 'NONE',  ( -5.108410434011671200, 11.65487620520117000, 14.70000000000011700 ) ) ;
#3407 = EDGE_CURVE ( 'NONE', #5217, #6899, #2824, .T. ) ;
#3408 = ADVANCED_FACE ( 'NONE', ( #6950 ), #2480, .F. ) ;
#3409 = DIRECTION ( 'NONE',  ( 0.6846169860849559100, 0.3601944209030644200, -0.6336872742246425500 ) ) ;
#3410 = DIRECTION ( 'NONE',  ( 0.0000000000000000000, 1.000000000000000000, 0.0000000000000000000 ) ) ;
#3411 = LINE ( 'NONE', #551, #4798 ) ;
#3412 = EDGE_LOOP ( 'NONE', ( #6375, #4304, #5577, #5542 ) ) ;
#3413 = VECTOR ( 'NONE', #8625, 1000.000000000000000 ) ;
#3414 = FACE_BOUND ( 'NONE', #7162, .T. ) ;
#3415 = CARTESIAN_POINT ( 'NONE',  ( -9.999999999999996400, 3.100000000000000500, 3.700000000000000600 ) ) ;
#3416 = VECTOR ( 'NONE', #1838, 1000.000000000000000 ) ;
#3417 = LINE ( 'NONE', #1716, #6015 ) ;
#3418 = DIRECTION ( 'NONE',  ( -0.0000000000000000000, -0.0000000000000000000, 1.000000000000000000 ) ) ;
#3419 = ORIENTED_EDGE ( 'NONE', *, *, #3906, .T. ) ;
#3420 = ORIENTED_EDGE ( 'NONE', *, *, #10652, .F. ) ;
#3421 = CARTESIAN_POINT ( 'NONE',  ( -6.850000000000002300, 12.30000000000000100, 4.700000000000113900 ) ) ;
#3422 = LINE ( 'NONE', #189, #3007 ) ;
#3423 = VERTEX_POINT ( 'NONE', #4302 ) ;
#3424 = CARTESIAN_POINT ( 'NONE',  ( 1.309085912708786400, 10.29025604452769800, 15.06750000000011300 ) ) ;
#3425 = ORIENTED_EDGE ( 'NONE', *, *, #295, .T. ) ;
#3426 = EDGE_CURVE ( 'NONE', #1094, #7269, #8586, .T. ) ;
#3427 = CARTESIAN_POINT ( 'NONE',  ( -5.402871767273012400, 12.98250998384233400, 3.923606797750093000 ) ) ;
#3428 = CIRCLE ( 'NONE', #4148, 0.3000000000000001600 ) ;
#3429 = FACE_OUTER_BOUND ( 'NONE', #10175, .T. ) ;
#3430 = DIRECTION ( 'NONE',  ( 0.0000000000000000000, 0.0000000000000000000, 1.000000000000000000 ) ) ;
#3431 = CYLINDRICAL_SURFACE ( 'NONE', #3486, 0.2999999999999999300 ) ;
#3433 = DIRECTION ( 'NONE',  ( -5.583261179213479200E-016, -0.0000000000000000000, -1.000000000000000000 ) ) ;
#3432 = DIRECTION ( 'NONE',  ( 1.000000000000000000, -0.0000000000000000000, -0.0000000000000000000 ) ) ;
#3434 = CARTESIAN_POINT ( 'NONE',  ( -4.739251151630411100E-015, 7.825000000000000200, -8.199999999999995700 ) ) ;
#3435 = LINE ( 'NONE', #165, #2186 ) ;
#3436 = CARTESIAN_POINT ( 'NONE',  ( 1.195506840486542500, 9.397451589815954500, 3.852833206068021300 ) ) ;
#3437 = ORIENTED_EDGE ( 'NONE', *, *, #8444, .F. ) ;
#3438 = VECTOR ( 'NONE', #10336, 1000.000000000000000 ) ;
#3439 = CARTESIAN_POINT ( 'NONE',  ( -1.449034526683843800, 9.733879744213474800, 4.547166793932203400 ) ) ;
#3440 = EDGE_CURVE ( 'NONE', #2918, #4595, #1854, .T. ) ;
#3441 = ORIENTED_EDGE ( 'NONE', *, *, #8297, .T. ) ;
#3442 = EDGE_CURVE ( 'NONE', #7262, #4720, #549, .T. ) ;
#3443 = VECTOR ( 'NONE', #408, 1000.000000000000000 ) ;
#3444 = DIRECTION ( 'NONE',  ( -1.000000000000000000, 0.0000000000000000000, -0.0000000000000000000 ) ) ;
#3445 = VERTEX_POINT ( 'NONE', #5224 ) ;
#3446 = CARTESIAN_POINT ( 'NONE',  ( -5.493317281818449700, 12.93985310985218700, 2.200000000000114300 ) ) ;
#3447 = CARTESIAN_POINT ( 'NONE',  ( 5.487617506967204400, 10.31461950784279800, -7.932355107409737400 ) ) ;
#3448 = CARTESIAN_POINT ( 'NONE',  ( 10.00000000000000200, 8.000000000000000000, 0.0000000000000000000 ) ) ;
#3449 = VECTOR ( 'NONE', #7583, 1000.000000000000000 ) ;
#3450 = ORIENTED_EDGE ( 'NONE', *, *, #1007, .F. ) ;
#3451 = ORIENTED_EDGE ( 'NONE', *, *, #8915, .T. ) ;
#3452 = DIRECTION ( 'NONE',  ( 0.0000000000000000000, 0.0000000000000000000, -1.000000000000000000 ) ) ;
#3453 = VECTOR ( 'NONE', #2404, 1000.000000000000000 ) ;
#3454 = ADVANCED_FACE ( 'NONE', ( #3864 ), #6711, .T. ) ;
#3455 = DIRECTION ( 'NONE',  ( 1.000000000000000000, -0.0000000000000000000, -0.0000000000000000000 ) ) ;
#3456 = ORIENTED_EDGE ( 'NONE', *, *, #104, .T. ) ;
#3457 = DIRECTION ( 'NONE',  ( 1.000000000000000000, -0.0000000000000000000, -0.0000000000000000000 ) ) ;
#3458 = DIRECTION ( 'NONE',  ( -1.000000000000000000, 0.0000000000000000000, 0.0000000000000000000 ) ) ;
#3459 = VECTOR ( 'NONE', #8994, 1000.000000000000000 ) ;
#3460 = ORIENTED_EDGE ( 'NONE', *, *, #5941, .T. ) ;
#3461 = EDGE_CURVE ( 'NONE', #2482, #3346, #954, .T. ) ;
#3462 = CARTESIAN_POINT ( 'NONE',  ( 3.004255071646475500, 8.796433938085819200, 10.57411183594568800 ) ) ;
#3463 = DIRECTION ( 'NONE',  ( -1.000000000000000000, -0.0000000000000000000, -0.0000000000000000000 ) ) ;
#3464 = AXIS2_PLACEMENT_3D ( 'NONE', #1551, #5100, #4262 ) ;
#3465 = CARTESIAN_POINT ( 'NONE',  ( -5.193917793152937000, 11.36732013843733200, 8.450000000000113000 ) ) ;
#3466 = AXIS2_PLACEMENT_3D ( 'NONE', #5774, #11096, #579 ) ;
#3467 = ORIENTED_EDGE ( 'NONE', *, *, #4077, .F. ) ;
#3468 = PLANE ( 'NONE',  #7740 ) ;
#3469 = ORIENTED_EDGE ( 'NONE', *, *, #1787, .F. ) ;
#3471 = CARTESIAN_POINT ( 'NONE',  ( 5.950000000000165400, 8.400000000000000400, 10.44999999999998900 ) ) ;
#3470 = CARTESIAN_POINT ( 'NONE',  ( 4.999999999999995600, 3.600000000000000100, 18.75000000000000400 ) ) ;
#3472 = VERTEX_POINT ( 'NONE', #11270 ) ;
#3473 = DIRECTION ( 'NONE',  ( -0.0000000000000000000, -0.0000000000000000000, -1.000000000000000000 ) ) ;
#3474 = CARTESIAN_POINT ( 'NONE',  ( -4.104359146306979500, 10.57570944474777400, 14.70000000000011700 ) ) ;
#3475 = LINE ( 'NONE', #7363, #11143 ) ;
#3476 = ORIENTED_EDGE ( 'NONE', *, *, #556, .T. ) ;
#3477 = DIRECTION ( 'NONE',  ( 0.9044551454543675600, 0.4265687399014594400, 0.0000000000000000000 ) ) ;
#3478 = CARTESIAN_POINT ( 'NONE',  ( 7.300000000000002500, 8.000000000000000000, 5.100000000000000500 ) ) ;
#3479 = EDGE_LOOP ( 'NONE', ( #10367, #3467, #4739, #8647 ) ) ;
#3480 = EDGE_CURVE ( 'NONE', #8213, #5722, #510, .T. ) ;
#3481 = EDGE_CURVE ( 'NONE', #4764, #1811, #2701, .T. ) ;
#3482 = ORIENTED_EDGE ( 'NONE', *, *, #10179, .F. ) ;
#3483 = CARTESIAN_POINT ( 'NONE',  ( -4.739251151630411100E-015, 7.825000000000000200, -8.199999999999995700 ) ) ;
#3484 = AXIS2_PLACEMENT_3D ( 'NONE', #8589, #680, #4231 ) ;
#3485 = ADVANCED_FACE ( 'NONE', ( #11084 ), #5105, .F. ) ;
#3486 = AXIS2_PLACEMENT_3D ( 'NONE', #6302, #1109, #3666 ) ;
#3487 = LINE ( 'NONE', #8337, #4040 ) ;
#3488 = ORIENTED_EDGE ( 'NONE', *, *, #1297, .F. ) ;
#3489 = EDGE_LOOP ( 'NONE', ( #8410, #1634, #8080, #10806 ) ) ;
#3490 = CARTESIAN_POINT ( 'NONE',  ( 3.595973199828545600, 13.59104355765538800, -7.414368575402578500 ) ) ;
#3491 = ORIENTED_EDGE ( 'NONE', *, *, #1899, .F. ) ;
#3492 = CARTESIAN_POINT ( 'NONE',  ( -5.193917793152937000, 11.36732013843733200, 14.70000000000011700 ) ) ;
#3493 = CARTESIAN_POINT ( 'NONE',  ( -4.496595934704382500, 8.000000000000000000, 1.572060254216846800E-016 ) ) ;
#3494 = PRODUCT_DEFINITION_SHAPE ( 'NONE', 'NONE',  #11412 ) ;
#3495 = VECTOR ( 'NONE', #2313, 1000.000000000000000 ) ;
#3496 = EDGE_CURVE ( 'NONE', #2957, #4887, #9414, .T. ) ;
#3497 = EDGE_LOOP ( 'NONE', ( #810, #10876, #10793, #1722 ) ) ;
#3498 = EDGE_LOOP ( 'NONE', ( #10724, #6320, #2554, #1280 ) ) ;
#3499 = AXIS2_PLACEMENT_3D ( 'NONE', #9882, #2792, #9923 ) ;
#3500 = CARTESIAN_POINT ( 'NONE',  ( -9.999999999999996400, 1.600000000000000100, 4.700000000000001100 ) ) ;
#3501 = PLANE ( 'NONE',  #6185 ) ;
#3502 = VERTEX_POINT ( 'NONE', #5295 ) ;
#3503 = CARTESIAN_POINT ( 'NONE',  ( 6.997055580779380600, 9.566654908446548000, 12.15000000000011600 ) ) ;
#3504 = DIRECTION ( 'NONE',  ( 0.0000000000000000000, 0.0000000000000000000, 1.000000000000000000 ) ) ;
#3505 = DIRECTION ( 'NONE',  ( 0.1261989691358265700, 0.9920049496797154200, -2.775557561562891400E-017 ) ) ;
#3506 = ORIENTED_EDGE ( 'NONE', *, *, #484, .T. ) ;
#3507 = CYLINDRICAL_SURFACE ( 'NONE', #5576, 0.6500000000000012400 ) ;
#3508 = ORIENTED_EDGE ( 'NONE', *, *, #7325, .F. ) ;
#3509 = CARTESIAN_POINT ( 'NONE',  ( -1.788317974637187100, 9.443748174786378500, 16.94247939767546600 ) ) ;
#3510 = VERTEX_POINT ( 'NONE', #8650 ) ;
#3512 = PLANE ( 'NONE',  #7582 ) ;
#3511 = DIRECTION ( 'NONE',  ( 0.4265687399014603800, -0.9044551454543670000, -5.425587432726187700E-016 ) ) ;
#3513 = DIRECTION ( 'NONE',  ( -1.000000000000000000, 0.0000000000000000000, 0.0000000000000000000 ) ) ;
#3514 = EDGE_CURVE ( 'NONE', #7828, #1811, #4099, .T. ) ;
#3515 = ORIENTED_EDGE ( 'NONE', *, *, #1735, .F. ) ;
#3516 = CARTESIAN_POINT ( 'NONE',  ( 7.950000000000000200, 0.4000000000000001900, 5.100000000000000500 ) ) ;
#3517 = AXIS2_PLACEMENT_3D ( 'NONE', #106, #6191, #7115 ) ;
#3518 = EDGE_CURVE ( 'NONE', #10225, #7895, #4393, .T. ) ;
#3519 = ORIENTED_EDGE ( 'NONE', *, *, #1136, .F. ) ;
#3520 = ADVANCED_FACE ( 'NONE', ( #9017 ), #4608, .F. ) ;
#3521 = ORIENTED_EDGE ( 'NONE', *, *, #8876, .T. ) ;
#3522 = FACE_OUTER_BOUND ( 'NONE', #2464, .T. ) ;
#3523 = VERTEX_POINT ( 'NONE', #1788 ) ;
#3524 = DIRECTION ( 'NONE',  ( -0.0000000000000000000, -0.0000000000000000000, 1.000000000000000000 ) ) ;
#3525 = ORIENTED_EDGE ( 'NONE', *, *, #6167, .F. ) ;
#3526 = DIRECTION ( 'NONE',  ( -1.000000000000000000, -0.0000000000000000000, -0.0000000000000000000 ) ) ;
#3527 = ORIENTED_EDGE ( 'NONE', *, *, #2009, .F. ) ;
#3528 = CARTESIAN_POINT ( 'NONE',  ( 0.0000000000000000000, 0.4000000000000000200, 0.0000000000000000000 ) ) ;
#3529 = ORIENTED_EDGE ( 'NONE', *, *, #10888, .F. ) ;
#3530 = CIRCLE ( 'NONE', #1196, 1.499999999999999600 ) ;
#3531 = LINE ( 'NONE', #2364, #1175 ) ;
#3532 = EDGE_LOOP ( 'NONE', ( #6897, #1664 ) ) ;
#3533 = EDGE_CURVE ( 'NONE', #2671, #6027, #5153, .T. ) ;
#3534 = CARTESIAN_POINT ( 'NONE',  ( -7.350000000000001400, 1.600000000000000300, 3.700000000000000600 ) ) ;
#3535 = LINE ( 'NONE', #9335, #8051 ) ;
#3536 = AXIS2_PLACEMENT_3D ( 'NONE', #1837, #8018, #3596 ) ;
#3537 = CARTESIAN_POINT ( 'NONE',  ( -5.499999999999994700, 7.825000000000000200, 0.0000000000000000000 ) ) ;
#3538 = ORIENTED_EDGE ( 'NONE', *, *, #416, .T. ) ;
#3539 = CARTESIAN_POINT ( 'NONE',  ( 0.1228734688386131200, 13.82222592120723100, -7.932503793310655900 ) ) ;
#3540 = VERTEX_POINT ( 'NONE', #3493 ) ;
#3541 = DIRECTION ( 'NONE',  ( -0.9920049496797153100, 0.1261989691358270700, -0.0000000000000000000 ) ) ;
#3542 = VECTOR ( 'NONE', #5573, 1000.000000000000000 ) ;
#3543 = VECTOR ( 'NONE', #2613, 1000.000000000000000 ) ;
#3544 = ADVANCED_FACE ( 'NONE', ( #4802 ), #2341, .F. ) ;
#3545 = DIRECTION ( 'NONE',  ( -0.4265687399014594400, 0.9044551454543675600, -0.0000000000000000000 ) ) ;
#3546 = CARTESIAN_POINT ( 'NONE',  ( -8.350000000000001400, 8.000000000000000000, 3.700000000000113900 ) ) ;
#3547 = CARTESIAN_POINT ( 'NONE',  ( -3.210233636357317200, 8.000000000000000000, 0.05000000000000143200 ) ) ;
#3548 = LINE ( 'NONE', #6510, #1056 ) ;
#3549 = ORIENTED_EDGE ( 'NONE', *, *, #11348, .F. ) ;
#3550 = DIRECTION ( 'NONE',  ( -1.000000000000000000, 0.0000000000000000000, 0.0000000000000000000 ) ) ;
#3551 = EDGE_CURVE ( 'NONE', #9827, #9971, #10055, .T. ) ;
#3553 = CARTESIAN_POINT ( 'NONE',  ( -5.855099340000199600, 12.76922561389160500, 8.450000000000113000 ) ) ;
#3552 = SURFACE_SIDE_STYLE ('',( #1733 ) ) ;
#3554 = CIRCLE ( 'NONE', #11031, 1.000000000000000900 ) ;
#3555 = FACE_OUTER_BOUND ( 'NONE', #7512, .T. ) ;
#3556 = ORIENTED_EDGE ( 'NONE', *, *, #6409, .T. ) ;
#3557 = CARTESIAN_POINT ( 'NONE',  ( -5.855099340000199600, 12.76922561389160500, 12.45000000000011300 ) ) ;
#3558 = ORIENTED_EDGE ( 'NONE', *, *, #7751, .F. ) ;
#3559 = DIRECTION ( 'NONE',  ( -0.0000000000000000000, -0.0000000000000000000, -1.000000000000000000 ) ) ;
#3560 = VECTOR ( 'NONE', #6560, 1000.000000000000000 ) ;
#3561 = LINE ( 'NONE', #7347, #927 ) ;
#3562 = DIRECTION ( 'NONE',  ( -0.0000000000000000000, -0.0000000000000000000, 1.000000000000000000 ) ) ;
#3563 = LINE ( 'NONE', #9044, #1751 ) ;
#3564 = VECTOR ( 'NONE', #8877, 1000.000000000000000 ) ;
#3565 = CARTESIAN_POINT ( 'NONE',  ( -6.850000000000002300, 12.30000000000000100, 14.70000000000011700 ) ) ;
#3566 = FACE_OUTER_BOUND ( 'NONE', #10310, .T. ) ;
#3567 = ORIENTED_EDGE ( 'NONE', *, *, #11388, .T. ) ;
#3568 = LINE ( 'NONE', #7305, #8201 ) ;
#3569 = CYLINDRICAL_SURFACE ( 'NONE', #8035, 1.499999999999999600 ) ;
#3570 = FACE_OUTER_BOUND ( 'NONE', #9949, .T. ) ;
#3571 = DIRECTION ( 'NONE',  ( -0.2830212059666797300, -0.9591136517499718700, 0.0000000000000000000 ) ) ;
#3572 = VECTOR ( 'NONE', #7638, 1000.000000000000000 ) ;
#3573 = EDGE_CURVE ( 'NONE', #9119, #3823, #6440, .T. ) ;
#3574 = DIRECTION ( 'NONE',  ( 0.0000000000000000000, -1.000000000000000000, 0.0000000000000000000 ) ) ;
#3575 = DIRECTION ( 'NONE',  ( 0.9920049496797154200, -0.1261989691358265700, 0.0000000000000000000 ) ) ;
#3576 = VECTOR ( 'NONE', #6828, 1000.000000000000000 ) ;
#3577 = AXIS2_PLACEMENT_3D ( 'NONE', #7833, #11397, #3550 ) ;
#3578 = EDGE_CURVE ( 'NONE', #835, #5931, #3267, .T. ) ;
#3579 = FACE_OUTER_BOUND ( 'NONE', #10774, .T. ) ;
#3580 = CARTESIAN_POINT ( 'NONE',  ( -3.734088909736663200, 2.298179869228900200, -7.520496821607307100 ) ) ;
#3581 = EDGE_LOOP ( 'NONE', ( #1518, #2343, #7200, #8719 ) ) ;
#3582 = ADVANCED_FACE ( 'NONE', ( #8483 ), #7967, .F. ) ;
#3583 = VECTOR ( 'NONE', #8417, 1000.000000000000000 ) ;
#3584 = CARTESIAN_POINT ( 'NONE',  ( 7.950000000000000200, 8.000000000000000000, 4.850000000000117800 ) ) ;
#3585 = PLANE ( 'NONE',  #5235 ) ;
#3586 = CARTESIAN_POINT ( 'NONE',  ( -5.674208310909323300, 12.85453936187189500, 4.476393202250134700 ) ) ;
#3587 = ORIENTED_EDGE ( 'NONE', *, *, #3440, .T. ) ;
#3588 = PLANE ( 'NONE',  #3843 ) ;
#3589 = EDGE_CURVE ( 'NONE', #11159, #3234, #8604, .T. ) ;
#3590 = DIRECTION ( 'NONE',  ( -1.000000000000000000, 0.0000000000000000000, 0.0000000000000000000 ) ) ;
#3591 = ORIENTED_EDGE ( 'NONE', *, *, #5078, .F. ) ;
#3592 = AXIS2_PLACEMENT_3D ( 'NONE', #2878, #52, #2801 ) ;
#3593 = EDGE_CURVE ( 'NONE', #1321, #7725, #2997, .T. ) ;
#3594 = CARTESIAN_POINT ( 'NONE',  ( -1.740153877978051900, 9.399998989646013200, 16.82411183594568600 ) ) ;
#3595 = VECTOR ( 'NONE', #8348, 1000.000000000000000 ) ;
#3596 = DIRECTION ( 'NONE',  ( -1.000000000000000000, 0.0000000000000000000, -0.0000000000000000000 ) ) ;
#3597 = EDGE_LOOP ( 'NONE', ( #194, #7366, #411, #6278 ) ) ;
#3598 = CARTESIAN_POINT ( 'NONE',  ( 0.0000000000000000000, 7.825000000000000200, 0.0000000000000000000 ) ) ;
#3599 = LINE ( 'NONE', #3628, #11406 ) ;
#3600 = VERTEX_POINT ( 'NONE', #1091 ) ;
#3601 = FACE_OUTER_BOUND ( 'NONE', #5933, .T. ) ;
#3602 = ORIENTED_EDGE ( 'NONE', *, *, #3014, .F. ) ;
#3603 = ORIENTED_EDGE ( 'NONE', *, *, #3551, .T. ) ;
#3604 = EDGE_CURVE ( 'NONE', #3346, #1465, #7390, .T. ) ;
#3605 = CARTESIAN_POINT ( 'NONE',  ( -1.662550703725274700, 9.329509229152996900, 10.55330080524904300 ) ) ;
#3606 = DIRECTION ( 'NONE',  ( 0.4265687399014604400, -0.9044551454543671200, 5.425587432726173900E-016 ) ) ;
#3607 = EDGE_CURVE ( 'NONE', #8722, #9021, #660, .T. ) ;
#3608 = ORIENTED_EDGE ( 'NONE', *, *, #6522, .T. ) ;
#3609 = CARTESIAN_POINT ( 'NONE',  ( -3.573287154696624500E-015, 7.825000000000000200, -6.399999999999997700 ) ) ;
#3610 = DIRECTION ( 'NONE',  ( -0.0000000000000000000, -1.000000000000000000, -0.0000000000000000000 ) ) ;
#3611 = AXIS2_PLACEMENT_3D ( 'NONE', #6213, #5333, #6177 ) ;
#3612 = ORIENTED_EDGE ( 'NONE', *, *, #9998, .F. ) ;
#3613 = ORIENTED_EDGE ( 'NONE', *, *, #8367, .F. ) ;
#3614 = ORIENTED_EDGE ( 'NONE', *, *, #7968, .T. ) ;
#3615 = DIRECTION ( 'NONE',  ( -1.000000000000000000, 0.0000000000000000000, 0.0000000000000000000 ) ) ;
#3616 = DIRECTION ( 'NONE',  ( 0.0000000000000000000, 0.0000000000000000000, -1.000000000000000000 ) ) ;
#3617 = EDGE_CURVE ( 'NONE', #5596, #7953, #4788, .T. ) ;
#3618 = CARTESIAN_POINT ( 'NONE',  ( 5.950000000000165400, 8.900000000000000400, 10.64999999999998800 ) ) ;
#3619 = DIRECTION ( 'NONE',  ( -0.7014534268891473600, 0.08923614685469522000, 0.7071067811865466800 ) ) ;
#3620 = VECTOR ( 'NONE', #10468, 1000.000000000000000 ) ;
#3621 = ORIENTED_EDGE ( 'NONE', *, *, #8621, .F. ) ;
#3622 = CARTESIAN_POINT ( 'NONE',  ( 4.750000000000066600, 8.400000000000000400, 8.450000000000001100 ) ) ;
#3623 = ORIENTED_EDGE ( 'NONE', *, *, #10394, .F. ) ;
#3624 = AXIS2_PLACEMENT_3D ( 'NONE', #4013, #6539, #3971 ) ;
#3625 = DIRECTION ( 'NONE',  ( -1.000000000000000000, 0.0000000000000000000, 2.496005001405477600E-016 ) ) ;
#3626 = PRODUCT_CONTEXT ( 'NONE', #9702, 'mechanical' ) ;
#3627 = EDGE_LOOP ( 'NONE', ( #2932, #2773 ) ) ;
#3628 = CARTESIAN_POINT ( 'NONE',  ( -8.350000000000001400, 8.000000000000000000, 2.200000000000114300 ) ) ;
#3629 = DIRECTION ( 'NONE',  ( 1.000000000000000000, 0.0000000000000000000, -0.0000000000000000000 ) ) ;
#3630 =( NAMED_UNIT ( * ) PLANE_ANGLE_UNIT ( ) SI_UNIT ( $, .RADIAN. ) );
#3631 = LINE ( 'NONE', #4580, #8004 ) ;
#3632 = ORIENTED_EDGE ( 'NONE', *, *, #1812, .T. ) ;
#3633 = ORIENTED_EDGE ( 'NONE', *, *, #8477, .F. ) ;
#3634 = ADVANCED_FACE ( 'NONE', ( #11214 ), #3569, .T. ) ;
#3635 = EDGE_CURVE ( 'NONE', #5902, #893, #10010, .T. ) ;
#3636 = DIRECTION ( 'NONE',  ( -0.0000000000000000000, -1.000000000000000000, -0.0000000000000000000 ) ) ;
#3637 = AXIS2_PLACEMENT_3D ( 'NONE', #2807, #3625, #993 ) ;
#3638 = VERTEX_POINT ( 'NONE', #239 ) ;
#3639 = CARTESIAN_POINT ( 'NONE',  ( 5.950000000000165400, 8.400000000000000400, 11.14999999999998800 ) ) ;
#3640 = CARTESIAN_POINT ( 'NONE',  ( -3.927680589516822100, 11.96451637429937500, 14.70000000000011700 ) ) ;
#3641 = FACE_OUTER_BOUND ( 'NONE', #8997, .T. ) ;
#3642 = VERTEX_POINT ( 'NONE', #3765 ) ;
#3643 = CARTESIAN_POINT ( 'NONE',  ( -3.734106619283408300, 13.35178945693634800, -7.520620408876618000 ) ) ;
#3644 = CARTESIAN_POINT ( 'NONE',  ( 7.950000000000000200, 9.360147050873548500, 3.550000000000115700 ) ) ;
#3645 = ORIENTED_EDGE ( 'NONE', *, *, #2829, .F. ) ;
#3646 = DIRECTION ( 'NONE',  ( -1.000000000000000000, 0.0000000000000000000, 5.585411658410938400E-016 ) ) ;
#3647 = ORIENTED_EDGE ( 'NONE', *, *, #4759, .F. ) ;
#3648 = DIRECTION ( 'NONE',  ( 0.0000000000000000000, -0.0000000000000000000, 1.000000000000000000 ) ) ;
#3649 = EDGE_CURVE ( 'NONE', #10902, #3600, #6154, .T. ) ;
#3650 = ORIENTED_EDGE ( 'NONE', *, *, #6752, .F. ) ;
#3651 = AXIS2_PLACEMENT_3D ( 'NONE', #2455, #5950, #10404 ) ;
#3652 = VECTOR ( 'NONE', #7699, 1000.000000000000000 ) ;
#3653 = ORIENTED_EDGE ( 'NONE', *, *, #10864, .T. ) ;
#3654 = CARTESIAN_POINT ( 'NONE',  ( -5.402871767273012400, 12.98250998384233400, 16.42360679775009700 ) ) ;
#3655 = ORIENTED_EDGE ( 'NONE', *, *, #4486, .T. ) ;
#3656 = CARTESIAN_POINT ( 'NONE',  ( -7.299999999999995400, 8.000000000000000000, 15.80000000000000100 ) ) ;
#3657 = DIRECTION ( 'NONE',  ( -1.000000000000000000, 0.0000000000000000000, 0.0000000000000000000 ) ) ;
#3658 = ORIENTED_EDGE ( 'NONE', *, *, #3687, .T. ) ;
#3659 = DIRECTION ( 'NONE',  ( 0.0000000000000000000, -1.000000000000000000, 0.0000000000000000000 ) ) ;
#3660 = ORIENTED_EDGE ( 'NONE', *, *, #1657, .T. ) ;
#3661 = CARTESIAN_POINT ( 'NONE',  ( -1.788317974637186400, 9.443748174786378500, 4.442479397675463700 ) ) ;
#3662 = EDGE_LOOP ( 'NONE', ( #417, #8711, #8198, #2453 ) ) ;
#3663 = LINE ( 'NONE', #1483, #8036 ) ;
#3664 = LINE ( 'NONE', #5183, #6811 ) ;
#3665 = ORIENTED_EDGE ( 'NONE', *, *, #5730, .T. ) ;
#3666 = DIRECTION ( 'NONE',  ( 0.0000000000000000000, 0.0000000000000000000, 1.000000000000000000 ) ) ;
#3667 = EDGE_CURVE ( 'NONE', #8993, #4773, #5623, .T. ) ;
#3668 = CARTESIAN_POINT ( 'NONE',  ( 8.350000000000001400, 9.360147050873548500, 11.10000000000011700 ) ) ;
#3669 = DIRECTION ( 'NONE',  ( -0.0000000000000000000, -0.0000000000000000000, 1.000000000000000000 ) ) ;
#3670 = EDGE_CURVE ( 'NONE', #2152, #9417, #5049, .T. ) ;
#3671 = AXIS2_PLACEMENT_3D ( 'NONE', #10344, #2505, #3359 ) ;
#3672 = VERTEX_POINT ( 'NONE', #6352 ) ;
#3673 = CARTESIAN_POINT ( 'NONE',  ( 4.343440674907171200, 9.501013568232986400, 2.200000000000114800 ) ) ;
#3674 = ORIENTED_EDGE ( 'NONE', *, *, #5007, .T. ) ;
#3675 = VECTOR ( 'NONE', #7496, 1000.000000000000000 ) ;
#3676 = VECTOR ( 'NONE', #10973, 1000.000000000000000 ) ;
#3678 = DIRECTION ( 'NONE',  ( 0.0000000000000000000, -0.5766660201766968800, -0.8169799882332305900 ) ) ;
#3677 = CARTESIAN_POINT ( 'NONE',  ( -7.350000000000001400, 1.600000000000000300, 17.20000000000000300 ) ) ;
#3679 = CARTESIAN_POINT ( 'NONE',  ( 1.309085912708786400, 10.29025604452769800, 2.567500000000112200 ) ) ;
#3680 = PLANE ( 'NONE',  #9270 ) ;
#3681 = DIRECTION ( 'NONE',  ( 0.2830212059666766800, -0.9591136517499727600, 0.0000000000000000000 ) ) ;
#3682 = VECTOR ( 'NONE', #434, 1000.000000000000000 ) ;
#3683 = ORIENTED_EDGE ( 'NONE', *, *, #9297, .T. ) ;
#3684 = ORIENTED_EDGE ( 'NONE', *, *, #3160, .T. ) ;
#3685 = LINE ( 'NONE', #2265, #9168 ) ;
#3686 = EDGE_CURVE ( 'NONE', #1170, #3764, #1464, .T. ) ;
#3687 = EDGE_CURVE ( 'NONE', #4720, #9236, #10534, .T. ) ;
#3688 = FACE_OUTER_BOUND ( 'NONE', #1691, .T. ) ;
#3689 = AXIS2_PLACEMENT_3D ( 'NONE', #1209, #6438, #10755 ) ;
#3690 = ADVANCED_FACE ( 'NONE', ( #5997 ), #10657, .F. ) ;
#3691 = CARTESIAN_POINT ( 'NONE',  ( 6.946575993125049900, 9.169852928574661300, 2.500000000000108800 ) ) ;
#3692 = ORIENTED_EDGE ( 'NONE', *, *, #11066, .T. ) ;
#3693 = VECTOR ( 'NONE', #467, 1000.000000000000200 ) ;
#3694 = DIRECTION ( 'NONE',  ( 0.0000000000000000000, 1.000000000000000000, 0.0000000000000000000 ) ) ;
#3695 = CARTESIAN_POINT ( 'NONE',  ( -8.350000000000001400, 0.4000000000000001900, 9.550000000000114400 ) ) ;
#3696 = ORIENTED_EDGE ( 'NONE', *, *, #1591, .F. ) ;
#3697 = LINE ( 'NONE', #3969, #10138 ) ;
#3698 = LINE ( 'NONE', #2545, #1614 ) ;
#3699 = CARTESIAN_POINT ( 'NONE',  ( -9.999999999999996400, 8.000000000000000000, 11.35000000000000100 ) ) ;
#3700 = VECTOR ( 'NONE', #5010, 1000.000000000000000 ) ;
#3701 = VECTOR ( 'NONE', #5641, 1000.000000000000000 ) ;
#3702 = CARTESIAN_POINT ( 'NONE',  ( 6.821110876396481600, 10.56081502909854400, 18.70000000000011700 ) ) ;
#3703 = LINE ( 'NONE', #10892, #5477 ) ;
#3704 = EDGE_CURVE ( 'NONE', #9528, #2101, #4504, .T. ) ;
#3705 = DIRECTION ( 'NONE',  ( -0.4265687399014589400, 0.9044551454543676700, 0.0000000000000000000 ) ) ;
#3706 = VECTOR ( 'NONE', #9726, 1000.000000000000100 ) ;
#3707 = CARTESIAN_POINT ( 'NONE',  ( -4.808410434011671300, 11.65487620520117000, 4.604363824220572000 ) ) ;
#3708 = VERTEX_POINT ( 'NONE', #10839 ) ;
#3709 = CARTESIAN_POINT ( 'NONE',  ( -4.104359146306979500, 10.57570944474777400, 6.200000000000113900 ) ) ;
#3710 = AXIS2_PLACEMENT_3D ( 'NONE', #10934, #4856, #9941 ) ;
#3711 = VERTEX_POINT ( 'NONE', #5591 ) ;
#3712 = VECTOR ( 'NONE', #272, 1000.000000000000000 ) ;
#3713 = VECTOR ( 'NONE', #6612, 1000.000000000000000 ) ;
#3714 = COLOUR_RGB ( '',0.7921568627450980000, 0.8196078431372548800, 0.9333333333333333500 ) ;
#3715 = ADVANCED_FACE ( 'NONE', ( #6563, #5326 ), #9800, .T. ) ;
#3717 = CARTESIAN_POINT ( 'NONE',  ( -8.350000000000001400, 0.4000000000000001900, 15.80000000000011600 ) ) ;
#3716 = DIRECTION ( 'NONE',  ( -1.000000000000000000, 0.0000000000000000000, 0.0000000000000000000 ) ) ;
#3718 = LINE ( 'NONE', #2721, #9468 ) ;
#3719 = VERTEX_POINT ( 'NONE', #2051 ) ;
#3720 = DIRECTION ( 'NONE',  ( -1.000000000000000000, 0.0000000000000000000, 4.818676322157795400E-016 ) ) ;
#3721 = EDGE_CURVE ( 'NONE', #2114, #7468, #1482, .T. ) ;
#3722 = CARTESIAN_POINT ( 'NONE',  ( -7.949999999999998400, 12.30000000000000100, 6.200000000000113900 ) ) ;
#3724 = CARTESIAN_POINT ( 'NONE',  ( -8.309113651749974800, 1.883021205966680200, 10.95000000000000100 ) ) ;
#3723 = FACE_OUTER_BOUND ( 'NONE', #4341, .T. ) ;
#3725 = CARTESIAN_POINT ( 'NONE',  ( 7.900000000000114900, 8.400000000000000400, 2.200000000000000600 ) ) ;
#3726 = ADVANCED_FACE ( 'NONE', ( #10549 ), #7204, .F. ) ;
#3727 = VECTOR ( 'NONE', #718, 1000.000000000000000 ) ;
#3728 = EDGE_LOOP ( 'NONE', ( #7357, #9413, #5029, #4610 ) ) ;
#3729 = DIRECTION ( 'NONE',  ( -0.1261989691358268200, -0.9920049496797155300, 0.0000000000000000000 ) ) ;
#3730 = CARTESIAN_POINT ( 'NONE',  ( 4.500000000000000000, 7.825000000000000200, -6.400000000000002100 ) ) ;
#3731 = DIRECTION ( 'NONE',  ( 1.000000000000000000, -0.0000000000000000000, -0.0000000000000000000 ) ) ;
#3732 = CYLINDRICAL_SURFACE ( 'NONE', #10953, 0.2999999999999999300 ) ;
#3733 = ORIENTED_EDGE ( 'NONE', *, *, #6136, .T. ) ;
#3734 = PLANE ( 'NONE',  #11211 ) ;
#3735 = DIRECTION ( 'NONE',  ( -0.0000000000000000000, -0.0000000000000000000, 1.000000000000000000 ) ) ;
#3736 = ORIENTED_EDGE ( 'NONE', *, *, #2748, .F. ) ;
#3737 = EDGE_CURVE ( 'NONE', #8966, #1798, #938, .T. ) ;
#3738 = CARTESIAN_POINT ( 'NONE',  ( 8.350000000000001400, 9.360147050873548500, 3.550000000000115700 ) ) ;
#3739 = AXIS2_PLACEMENT_3D ( 'NONE', #9565, #11294, #4210 ) ;
#3740 = EDGE_CURVE ( 'NONE', #2147, #2949, #11383, .T. ) ;
#3741 = LINE ( 'NONE', #2536, #5245 ) ;
#3742 = CARTESIAN_POINT ( 'NONE',  ( 4.999999999999995600, 0.0000000000000000000, 18.75000000000000400 ) ) ;
#3743 = ORIENTED_EDGE ( 'NONE', *, *, #8668, .T. ) ;
#3744 = CARTESIAN_POINT ( 'NONE',  ( -3.210233636357317200, 8.000000000000000000, 0.0000000000000000000 ) ) ;
#3745 = CARTESIAN_POINT ( 'NONE',  ( -4.818121451446275600, 11.74266190665380300, 17.02082317837417600 ) ) ;
#3746 = LINE ( 'NONE', #11111, #6618 ) ;
#3747 = ORIENTED_EDGE ( 'NONE', *, *, #3992, .T. ) ;
#3748 = DIRECTION ( 'NONE',  ( 0.9920049496797154200, -0.1261989691358265700, 3.011300041641596900E-017 ) ) ;
#3749 = DIRECTION ( 'NONE',  ( -1.000000000000000000, 0.0000000000000000000, 0.0000000000000000000 ) ) ;
#3750 = ADVANCED_FACE ( 'NONE', ( #3828, #643 ), #9156, .F. ) ;
#3751 = ORIENTED_EDGE ( 'NONE', *, *, #3352, .T. ) ;
#3752 = DIRECTION ( 'NONE',  ( 0.0000000000000000000, -0.0000000000000000000, 1.000000000000000000 ) ) ;
#3753 = EDGE_LOOP ( 'NONE', ( #3948, #4606, #6534, #5693 ) ) ;
#3754 = VECTOR ( 'NONE', #2991, 1000.000000000000100 ) ;
#3755 = VERTEX_POINT ( 'NONE', #4799 ) ;
#3756 = EDGE_CURVE ( 'NONE', #3711, #6762, #920, .T. ) ;
#3757 = CARTESIAN_POINT ( 'NONE',  ( -8.350000000000001400, 8.000000000000000000, 14.70000000000011700 ) ) ;
#3758 = VERTEX_POINT ( 'NONE', #3880 ) ;
#3759 = ORIENTED_EDGE ( 'NONE', *, *, #3617, .F. ) ;
#3760 = EDGE_CURVE ( 'NONE', #11387, #2266, #2702, .T. ) ;
#3761 = CARTESIAN_POINT ( 'NONE',  ( 8.309113651749971300, 1.883021205966677500, 10.94999999999999900 ) ) ;
#3762 = DIRECTION ( 'NONE',  ( -5.583261179213479200E-016, -0.0000000000000000000, -1.000000000000000000 ) ) ;
#3763 = PRESENTATION_LAYER_ASSIGNMENT (  '', '', ( #8448 ) ) ;
#3764 = VERTEX_POINT ( 'NONE', #7517 ) ;
#3765 = CARTESIAN_POINT ( 'NONE',  ( -8.309113651749974800, 1.883021205966680000, 16.20000000000000300 ) ) ;
#3766 = LINE ( 'NONE', #3932, #2793 ) ;
#3767 = VERTEX_POINT ( 'NONE', #354 ) ;
#3768 = ORIENTED_EDGE ( 'NONE', *, *, #4256, .F. ) ;
#3769 = DIRECTION ( 'NONE',  ( -0.1261989691358268200, -0.9920049496797155300, 0.0000000000000000000 ) ) ;
#3770 = EDGE_CURVE ( 'NONE', #7049, #2691, #9990, .T. ) ;
#3771 = ADVANCED_FACE ( 'NONE', ( #1199, #10285 ), #3063, .T. ) ;
#3772 = ORIENTED_EDGE ( 'NONE', *, *, #5776, .T. ) ;
#3773 = CARTESIAN_POINT ( 'NONE',  ( 1.224791270491731200, 9.627646017810292300, 10.45000000000011500 ) ) ;
#3774 = VECTOR ( 'NONE', #9340, 1000.000000000000000 ) ;
#3775 = ORIENTED_EDGE ( 'NONE', *, *, #6491, .T. ) ;
#3776 = ORIENTED_EDGE ( 'NONE', *, *, #7787, .F. ) ;
#3777 = PLANE ( 'NONE',  #6557 ) ;
#3778 = CARTESIAN_POINT ( 'NONE',  ( 8.350000000000001400, 0.4000000000000001900, 3.300000000000000700 ) ) ;
#3779 = ORIENTED_EDGE ( 'NONE', *, *, #2887, .F. ) ;
#3780 = CARTESIAN_POINT ( 'NONE',  ( 7.950000000000000200, 3.299999999999955900, 11.10000000000011700 ) ) ;
#3781 = ADVANCED_FACE ( 'NONE', ( #8202 ), #5707, .F. ) ;
#3782 = EDGE_LOOP ( 'NONE', ( #1380, #9316, #7312, #9090, #3249, #5822, #3894, #8872 ) ) ;
#3783 = FACE_OUTER_BOUND ( 'NONE', #4071, .T. ) ;
#3784 = EDGE_CURVE ( 'NONE', #2647, #9576, #7673, .T. ) ;
#3785 = ORIENTED_EDGE ( 'NONE', *, *, #10928, .F. ) ;
#3786 = EDGE_LOOP ( 'NONE', ( #1501, #1819, #3098, #4973 ) ) ;
#3787 = AXIS2_PLACEMENT_3D ( 'NONE', #4317, #19, #5275 ) ;
#3788 = EDGE_CURVE ( 'NONE', #6552, #9911, #1870, .T. ) ;
#3790 = PLANE ( 'NONE',  #6843 ) ;
#3789 = DIRECTION ( 'NONE',  ( -1.000000000000000000, 0.0000000000000000000, 0.0000000000000000000 ) ) ;
#3791 = VERTEX_POINT ( 'NONE', #8277 ) ;
#3792 = DIRECTION ( 'NONE',  ( -0.0000000000000000000, 1.000000000000000000, -0.0000000000000000000 ) ) ;
#3793 = DIRECTION ( 'NONE',  ( 2.111837275102199700E-016, -0.0000000000000000000, -1.000000000000000000 ) ) ;
#3794 = ORIENTED_EDGE ( 'NONE', *, *, #7924, .F. ) ;
#3795 = DIRECTION ( 'NONE',  ( 0.4265687399014589400, -0.9044551454543676700, -0.0000000000000000000 ) ) ;
#3796 = ORIENTED_EDGE ( 'NONE', *, *, #869, .F. ) ;
#3797 = CARTESIAN_POINT ( 'NONE',  ( -8.350000000000001400, 8.000000000000000000, 5.100000000000114200 ) ) ;
#3798 = CIRCLE ( 'NONE', #244, 0.4500000000000007300 ) ;
#3799 = ORIENTED_EDGE ( 'NONE', *, *, #3953, .T. ) ;
#3800 = ORIENTED_EDGE ( 'NONE', *, *, #5322, .F. ) ;
#3801 =( BOUNDED_CURVE ( )  B_SPLINE_CURVE ( 3, ( #2326, #3955, #11036, #6669 ),
 .UNSPECIFIED., .F., .F. ) 
 B_SPLINE_CURVE_WITH_KNOTS ( ( 4, 4 ),
 ( 4.271693344256119600, 4.712388980384690600 ),
 .UNSPECIFIED. ) 
 CURVE ( )  GEOMETRIC_REPRESENTATION_ITEM ( )  RATIONAL_B_SPLINE_CURVE ( ( 1.000000000000000000, 0.9838809907308638800, 0.9838809907308638800, 1.000000000000000000 ) ) 
 REPRESENTATION_ITEM ( '' )  );
#3802 = CARTESIAN_POINT ( 'NONE',  ( -4.837073890375361200, 11.78284682717160900, 16.20000000000011300 ) ) ;
#3803 = EDGE_CURVE ( 'NONE', #980, #2090, #3010, .T. ) ;
#3804 = CARTESIAN_POINT ( 'NONE',  ( -8.350000000000001400, 0.4000000000000001900, 17.60000000000011500 ) ) ;
#3805 = EDGE_LOOP ( 'NONE', ( #1271, #3077, #8952, #80 ) ) ;
#3806 = CARTESIAN_POINT ( 'NONE',  ( -8.350000000000001400, 12.30000000000000100, 12.45000000000011300 ) ) ;
#3807 = LINE ( 'NONE', #4772, #1174 ) ;
#3808 = VECTOR ( 'NONE', #9123, 1000.000000000000000 ) ;
#3809 = ORIENTED_EDGE ( 'NONE', *, *, #4933, .T. ) ;
#3810 = CARTESIAN_POINT ( 'NONE',  ( -9.999999999999991100, 8.000000000000000000, 20.85000000000000100 ) ) ;
#3811 = VECTOR ( 'NONE', #10515, 1000.000000000000000 ) ;
#3812 = DIRECTION ( 'NONE',  ( -1.000000000000000000, 0.0000000000000000000, 5.507058653894629800E-016 ) ) ;
#3813 = ORIENTED_EDGE ( 'NONE', *, *, #1265, .F. ) ;
#3814 = DIRECTION ( 'NONE',  ( -1.000000000000000000, 0.0000000000000000000, 0.0000000000000000000 ) ) ;
#3815 = ORIENTED_EDGE ( 'NONE', *, *, #1692, .F. ) ;
#3816 = LINE ( 'NONE', #2970, #3542 ) ;
#3817 = FACE_OUTER_BOUND ( 'NONE', #171, .T. ) ;
#3818 = CARTESIAN_POINT ( 'NONE',  ( 1.195506840486542100, 9.397451589815954500, 10.79716679393220400 ) ) ;
#3819 = DIRECTION ( 'NONE',  ( -0.0000000000000000000, -0.0000000000000000000, 1.000000000000000000 ) ) ;
#3820 = EDGE_CURVE ( 'NONE', #4603, #3764, #9704, .T. ) ;
#3821 = FACE_OUTER_BOUND ( 'NONE', #494, .T. ) ;
#3822 = CARTESIAN_POINT ( 'NONE',  ( 8.350000000000001400, 0.4000000000000001900, 11.35000000000000100 ) ) ;
#3823 = VERTEX_POINT ( 'NONE', #10957 ) ;
#3824 = DIRECTION ( 'NONE',  ( -0.0000000000000000000, -0.0000000000000000000, 1.000000000000000000 ) ) ;
#3825 = AXIS2_PLACEMENT_3D ( 'NONE', #4740, #10859, #334 ) ;
#3826 = ADVANCED_FACE ( 'NONE', ( #3555 ), #10159, .T. ) ;
#3827 = LINE ( 'NONE', #5779, #6698 ) ;
#3828 = FACE_OUTER_BOUND ( 'NONE', #2445, .T. ) ;
#3829 = VERTEX_POINT ( 'NONE', #473 ) ;
#3830 = VERTEX_POINT ( 'NONE', #4216 ) ;
#3831 = VECTOR ( 'NONE', #5150, 1000.000000000000000 ) ;
#3832 = VECTOR ( 'NONE', #2148, 1000.000000000000000 ) ;
#3833 = DIRECTION ( 'NONE',  ( 0.0000000000000000000, 0.0000000000000000000, -1.000000000000000000 ) ) ;
#3834 = CARTESIAN_POINT ( 'NONE',  ( -8.450000000000002800, 12.30000000000000100, 9.950000000000114800 ) ) ;
#3835 = LINE ( 'NONE', #6672, #4112 ) ;
#3836 = DIRECTION ( 'NONE',  ( 1.000000000000000000, 0.0000000000000000000, -5.782411586589356700E-016 ) ) ;
#3837 = CARTESIAN_POINT ( 'NONE',  ( -7.949999999999998400, 12.30000000000000100, 14.70000000000011700 ) ) ;
#3838 = VECTOR ( 'NONE', #5963, 1000.000000000000000 ) ;
#3839 = EDGE_CURVE ( 'NONE', #7841, #9569, #5602, .T. ) ;
#3840 = VECTOR ( 'NONE', #10495, 1000.000000000000000 ) ;
#3841 = ADVANCED_FACE ( 'NONE', ( #5874 ), #6831, .T. ) ;
#3842 = VERTEX_POINT ( 'NONE', #3321 ) ;
#3843 = AXIS2_PLACEMENT_3D ( 'NONE', #3424, #8704, #9699 ) ;
#3844 = CIRCLE ( 'NONE', #1477, 1.000000000000000900 ) ;
#3845 = AXIS2_PLACEMENT_3D ( 'NONE', #10401, #10362, #5268 ) ;
#3846 = VECTOR ( 'NONE', #1571, 1000.000000000000000 ) ;
#3847 = VECTOR ( 'NONE', #1727, 1000.000000000000000 ) ;
#3848 = DIRECTION ( 'NONE',  ( -1.000000000000000000, 0.0000000000000000000, 5.782411586589356700E-016 ) ) ;
#3849 = DIRECTION ( 'NONE',  ( 0.0000000000000000000, -0.5766660201766968800, -0.8169799882332305900 ) ) ;
#3850 = LINE ( 'NONE', #7747, #9186 ) ;
#3851 = DIRECTION ( 'NONE',  ( 0.7071067811865477900, 0.0000000000000000000, 0.7071067811865473500 ) ) ;
#3852 = PLANE ( 'NONE',  #7063 ) ;
#3853 = ORIENTED_EDGE ( 'NONE', *, *, #10165, .T. ) ;
#3854 = TOROIDAL_SURFACE ( 'NONE', #1678, 1.300000000000000000, 0.2999999999999999900 ) ;
#3855 = CARTESIAN_POINT ( 'NONE',  ( 4.343440674907171200, 9.501013568232986400, 9.021259202696974500 ) ) ;
#3856 = ORIENTED_EDGE ( 'NONE', *, *, #9833, .T. ) ;
#3857 = EDGE_CURVE ( 'NONE', #7697, #6948, #7108, .T. ) ;
#3858 = VECTOR ( 'NONE', #9600, 1000.000000000000000 ) ;
#3859 = EDGE_CURVE ( 'NONE', #6027, #5547, #10653, .T. ) ;
#3860 = DIRECTION ( 'NONE',  ( 1.000000000000000000, -0.0000000000000000000, -0.0000000000000000000 ) ) ;
#3861 = PLANE ( 'NONE',  #3825 ) ;
#3862 = CARTESIAN_POINT ( 'NONE',  ( 8.350000000000001400, -1.843908891458577100, 15.80000000000000100 ) ) ;
#3863 = DIRECTION ( 'NONE',  ( 1.579750383876801700E-015, 0.0000000000000000000, 1.000000000000000000 ) ) ;
#3864 = FACE_OUTER_BOUND ( 'NONE', #5225, .T. ) ;
#3865 = ADVANCED_FACE ( 'NONE', ( #9433, #6850 ), #1504, .T. ) ;
#3866 = ORIENTED_EDGE ( 'NONE', *, *, #4914, .F. ) ;
#3867 = CARTESIAN_POINT ( 'NONE',  ( 5.950000000000002000, 8.400000000000000400, 4.400000000000114000 ) ) ;
#3868 = VECTOR ( 'NONE', #6473, 1000.000000000000000 ) ;
#3870 = DIRECTION ( 'NONE',  ( -1.000000000000000000, -0.0000000000000000000, -0.0000000000000000000 ) ) ;
#3869 = DIRECTION ( 'NONE',  ( -0.0000000000000000000, -0.0000000000000000000, -1.000000000000000000 ) ) ;
#3871 = CARTESIAN_POINT ( 'NONE',  ( -7.950000000000000200, 8.000000000000000000, 8.450000000000113000 ) ) ;
#3872 = EDGE_CURVE ( 'NONE', #8584, #932, #10670, .T. ) ;
#3873 = LINE ( 'NONE', #5204, #1507 ) ;
#3874 = CARTESIAN_POINT ( 'NONE',  ( 5.785801914072501400, 5.851851035288382800, -7.880698157726667000 ) ) ;
#3875 = ORIENTED_EDGE ( 'NONE', *, *, #3481, .F. ) ;
#3876 = AXIS2_PLACEMENT_3D ( 'NONE', #10181, #9218, #7540 ) ;
#3877 = VERTEX_POINT ( 'NONE', #9418 ) ;
#3878 = VECTOR ( 'NONE', #1248, 1000.000000000000000 ) ;
#3879 = ORIENTED_EDGE ( 'NONE', *, *, #8989, .T. ) ;
#3880 = CARTESIAN_POINT ( 'NONE',  ( 7.950000000000000200, 1.599999999999912200, 17.19999999999999900 ) ) ;
#3881 = ORIENTED_EDGE ( 'NONE', *, *, #5359, .F. ) ;
#3882 = EDGE_LOOP ( 'NONE', ( #471, #3186, #3221, #740, #9908, #7861, #1138, #6890 ) ) ;
#3883 = CARTESIAN_POINT ( 'NONE',  ( 4.999999999999995600, 0.0000000000000000000, 18.75000000000000400 ) ) ;
#3884 = CARTESIAN_POINT ( 'NONE',  ( -8.309113651749974800, 1.883021205966680200, 17.20000000000000300 ) ) ;
#3885 = VERTEX_POINT ( 'NONE', #11216 ) ;
#3886 = PLANE ( 'NONE',  #6775 ) ;
#3887 = ADVANCED_FACE ( 'NONE', ( #11368 ), #3180, .F. ) ;
#3888 = DIRECTION ( 'NONE',  ( 0.8849876374630411000, 0.4656145203251128600, 0.0000000000000000000 ) ) ;
#3889 = CARTESIAN_POINT ( 'NONE',  ( -5.855099340000199600, 12.76922561389160500, 6.200000000000113900 ) ) ;
#3890 = FACE_OUTER_BOUND ( 'NONE', #1849, .T. ) ;
#3891 = EDGE_CURVE ( 'NONE', #6821, #1798, #229, .T. ) ;
#3892 = VERTEX_POINT ( 'NONE', #8463 ) ;
#3893 = CARTESIAN_POINT ( 'NONE',  ( -7.950000000000000200, 9.360147050873548500, 11.10000000000000300 ) ) ;
#3894 = ORIENTED_EDGE ( 'NONE', *, *, #6195, .F. ) ;
#3895 = EDGE_CURVE ( 'NONE', #971, #4910, #8067, .T. ) ;
#3896 = DIRECTION ( 'NONE',  ( -5.583261179213479200E-016, -0.0000000000000000000, -1.000000000000000000 ) ) ;
#3897 = VERTEX_POINT ( 'NONE', #1424 ) ;
#3898 = CARTESIAN_POINT ( 'NONE',  ( -4.174786139660028500, 11.61146323279055700, 7.566568964668701500 ) ) ;
#3899 = DIRECTION ( 'NONE',  ( 0.0000000000000000000, 0.0000000000000000000, -1.000000000000000000 ) ) ;
#3900 = ADVANCED_FACE ( 'NONE', ( #2024 ), #8427, .T. ) ;
#3901 = VECTOR ( 'NONE', #2335, 1000.000000000000000 ) ;
#3902 = ORIENTED_EDGE ( 'NONE', *, *, #7128, .T. ) ;
#3903 = ORIENTED_EDGE ( 'NONE', *, *, #4007, .F. ) ;
#3904 = SURFACE_SIDE_STYLE ('',( #11078 ) ) ;
#3905 = ORIENTED_EDGE ( 'NONE', *, *, #6148, .T. ) ;
#3906 = EDGE_CURVE ( 'NONE', #6290, #10783, #9549, .T. ) ;
#3908 = DIRECTION ( 'NONE',  ( -0.4265687399014593800, 0.9044551454543674500, 0.0000000000000000000 ) ) ;
#3907 = CARTESIAN_POINT ( 'NONE',  ( 7.950000000000000200, 0.3999999999999993000, 11.10000000000011700 ) ) ;
#3909 = EDGE_CURVE ( 'NONE', #61, #10500, #1749, .T. ) ;
#3910 = LINE ( 'NONE', #8945, #8684 ) ;
#3911 = ORIENTED_EDGE ( 'NONE', *, *, #3953, .F. ) ;
#3912 = CARTESIAN_POINT ( 'NONE',  ( 4.999999999999995600, 3.600000000000000100, 18.75000000000000400 ) ) ;
#3913 = DIRECTION ( 'NONE',  ( 1.000000000000000000, -0.0000000000000000000, -0.0000000000000000000 ) ) ;
#3914 = ORIENTED_EDGE ( 'NONE', *, *, #1505, .F. ) ;
#3915 = CARTESIAN_POINT ( 'NONE',  ( -9.999999999999996400, 0.0000000000000000000, 0.0000000000000000000 ) ) ;
#3916 = ORIENTED_EDGE ( 'NONE', *, *, #8050, .F. ) ;
#3917 = LINE ( 'NONE', #1010, #8565 ) ;
#3918 = ORIENTED_EDGE ( 'NONE', *, *, #4022, .T. ) ;
#3919 = CARTESIAN_POINT ( 'NONE',  ( 4.750000000000001800, 8.400000000000000400, 2.199999999999999300 ) ) ;
#3920 = ORIENTED_EDGE ( 'NONE', *, *, #2688, .F. ) ;
#3921 = CARTESIAN_POINT ( 'NONE',  ( 7.950000000000000200, 0.3999999999999993000, 17.35000000000011500 ) ) ;
#3922 = EDGE_CURVE ( 'NONE', #6794, #10614, #11089, .T. ) ;
#3923 = DIRECTION ( 'NONE',  ( -0.4265687399014594400, 0.9044551454543675600, 0.0000000000000000000 ) ) ;
#3924 = AXIS2_PLACEMENT_3D ( 'NONE', #9797, #9149, #9109 ) ;
#3925 = ORIENTED_EDGE ( 'NONE', *, *, #7751, .T. ) ;
#3926 = MECHANICAL_DESIGN_GEOMETRIC_PRESENTATION_REPRESENTATION (  '', ( #1396 ), #6330 ) ;
#3927 = ORIENTED_EDGE ( 'NONE', *, *, #3891, .T. ) ;
#3928 = VECTOR ( 'NONE', #8398, 1000.000000000000000 ) ;
#3929 = ORIENTED_EDGE ( 'NONE', *, *, #2233, .T. ) ;
#3930 = ORIENTED_EDGE ( 'NONE', *, *, #7280, .T. ) ;
#3931 = DIRECTION ( 'NONE',  ( 1.000000000000000000, -0.0000000000000000000, -4.818676322157795400E-016 ) ) ;
#3932 = CARTESIAN_POINT ( 'NONE',  ( 8.347213595500074100, 8.000000000000000000, 2.200000000000000600 ) ) ;
#3933 = DIRECTION ( 'NONE',  ( 0.0000000000000000000, -0.0000000000000000000, 1.000000000000000000 ) ) ;
#3934 = DIRECTION ( 'NONE',  ( 0.4265687399014593800, -0.9044551454543674500, -0.0000000000000000000 ) ) ;
#3935 = EDGE_CURVE ( 'NONE', #4991, #8535, #7255, .T. ) ;
#3936 = DIRECTION ( 'NONE',  ( -0.0000000000000000000, -0.0000000000000000000, -1.000000000000000000 ) ) ;
#3937 = VERTEX_POINT ( 'NONE', #4410 ) ;
#3938 = AXIS2_PLACEMENT_3D ( 'NONE', #4121, #7630, #2367 ) ;
#3939 = VECTOR ( 'NONE', #2253, 1000.000000000000000 ) ;
#3940 = CYLINDRICAL_SURFACE ( 'NONE', #398, 4.499999999999999100 ) ;
#3941 = EDGE_LOOP ( 'NONE', ( #7851, #4179, #721, #10429 ) ) ;
#3942 = ADVANCED_FACE ( 'NONE', ( #4803 ), #96, .T. ) ;
#3943 =( BOUNDED_CURVE ( )  B_SPLINE_CURVE ( 3, ( #4538, #8901, #4647, #10731 ),
 .UNSPECIFIED., .F., .F. ) 
 B_SPLINE_CURVE_WITH_KNOTS ( ( 4, 4 ),
 ( 1.570796326794896600, 2.411864997362824300 ),
 .UNSPECIFIED. ) 
 CURVE ( )  GEOMETRIC_REPRESENTATION_ITEM ( )  RATIONAL_B_SPLINE_CURVE ( ( 1.000000000000000000, 0.9419139527835183000, 0.9419139527835183000, 1.000000000000000000 ) ) 
 REPRESENTATION_ITEM ( '' )  );
#3944 = CARTESIAN_POINT ( 'NONE',  ( 6.997055580779380600, 9.566654908446548000, 5.900000000000115800 ) ) ;
#3945 = CARTESIAN_POINT ( 'NONE',  ( -7.950000000000000200, 3.100000000000000500, 17.35000000000000500 ) ) ;
#3946 = CARTESIAN_POINT ( 'NONE',  ( 4.164816744473471400, 3.044222363227208300, -7.754566230642158300 ) ) ;
#3947 = DIRECTION ( 'NONE',  ( 1.000000000000000000, 0.0000000000000000000, 0.0000000000000000000 ) ) ;
#3948 = ORIENTED_EDGE ( 'NONE', *, *, #1055, .F. ) ;
#3949 = VECTOR ( 'NONE', #8788, 1000.000000000000000 ) ;
#3950 = VECTOR ( 'NONE', #10585, 1000.000000000000000 ) ;
#3951 = CARTESIAN_POINT ( 'NONE',  ( 1.309085912708786400, 10.29025604452769800, 8.817500000000112700 ) ) ;
#3952 = ADVANCED_FACE ( 'NONE', ( #8617, #2723 ), #7805, .F. ) ;
#3953 = EDGE_CURVE ( 'NONE', #7671, #8823, #3698, .T. ) ;
#3954 = CARTESIAN_POINT ( 'NONE',  ( -9.999999999999996400, 3.100000000000000500, 4.700000000000002000 ) ) ;
#3955 = CARTESIAN_POINT ( 'NONE',  ( -4.808410434011671300, 11.69930618132521600, 10.08582109629746200 ) ) ;
#3956 = ORIENTED_EDGE ( 'NONE', *, *, #7892, .F. ) ;
#3957 = DIRECTION ( 'NONE',  ( 1.000000000000000000, 0.0000000000000000000, -0.0000000000000000000 ) ) ;
#3958 = VECTOR ( 'NONE', #6393, 1000.000000000000000 ) ;
#3959 = EDGE_LOOP ( 'NONE', ( #3070, #2440, #7040, #11009 ) ) ;
#3960 = VERTEX_POINT ( 'NONE', #3439 ) ;
#3961 = LINE ( 'NONE', #4763, #9993 ) ;
#3962 = VECTOR ( 'NONE', #1310, 1000.000000000000100 ) ;
#3963 = CARTESIAN_POINT ( 'NONE',  ( -8.350000000000001400, -3.349999999999998800, 9.800000000000116200 ) ) ;
#3964 = CARTESIAN_POINT ( 'NONE',  ( -7.299999999999995400, 8.000000000000000000, 17.60000000000000100 ) ) ;
#3965 = VECTOR ( 'NONE', #6310, 1000.000000000000000 ) ;
#3966 = DIRECTION ( 'NONE',  ( 0.0000000000000000000, -0.0000000000000000000, 1.000000000000000000 ) ) ;
#3967 = TOROIDAL_SURFACE ( 'NONE', #10593, 1.300000000000000000, 0.2999999999999999900 ) ;
#3968 = DIRECTION ( 'NONE',  ( 1.000000000000000000, 0.0000000000000000000, 0.0000000000000000000 ) ) ;
#3969 = CARTESIAN_POINT ( 'NONE',  ( 0.0000000000000000000, 8.000000000000000000, 6.249999999999999100 ) ) ;
#3970 = ORIENTED_EDGE ( 'NONE', *, *, #1858, .T. ) ;
#3971 = DIRECTION ( 'NONE',  ( 1.000000000000000000, 0.0000000000000000000, 0.0000000000000000000 ) ) ;
#3972 = LINE ( 'NONE', #1559, #6427 ) ;
#3973 = LINE ( 'NONE', #4551, #8900 ) ;
#3974 = EDGE_CURVE ( 'NONE', #9881, #8588, #1065, .T. ) ;
#3975 = EDGE_CURVE ( 'NONE', #472, #5169, #7408, .T. ) ;
#3976 = VECTOR ( 'NONE', #10505, 1000.000000000000000 ) ;
#3977 = DIRECTION ( 'NONE',  ( -5.583261179213479200E-016, -0.0000000000000000000, -1.000000000000000000 ) ) ;
#3978 = LINE ( 'NONE', #6791, #942 ) ;
#3979 = AXIS2_PLACEMENT_3D ( 'NONE', #4762, #9886, #198 ) ;
#3980 = ORIENTED_EDGE ( 'NONE', *, *, #7343, .F. ) ;
#3981 = ORIENTED_EDGE ( 'NONE', *, *, #7048, .F. ) ;
#3982 = CARTESIAN_POINT ( 'NONE',  ( -8.350000000000001400, 0.4000000000000001900, 15.80000000000011600 ) ) ;
#3983 = VECTOR ( 'NONE', #10926, 1000.000000000000000 ) ;
#3984 = ORIENTED_EDGE ( 'NONE', *, *, #7956, .T. ) ;
#3985 = ORIENTED_EDGE ( 'NONE', *, *, #8089, .T. ) ;
#3986 = DIRECTION ( 'NONE',  ( 0.0000000000000000000, 0.0000000000000000000, -1.000000000000000000 ) ) ;
#3987 = DIRECTION ( 'NONE',  ( 0.0000000000000000000, -1.000000000000000000, -0.0000000000000000000 ) ) ;
#3988 = DIRECTION ( 'NONE',  ( 1.000000000000000000, 0.0000000000000000000, 0.0000000000000000000 ) ) ;
#3989 = VECTOR ( 'NONE', #10674, 1000.000000000000000 ) ;
#3991 = CARTESIAN_POINT ( 'NONE',  ( -9.999999999999996400, 3.299999999999956300, 9.700000000000001100 ) ) ;
#3990 = LINE ( 'NONE', #9136, #11247 ) ;
#3992 = EDGE_CURVE ( 'NONE', #9943, #6774, #8358, .T. ) ;
#3993 = ORIENTED_EDGE ( 'NONE', *, *, #4363, .T. ) ;
#3994 = CARTESIAN_POINT ( 'NONE',  ( -5.674208310909323300, 12.85453936187189500, 16.97639320225013600 ) ) ;
#3995 = AXIS2_PLACEMENT_3D ( 'NONE', #10020, #4729, #290 ) ;
#3996 = AXIS2_PLACEMENT_3D ( 'NONE', #4968, #1376, #11050 ) ;
#3997 = ORIENTED_EDGE ( 'NONE', *, *, #8282, .F. ) ;
#3998 = CARTESIAN_POINT ( 'NONE',  ( -4.808410434011671300, 11.65487620520117000, 10.85436382422057200 ) ) ;
#3999 = DIRECTION ( 'NONE',  ( -0.7071067811865409100, 8.659560562354857700E-017, 0.7071067811865541200 ) ) ;
#4000 = FACE_OUTER_BOUND ( 'NONE', #6175, .T. ) ;
#4001 = ADVANCED_FACE ( 'NONE', ( #6294, #9182 ), #1737, .F. ) ;
#4002 = DIRECTION ( 'NONE',  ( -0.0000000000000000000, 0.0000000000000000000, -1.000000000000000000 ) ) ;
#4003 = ORIENTED_EDGE ( 'NONE', *, *, #856, .T. ) ;
#4004 = SURFACE_STYLE_FILL_AREA ( #11197 ) ;
#4005 = CARTESIAN_POINT ( 'NONE',  ( -9.999999999999996400, 3.299999999999999800, 9.700000000000001100 ) ) ;
#4006 = ORIENTED_EDGE ( 'NONE', *, *, #5555, .F. ) ;
#4007 = EDGE_CURVE ( 'NONE', #2517, #9119, #3139, .T. ) ;
#4008 = DIRECTION ( 'NONE',  ( -1.000000000000000000, 0.0000000000000000000, 0.0000000000000000000 ) ) ;
#4009 =( BOUNDED_CURVE ( )  B_SPLINE_CURVE ( 3, ( #6635, #4032, #7590, #2282 ),
 .UNSPECIFIED., .F., .F. ) 
 B_SPLINE_CURVE_WITH_KNOTS ( ( 4, 4 ),
 ( 1.570796326794896600, 2.411864997362824300 ),
 .UNSPECIFIED. ) 
 CURVE ( )  GEOMETRIC_REPRESENTATION_ITEM ( )  RATIONAL_B_SPLINE_CURVE ( ( 1.000000000000000000, 0.9419139527835183000, 0.9419139527835183000, 1.000000000000000000 ) ) 
 REPRESENTATION_ITEM ( '' )  );
#4010 = AXIS2_PLACEMENT_3D ( 'NONE', #3050, #10032, #7460 ) ;
#4011 = LINE ( 'NONE', #5815, #5920 ) ;
#4012 = EDGE_LOOP ( 'NONE', ( #5077, #8937, #10772, #5088, #6219 ) ) ;
#4013 = CARTESIAN_POINT ( 'NONE',  ( -8.150000000000000400, 8.223606797749978300, 3.700000000000113900 ) ) ;
#4014 = ORIENTED_EDGE ( 'NONE', *, *, #2539, .T. ) ;
#4015 = VECTOR ( 'NONE', #6114, 1000.000000000000000 ) ;
#4016 = CARTESIAN_POINT ( 'NONE',  ( 7.950000000000000200, 1.599999999999999900, 4.850000000000117800 ) ) ;
#4017 = VERTEX_POINT ( 'NONE', #10525 ) ;
#4018 = VECTOR ( 'NONE', #739, 1000.000000000000000 ) ;
#4019 = VERTEX_POINT ( 'NONE', #9494 ) ;
#4020 = CARTESIAN_POINT ( 'NONE',  ( -7.950000000000000200, 9.360147050873548500, 17.44999999999999900 ) ) ;
#4021 = DIRECTION ( 'NONE',  ( 0.0000000000000000000, -1.000000000000000000, 0.0000000000000000000 ) ) ;
#4022 = EDGE_CURVE ( 'NONE', #2812, #4927, #5280, .T. ) ;
#4023 = CARTESIAN_POINT ( 'NONE',  ( -9.999999999999996400, 8.000000000000000000, 0.0000000000000000000 ) ) ;
#4024 = ORIENTED_EDGE ( 'NONE', *, *, #8263, .T. ) ;
#4025 = DIRECTION ( 'NONE',  ( 0.0000000000000000000, 0.0000000000000000000, -1.000000000000000000 ) ) ;
#4026 = AXIS2_PLACEMENT_3D ( 'NONE', #7752, #2416, #4276 ) ;
#4027 = ORIENTED_EDGE ( 'NONE', *, *, #4058, .F. ) ;
#4028 = DIRECTION ( 'NONE',  ( 0.9920049496797154200, -0.1261989691358265700, 0.0000000000000000000 ) ) ;
#4029 = CIRCLE ( 'NONE', #8653, 1.400000000000000100 ) ;
#4030 = ORIENTED_EDGE ( 'NONE', *, *, #65, .F. ) ;
#4031 = ORIENTED_EDGE ( 'NONE', *, *, #10474, .T. ) ;
#4032 = CARTESIAN_POINT ( 'NONE',  ( -8.450000000000001100, 8.136921960083562100, 4.563078039916552700 ) ) ;
#4033 = DIRECTION ( 'NONE',  ( 0.0000000000000000000, 0.0000000000000000000, -1.000000000000000000 ) ) ;
#4034 = ORIENTED_EDGE ( 'NONE', *, *, #3533, .T. ) ;
#4035 = CARTESIAN_POINT ( 'NONE',  ( 1.711342420431033700E-015, 8.000000000000000000, 18.75000000000000000 ) ) ;
#4036 = DIRECTION ( 'NONE',  ( 0.0000000000000000000, 1.000000000000000000, 0.0000000000000000000 ) ) ;
#4037 = EDGE_CURVE ( 'NONE', #316, #8560, #9308, .T. ) ;
#4038 = CARTESIAN_POINT ( 'NONE',  ( -2.610512356868663500, 10.78889192452703600, 6.250000000000000000 ) ) ;
#4039 = ORIENTED_EDGE ( 'NONE', *, *, #6060, .F. ) ;
#4040 = VECTOR ( 'NONE', #495, 1000.000000000000000 ) ;
#4041 = ORIENTED_EDGE ( 'NONE', *, *, #2658, .T. ) ;
#4042 = EDGE_CURVE ( 'NONE', #6233, #8318, #5750, .T. ) ;
#4043 = CARTESIAN_POINT ( 'NONE',  ( -5.000000000000004400, 0.7000000000000000700, 9.449999999999994000 ) ) ;
#4044 = EDGE_LOOP ( 'NONE', ( #10259, #1679, #11151, #10238, #4546, #10858, #10659, #5118, #10628, #8027, #4880, #6423 ) ) ;
#4045 = AXIS2_PLACEMENT_3D ( 'NONE', #5413, #9674, #140 ) ;
#4046 = AXIS2_PLACEMENT_3D ( 'NONE', #412, #9176, #6536 ) ;
#4047 = CARTESIAN_POINT ( 'NONE',  ( -9.999999999999996400, 8.000000000000000000, 9.550000000000000700 ) ) ;
#4048 = EDGE_LOOP ( 'NONE', ( #135, #9626, #10639, #9786, #4789, #75 ) ) ;
#4049 = DIRECTION ( 'NONE',  ( 1.000000000000000000, -0.0000000000000000000, -0.0000000000000000000 ) ) ;
#4050 = CARTESIAN_POINT ( 'NONE',  ( 8.350000000000001400, 0.4000000000000001900, 17.35000000000011500 ) ) ;
#4051 = CARTESIAN_POINT ( 'NONE',  ( -8.350000000000001400, -3.349999999999998800, 3.550000000000116200 ) ) ;
#4052 = ORIENTED_EDGE ( 'NONE', *, *, #4633, .T. ) ;
#4053 = VECTOR ( 'NONE', #2462, 1000.000000000000000 ) ;
#4054 = ORIENTED_EDGE ( 'NONE', *, *, #1315, .F. ) ;
#4055 = DIRECTION ( 'NONE',  ( -0.4265687399014594400, 0.9044551454543675600, 0.0000000000000000000 ) ) ;
#4056 = ORIENTED_EDGE ( 'NONE', *, *, #1363, .F. ) ;
#4057 = ADVANCED_FACE ( 'NONE', ( #10809, #3414 ), #1846, .T. ) ;
#4058 = EDGE_CURVE ( 'NONE', #2756, #5639, #9024, .T. ) ;
#4060 = CARTESIAN_POINT ( 'NONE',  ( -9.999999999999996400, 1.600000000000000100, 9.700000000000001100 ) ) ;
#4059 = DIRECTION ( 'NONE',  ( -1.000000000000000000, -0.0000000000000000000, -0.0000000000000000000 ) ) ;
#4061 = ORIENTED_EDGE ( 'NONE', *, *, #9349, .T. ) ;
#4062 = CARTESIAN_POINT ( 'NONE',  ( 8.347213595500074100, 8.000000000000000000, 17.60000000000000100 ) ) ;
#4063 = AXIS2_PLACEMENT_3D ( 'NONE', #1260, #7413, #2956 ) ;
#4064 = DIRECTION ( 'NONE',  ( 0.0000000000000000000, -1.000000000000000000, 0.0000000000000000000 ) ) ;
#4065 = CARTESIAN_POINT ( 'NONE',  ( -5.193917793152937000, 11.36732013843733200, 2.200000000000114300 ) ) ;
#4066 = EDGE_LOOP ( 'NONE', ( #4576, #936, #9527, #6895 ) ) ;
#4067 = CARTESIAN_POINT ( 'NONE',  ( 10.00000000000000200, 0.0000000000000000000, 0.0000000000000000000 ) ) ;
#4068 = LINE ( 'NONE', #2595, #1008 ) ;
#4069 = EDGE_LOOP ( 'NONE', ( #9644, #9224, #7652, #3674 ) ) ;
#4070 = ORIENTED_EDGE ( 'NONE', *, *, #8139, .T. ) ;
#4071 = EDGE_LOOP ( 'NONE', ( #3460, #3339, #9214, #5417 ) ) ;
#4072 = ORIENTED_EDGE ( 'NONE', *, *, #3138, .F. ) ;
#4073 = EDGE_CURVE ( 'NONE', #3897, #8552, #5470, .T. ) ;
#4074 = ORIENTED_EDGE ( 'NONE', *, *, #8446, .F. ) ;
#4075 = DIRECTION ( 'NONE',  ( -0.0000000000000000000, -1.000000000000000000, -0.0000000000000000000 ) ) ;
#4076 = CIRCLE ( 'NONE', #3354, 0.9999999999999983300 ) ;
#4077 = EDGE_CURVE ( 'NONE', #9534, #6790, #784, .T. ) ;
#4078 = ORIENTED_EDGE ( 'NONE', *, *, #8397, .T. ) ;
#4079 = DIRECTION ( 'NONE',  ( 0.0000000000000000000, 0.0000000000000000000, -1.000000000000000000 ) ) ;
#4080 = DIRECTION ( 'NONE',  ( -1.000000000000000000, 0.0000000000000000000, 0.0000000000000000000 ) ) ;
#4081 = ORIENTED_EDGE ( 'NONE', *, *, #3551, .F. ) ;
#4082 = AXIS2_PLACEMENT_3D ( 'NONE', #3341, #715, #4967 ) ;
#4083 = PLANE ( 'NONE',  #841 ) ;
#4084 = AXIS2_PLACEMENT_3D ( 'NONE', #9057, #2771, #8908 ) ;
#4085 = ORIENTED_EDGE ( 'NONE', *, *, #1471, .F. ) ;
#4086 = ORIENTED_EDGE ( 'NONE', *, *, #7639, .F. ) ;
#4087 = ORIENTED_EDGE ( 'NONE', *, *, #5489, .F. ) ;
#4088 = CARTESIAN_POINT ( 'NONE',  ( -7.950000000000000200, 3.100000000000000500, 4.850000000000003200 ) ) ;
#4089 = VECTOR ( 'NONE', #5411, 1000.000000000000100 ) ;
#4090 = FACE_OUTER_BOUND ( 'NONE', #6847, .T. ) ;
#4091 = ORIENTED_EDGE ( 'NONE', *, *, #10703, .F. ) ;
#4092 = PLANE ( 'NONE',  #9206 ) ;
#4093 =( BOUNDED_CURVE ( )  B_SPLINE_CURVE ( 3, ( #6214, #2832, #8008, #984 ),
 .UNSPECIFIED., .F., .F. ) 
 B_SPLINE_CURVE_WITH_KNOTS ( ( 4, 4 ),
 ( 2.011491962923465800, 2.411864997362833200 ),
 .UNSPECIFIED. ) 
 CURVE ( )  GEOMETRIC_REPRESENTATION_ITEM ( )  RATIONAL_B_SPLINE_CURVE ( ( 1.000000000000000000, 0.9866863370284214600, 0.9866863370284214600, 1.000000000000000000 ) ) 
 REPRESENTATION_ITEM ( '' )  );
#4094 = DIRECTION ( 'NONE',  ( -1.000000000000000000, 0.0000000000000000000, -0.0000000000000000000 ) ) ;
#4095 = EDGE_CURVE ( 'NONE', #5178, #4308, #10961, .T. ) ;
#4096 = CARTESIAN_POINT ( 'NONE',  ( 7.950000000000000200, 0.4000000000000001900, 5.100000000000000500 ) ) ;
#4097 = AXIS2_PLACEMENT_3D ( 'NONE', #6664, #6630, #10047 ) ;
#4098 = EDGE_LOOP ( 'NONE', ( #7252, #10096, #7643, #4754 ) ) ;
#4099 = LINE ( 'NONE', #8737, #10041 ) ;
#4100 = VECTOR ( 'NONE', #11359, 1000.000000000000000 ) ;
#4101 = CARTESIAN_POINT ( 'NONE',  ( -7.950000000000000200, 8.000000000000000000, 14.70000000000011700 ) ) ;
#4102 = DIRECTION ( 'NONE',  ( 0.0000000000000000000, 0.0000000000000000000, 1.000000000000000000 ) ) ;
#4103 = LINE ( 'NONE', #385, #5741 ) ;
#4104 = DIRECTION ( 'NONE',  ( -5.583261179213479200E-016, -0.0000000000000000000, -1.000000000000000000 ) ) ;
#4105 = LINE ( 'NONE', #3060, #4642 ) ;
#4106 = CARTESIAN_POINT ( 'NONE',  ( -4.808410434011671300, 11.65487620520117000, 10.85436382422057200 ) ) ;
#4107 = ORIENTED_EDGE ( 'NONE', *, *, #943, .F. ) ;
#4108 = VECTOR ( 'NONE', #6877, 1000.000000000000000 ) ;
#4109 = EDGE_CURVE ( 'NONE', #159, #3842, #7537, .T. ) ;
#4110 = FACE_BOUND ( 'NONE', #9165, .T. ) ;
#4111 = AXIS2_PLACEMENT_3D ( 'NONE', #9711, #6159, #4468 ) ;
#4112 = VECTOR ( 'NONE', #4075, 1000.000000000000000 ) ;
#4113 = EDGE_CURVE ( 'NONE', #8790, #2776, #514, .T. ) ;
#4114 = FACE_OUTER_BOUND ( 'NONE', #10221, .T. ) ;
#4115 = ADVANCED_FACE ( 'NONE', ( #8488 ), #5387, .T. ) ;
#4116 = CARTESIAN_POINT ( 'NONE',  ( -8.450000000000001100, 8.223606797749978300, 10.17360679775009300 ) ) ;
#4117 = FACE_OUTER_BOUND ( 'NONE', #10108, .T. ) ;
#4118 = CARTESIAN_POINT ( 'NONE',  ( -9.999999999999996400, 3.299999999999999800, 3.450000000000000600 ) ) ;
#4119 = ORIENTED_EDGE ( 'NONE', *, *, #3649, .F. ) ;
#4120 = ORIENTED_EDGE ( 'NONE', *, *, #1279, .F. ) ;
#4121 = CARTESIAN_POINT ( 'NONE',  ( 0.0000000000000000000, 8.000000000000000000, 0.0000000000000000000 ) ) ;
#4122 = FACE_OUTER_BOUND ( 'NONE', #3117, .T. ) ;
#4123 = LINE ( 'NONE', #1268, #7271 ) ;
#4124 = LINE ( 'NONE', #103, #6307 ) ;
#4125 = DIRECTION ( 'NONE',  ( 5.583261179213479200E-016, 0.0000000000000000000, 1.000000000000000000 ) ) ;
#4126 = DIRECTION ( 'NONE',  ( -0.0000000000000000000, -0.0000000000000000000, 1.000000000000000000 ) ) ;
#4127 = EDGE_CURVE ( 'NONE', #1773, #7351, #3973, .T. ) ;
#4128 = FACE_OUTER_BOUND ( 'NONE', #5710, .T. ) ;
#4129 = DIRECTION ( 'NONE',  ( -0.0000000000000000000, -0.0000000000000000000, 1.000000000000000000 ) ) ;
#4130 = ORIENTED_EDGE ( 'NONE', *, *, #890, .T. ) ;
#4131 = AXIS2_PLACEMENT_3D ( 'NONE', #6459, #2066, #10062 ) ;
#4132 = CARTESIAN_POINT ( 'NONE',  ( 7.950000000000000200, 0.3999999999999993000, 9.800000000000114400 ) ) ;
#4133 = AXIS2_PLACEMENT_3D ( 'NONE', #9111, #9229, #4906 ) ;
#4134 = LINE ( 'NONE', #5241, #8507 ) ;
#4136 = DIRECTION ( 'NONE',  ( 0.0000000000000000000, 0.0000000000000000000, 1.000000000000000000 ) ) ;
#4135 = SURFACE_STYLE_USAGE ( .BOTH. , #9295 ) ;
#4137 = DIRECTION ( 'NONE',  ( -0.0000000000000000000, -0.0000000000000000000, 1.000000000000000000 ) ) ;
#4138 = VECTOR ( 'NONE', #4543, 1000.000000000000000 ) ;
#4139 = PLANE ( 'NONE',  #8209 ) ;
#4140 = DIRECTION ( 'NONE',  ( -0.1261989691358268200, -0.9920049496797155300, 0.0000000000000000000 ) ) ;
#4141 = ORIENTED_EDGE ( 'NONE', *, *, #8444, .T. ) ;
#4142 = VECTOR ( 'NONE', #8070, 1000.000000000000000 ) ;
#4143 = ORIENTED_EDGE ( 'NONE', *, *, #8943, .T. ) ;
#4144 = EDGE_CURVE ( 'NONE', #945, #160, #2855, .T. ) ;
#4145 = DIRECTION ( 'NONE',  ( -1.000000000000000000, 0.0000000000000000000, -0.0000000000000000000 ) ) ;
#4146 = PRESENTATION_LAYER_ASSIGNMENT (  '', '', ( #1542 ) ) ;
#4147 = EDGE_LOOP ( 'NONE', ( #6670, #7870 ) ) ;
#4148 = AXIS2_PLACEMENT_3D ( 'NONE', #10713, #3606, #5472 ) ;
#4149 = FACE_OUTER_BOUND ( 'NONE', #1071, .T. ) ;
#4150 = CARTESIAN_POINT ( 'NONE',  ( -7.950000000000000200, 3.299999999999999800, 17.35000000000000500 ) ) ;
#4151 = EDGE_LOOP ( 'NONE', ( #8405, #1747, #9129, #9075, #4281, #8678, #10369, #595, #8486, #5375, #6994, #3133 ) ) ;
#4152 = DIRECTION ( 'NONE',  ( 5.471677050907138700E-016, 2.346163575745168000E-030, -1.000000000000000000 ) ) ;
#4153 = CARTESIAN_POINT ( 'NONE',  ( -8.150000000000000400, 12.30000000000000100, 16.97639320225013600 ) ) ;
#4154 = CARTESIAN_POINT ( 'NONE',  ( -4.053879558652648800, 10.97251142461965900, 14.70000000000011700 ) ) ;
#4155 =( BOUNDED_CURVE ( )  B_SPLINE_CURVE ( 3, ( #5955, #4616, #10516, #21 ),
 .UNSPECIFIED., .F., .F. ) 
 B_SPLINE_CURVE_WITH_KNOTS ( ( 4, 4 ),
 ( 4.271693344256120500, 4.712388980384690600 ),
 .UNSPECIFIED. ) 
 CURVE ( )  GEOMETRIC_REPRESENTATION_ITEM ( )  RATIONAL_B_SPLINE_CURVE ( ( 1.000000000000000000, 0.9838809907308638800, 0.9838809907308638800, 1.000000000000000000 ) ) 
 REPRESENTATION_ITEM ( '' )  );
#4156 = VECTOR ( 'NONE', #9385, 1000.000000000000000 ) ;
#4157 = EDGE_LOOP ( 'NONE', ( #9877, #4412, #7217, #6333 ) ) ;
#4158 = DIRECTION ( 'NONE',  ( -1.000000000000000000, 0.0000000000000000000, 0.0000000000000000000 ) ) ;
#4159 = ORIENTED_EDGE ( 'NONE', *, *, #2569, .T. ) ;
#4160 = EDGE_CURVE ( 'NONE', #4954, #676, #9451, .T. ) ;
#4161 = VERTEX_POINT ( 'NONE', #7082 ) ;
#4162 = ORIENTED_EDGE ( 'NONE', *, *, #6780, .F. ) ;
#4163 = CARTESIAN_POINT ( 'NONE',  ( -9.999999999999996400, 1.600000000000000100, 4.950000000000000200 ) ) ;
#4164 = DIRECTION ( 'NONE',  ( 0.0000000000000000000, 0.5766660201766968800, -0.8169799882332305900 ) ) ;
#4165 = DIRECTION ( 'NONE',  ( -1.000000000000000000, 0.0000000000000000000, -0.0000000000000000000 ) ) ;
#4166 = VECTOR ( 'NONE', #10761, 1000.000000000000000 ) ;
#4167 = ORIENTED_EDGE ( 'NONE', *, *, #10948, .F. ) ;
#4168 = ORIENTED_EDGE ( 'NONE', *, *, #381, .T. ) ;
#4169 = DIRECTION ( 'NONE',  ( 1.000000000000000000, 0.0000000000000000000, 0.0000000000000000000 ) ) ;
#4170 = ADVANCED_FACE ( 'NONE', ( #4930 ), #8871, .T. ) ;
#4171 = ORIENTED_EDGE ( 'NONE', *, *, #817, .F. ) ;
#4173 = CARTESIAN_POINT ( 'NONE',  ( -4.832135734971188900, 11.53794763439791800, 8.450000000000113000 ) ) ;
#4172 = DIRECTION ( 'NONE',  ( 0.0000000000000000000, 0.0000000000000000000, -1.000000000000000000 ) ) ;
#4174 = DIRECTION ( 'NONE',  ( 0.0000000000000000000, 1.000000000000000000, 5.782411586589357600E-016 ) ) ;
#4175 = LINE ( 'NONE', #8698, #14 ) ;
#4176 = EDGE_CURVE ( 'NONE', #7151, #3829, #5208, .T. ) ;
#4177 = ORIENTED_EDGE ( 'NONE', *, *, #6838, .F. ) ;
#4178 = DIRECTION ( 'NONE',  ( -0.0000000000000000000, -0.0000000000000000000, 1.000000000000000000 ) ) ;
#4179 = ORIENTED_EDGE ( 'NONE', *, *, #8881, .F. ) ;
#4180 = EDGE_LOOP ( 'NONE', ( #8732, #6118, #9765, #4598, #6207, #7002, #9424, #8930, #2373, #6331, #5528, #6165, #5686, #3733, #10744, #4201, #2121, #9153, #468, #6340, #7386, #573, #1075, #1000, #4530, #10357, #2924, #2984 ) ) ;
#4181 = AXIS2_PLACEMENT_3D ( 'NONE', #1979, #6216, #2719 ) ;
#4182 = EDGE_LOOP ( 'NONE', ( #4458, #3360, #10105, #7735 ) ) ;
#4183 = CYLINDRICAL_SURFACE ( 'NONE', #9976, 1.599999999999999900 ) ;
#4184 = ORIENTED_EDGE ( 'NONE', *, *, #6697, .F. ) ;
#4185 = PLANE ( 'NONE',  #8078 ) ;
#4186 = EDGE_LOOP ( 'NONE', ( #10149, #5918, #3491, #2419, #3875, #1140, #292, #3645, #5841, #1697, #8566, #8918, #1790, #6585, #8100, #1177 ) ) ;
#4187 = DIRECTION ( 'NONE',  ( 0.0000000000000000000, 1.000000000000000000, 0.0000000000000000000 ) ) ;
#4188 = DIRECTION ( 'NONE',  ( -0.0000000000000000000, -0.0000000000000000000, 1.000000000000000000 ) ) ;
#4189 = VERTEX_POINT ( 'NONE', #10706 ) ;
#4190 = DIRECTION ( 'NONE',  ( 0.0000000000000000000, 0.0000000000000000000, -1.000000000000000000 ) ) ;
#4191 = EDGE_CURVE ( 'NONE', #1640, #4691, #1890, .T. ) ;
#4192 = DIRECTION ( 'NONE',  ( 0.0000000000000000000, 1.000000000000000000, 0.0000000000000000000 ) ) ;
#4193 = EDGE_CURVE ( 'NONE', #2776, #9576, #2578, .T. ) ;
#4194 = VECTOR ( 'NONE', #1782, 1000.000000000000000 ) ;
#4195 = ORIENTED_EDGE ( 'NONE', *, *, #8726, .F. ) ;
#4196 = VERTEX_POINT ( 'NONE', #7229 ) ;
#4197 = DIRECTION ( 'NONE',  ( 0.0000000000000000000, -0.0000000000000000000, 1.000000000000000000 ) ) ;
#4198 = CARTESIAN_POINT ( 'NONE',  ( 0.0000000000000000000, 7.825000000000000200, 14.60000000000000000 ) ) ;
#4199 = ORIENTED_EDGE ( 'NONE', *, *, #6209, .T. ) ;
#4200 = DIRECTION ( 'NONE',  ( -0.1261989691358260700, -0.9920049496797155300, 0.0000000000000000000 ) ) ;
#4201 = ORIENTED_EDGE ( 'NONE', *, *, #10523, .T. ) ;
#4202 = LINE ( 'NONE', #11039, #9405 ) ;
#4203 = ORIENTED_EDGE ( 'NONE', *, *, #10827, .T. ) ;
#4204 = VERTEX_POINT ( 'NONE', #147 ) ;
#4205 = EDGE_CURVE ( 'NONE', #1422, #9681, #6428, .T. ) ;
#4207 = DIRECTION ( 'NONE',  ( -0.0000000000000000000, 0.0000000000000000000, 1.000000000000000000 ) ) ;
#4206 = CARTESIAN_POINT ( 'NONE',  ( -4.832135734971188900, 11.53794763439791800, 2.200000000000114300 ) ) ;
#4208 = CARTESIAN_POINT ( 'NONE',  ( -9.999999999999996400, 3.100000000000000500, 17.20000000000000300 ) ) ;
#4209 = AXIS2_PLACEMENT_3D ( 'NONE', #5076, #3273, #2487 ) ;
#4210 = DIRECTION ( 'NONE',  ( 0.0000000000000000000, 0.0000000000000000000, -1.000000000000000000 ) ) ;
#4211 = CARTESIAN_POINT ( 'NONE',  ( -7.950000000000000200, -3.349999999999998800, 3.550000000000116200 ) ) ;
#4212 = ADVANCED_FACE ( 'NONE', ( #9582 ), #10782, .F. ) ;
#4213 = VERTEX_POINT ( 'NONE', #1040 ) ;
#4214 = LINE ( 'NONE', #10018, #8325 ) ;
#4215 = ORIENTED_EDGE ( 'NONE', *, *, #6637, .F. ) ;
#4216 = CARTESIAN_POINT ( 'NONE',  ( 6.997055580779380600, 9.566654908446548000, 18.40000000000011900 ) ) ;
#4217 = CARTESIAN_POINT ( 'NONE',  ( -4.832135734971188900, 11.53794763439791800, 10.95000000000011500 ) ) ;
#4218 = DIRECTION ( 'NONE',  ( -1.000000000000000000, 0.0000000000000000000, 9.637352644315598700E-016 ) ) ;
#4219 = DIRECTION ( 'NONE',  ( 1.000000000000000000, 0.0000000000000000000, 0.0000000000000000000 ) ) ;
#4220 = EDGE_CURVE ( 'NONE', #7262, #9113, #1335, .T. ) ;
#4221 = ADVANCED_FACE ( 'NONE', ( #8758, #4110 ), #10035, .F. ) ;
#4222 = ORIENTED_EDGE ( 'NONE', *, *, #903, .T. ) ;
#4223 = CARTESIAN_POINT ( 'NONE',  ( -4.578274166955052300E-015, 7.825000000000000200, -8.199999999999999300 ) ) ;
#4224 = ORIENTED_EDGE ( 'NONE', *, *, #8298, .T. ) ;
#4225 = LINE ( 'NONE', #3622, #2564 ) ;
#4226 = DIRECTION ( 'NONE',  ( -1.000000000000000000, 0.0000000000000000000, 1.618715529682868300E-015 ) ) ;
#4227 = CARTESIAN_POINT ( 'NONE',  ( -4.104359146306979500, 10.57570944474777400, 8.450000000000113000 ) ) ;
#4228 = CARTESIAN_POINT ( 'NONE',  ( 0.0000000000000000000, 8.000000000000000000, 0.0000000000000000000 ) ) ;
#4229 = VECTOR ( 'NONE', #2008, 1000.000000000000000 ) ;
#4230 = ORIENTED_EDGE ( 'NONE', *, *, #5821, .F. ) ;
#4231 = DIRECTION ( 'NONE',  ( -1.000000000000000000, 0.0000000000000000000, 0.0000000000000000000 ) ) ;
#4232 = VERTEX_POINT ( 'NONE', #4666 ) ;
#4233 = DIRECTION ( 'NONE',  ( 1.000000000000000000, -0.0000000000000000000, -0.0000000000000000000 ) ) ;
#4234 = VECTOR ( 'NONE', #2917, 1000.000000000000000 ) ;
#4235 = CYLINDRICAL_SURFACE ( 'NONE', #6357, 0.3000000000000001600 ) ;
#4236 = CARTESIAN_POINT ( 'NONE',  ( 7.673004626611401600, 8.000000000000000000, 0.0000000000000000000 ) ) ;
#4237 = EDGE_CURVE ( 'NONE', #8383, #9122, #777, .T. ) ;
#4238 = CARTESIAN_POINT ( 'NONE',  ( -8.450000000000001100, 8.223606797749978300, 4.476393202250135600 ) ) ;
#4239 = VECTOR ( 'NONE', #4252, 1000.000000000000000 ) ;
#4240 = ORIENTED_EDGE ( 'NONE', *, *, #1471, .T. ) ;
#4241 = CARTESIAN_POINT ( 'NONE',  ( -3.300000000000007400, 3.600000000000000100, 10.42500000000000200 ) ) ;
#4242 = LINE ( 'NONE', #4285, #1609 ) ;
#4243 = ORIENTED_EDGE ( 'NONE', *, *, #4633, .F. ) ;
#4244 = DIRECTION ( 'NONE',  ( 1.000000000000000000, -0.0000000000000000000, 1.224646799147353200E-016 ) ) ;
#4245 = VECTOR ( 'NONE', #162, 1000.000000000000000 ) ;
#4246 = VECTOR ( 'NONE', #7119, 999.9999999999998900 ) ;
#4247 = DIRECTION ( 'NONE',  ( -0.9591136517499727600, -0.2830212059666767400, 0.0000000000000000000 ) ) ;
#4248 = FACE_OUTER_BOUND ( 'NONE', #6531, .T. ) ;
#4249 = LINE ( 'NONE', #4354, #516 ) ;
#4250 = VECTOR ( 'NONE', #4924, 1000.000000000000000 ) ;
#4251 = EDGE_LOOP ( 'NONE', ( #10587, #1039, #4644, #9103 ) ) ;
#4252 = DIRECTION ( 'NONE',  ( -0.5726248390748290800, 0.5201357824263477300, 0.6336872742246423300 ) ) ;
#4253 = EDGE_CURVE ( 'NONE', #5931, #9362, #6281, .T. ) ;
#4254 = VECTOR ( 'NONE', #7558, 1000.000000000000000 ) ;
#4255 = ORIENTED_EDGE ( 'NONE', *, *, #2321, .F. ) ;
#4256 = EDGE_CURVE ( 'NONE', #7883, #9092, #3561, .T. ) ;
#4257 = VECTOR ( 'NONE', #2548, 1000.000000000000000 ) ;
#4258 = CARTESIAN_POINT ( 'NONE',  ( -9.999999999999996400, 0.0000000000000000000, 3.300000000000000700 ) ) ;
#4259 = AXIS2_PLACEMENT_3D ( 'NONE', #72, #5092, #11217 ) ;
#4260 = LINE ( 'NONE', #6021, #6296 ) ;
#4261 = DIRECTION ( 'NONE',  ( -0.0000000000000000000, -0.0000000000000000000, 1.000000000000000000 ) ) ;
#4262 = DIRECTION ( 'NONE',  ( 1.000000000000000000, 0.0000000000000000000, -5.507058653894630800E-016 ) ) ;
#4263 = CARTESIAN_POINT ( 'NONE',  ( 5.950000000000165400, 8.900000000000000400, 10.24999999999998900 ) ) ;
#4264 = VERTEX_POINT ( 'NONE', #1150 ) ;
#4265 = VERTEX_POINT ( 'NONE', #8102 ) ;
#4266 = ADVANCED_FACE ( 'NONE', ( #5330 ), #1202, .T. ) ;
#4267 = PLANE ( 'NONE',  #9357 ) ;
#4268 = VECTOR ( 'NONE', #7318, 1000.000000000000000 ) ;
#4269 = CARTESIAN_POINT ( 'NONE',  ( 1.309085912708786400, 10.29025604452769800, 14.70000000000011700 ) ) ;
#4270 = DIRECTION ( 'NONE',  ( -0.9920049496797153100, 0.1261989691358270700, -0.0000000000000000000 ) ) ;
#4271 = EDGE_CURVE ( 'NONE', #331, #6470, #1054, .T. ) ;
#4272 = CARTESIAN_POINT ( 'NONE',  ( -2.512467530646063700E-015, 7.825000000000000200, -4.499999999999997300 ) ) ;
#4273 = DIRECTION ( 'NONE',  ( 0.0000000000000000000, -0.0000000000000000000, -1.000000000000000000 ) ) ;
#4274 = AXIS2_PLACEMENT_3D ( 'NONE', #7011, #7876, #3513 ) ;
#4275 = LINE ( 'NONE', #6411, #265 ) ;
#4276 = DIRECTION ( 'NONE',  ( 1.000000000000000000, 0.0000000000000000000, -0.0000000000000000000 ) ) ;
#4277 = AXIS2_PLACEMENT_3D ( 'NONE', #11391, #1860, #9157 ) ;
#4278 = VERTEX_POINT ( 'NONE', #2040 ) ;
#4279 = ADVANCED_FACE ( 'NONE', ( #8609 ), #6507, .F. ) ;
#4280 = CIRCLE ( 'NONE', #10003, 5.500000000000006200 ) ;
#4281 = ORIENTED_EDGE ( 'NONE', *, *, #10506, .T. ) ;
#4282 = CARTESIAN_POINT ( 'NONE',  ( 4.343440674907171200, 9.501013568232986400, 2.771259202696972700 ) ) ;
#4283 = EDGE_LOOP ( 'NONE', ( #3045, #7441, #2124, #5014 ) ) ;
#4284 = DIRECTION ( 'NONE',  ( 0.0000000000000000000, 1.000000000000000000, 0.0000000000000000000 ) ) ;
#4285 = CARTESIAN_POINT ( 'NONE',  ( -7.950000000000000200, 9.360147050873548500, 17.35000000000000500 ) ) ;
#4286 = CIRCLE ( 'NONE', #4716, 3.214999999999999900 ) ;
#4287 = ORIENTED_EDGE ( 'NONE', *, *, #10070, .F. ) ;
#4288 = EDGE_CURVE ( 'NONE', #9930, #10066, #366, .T. ) ;
#4289 =( BOUNDED_CURVE ( )  B_SPLINE_CURVE ( 3, ( #8134, #2892, #5460, #10819 ),
 .UNSPECIFIED., .F., .F. ) 
 B_SPLINE_CURVE_WITH_KNOTS ( ( 4, 4 ),
 ( 2.530727415391780300, 3.141592653589793100 ),
 .UNSPECIFIED. ) 
 CURVE ( )  GEOMETRIC_REPRESENTATION_ITEM ( )  RATIONAL_B_SPLINE_CURVE ( ( 1.000000000000000000, 0.9691446338321514400, 0.9691446338321514400, 1.000000000000000000 ) ) 
 REPRESENTATION_ITEM ( '' )  );
#4290 = LINE ( 'NONE', #2590, #2484 ) ;
#4291 = ORIENTED_EDGE ( 'NONE', *, *, #9550, .T. ) ;
#4292 = AXIS2_PLACEMENT_3D ( 'NONE', #1142, #1952, #8057 ) ;
#4293 = ORIENTED_EDGE ( 'NONE', *, *, #7607, .F. ) ;
#4294 = CARTESIAN_POINT ( 'NONE',  ( -6.850000000000002300, 12.30000000000000100, 16.20000000000011300 ) ) ;
#4295 = CARTESIAN_POINT ( 'NONE',  ( 4.999999999999997300, 0.7000000000000000700, 9.449999999999994000 ) ) ;
#4296 = ORIENTED_EDGE ( 'NONE', *, *, #11028, .F. ) ;
#4297 = CARTESIAN_POINT ( 'NONE',  ( -6.850000000000002300, 12.30000000000000100, 8.450000000000113000 ) ) ;
#4298 = CARTESIAN_POINT ( 'NONE',  ( -5.402871767273012400, 12.98250998384233400, 10.72639320225013500 ) ) ;
#4299 = CARTESIAN_POINT ( 'NONE',  ( 5.499999999999994700, 7.825000000000000200, 0.0000000000000000000 ) ) ;
#4300 = FACE_OUTER_BOUND ( 'NONE', #8850, .T. ) ;
#4301 = ORIENTED_EDGE ( 'NONE', *, *, #9904, .F. ) ;
#4302 = CARTESIAN_POINT ( 'NONE',  ( -7.950000000000000200, 1.600000000000000100, 16.20000000000000300 ) ) ;
#4303 = ORIENTED_EDGE ( 'NONE', *, *, #465, .F. ) ;
#4304 = ORIENTED_EDGE ( 'NONE', *, *, #11232, .T. ) ;
#4305 = EDGE_CURVE ( 'NONE', #10981, #1670, #2706, .T. ) ;
#4306 = DIRECTION ( 'NONE',  ( 0.0000000000000000000, 1.000000000000000000, 0.0000000000000000000 ) ) ;
#4307 = AXIS2_PLACEMENT_3D ( 'NONE', #7885, #5999, #892 ) ;
#4308 = VERTEX_POINT ( 'NONE', #7387 ) ;
#4309 = CARTESIAN_POINT ( 'NONE',  ( -7.950000000000000200, -3.349999999999998800, 16.05000000000011800 ) ) ;
#4310 = CARTESIAN_POINT ( 'NONE',  ( -4.808410434011671300, 11.61456914526348800, 17.14081975197934300 ) ) ;
#4311 = PLANE ( 'NONE',  #3845 ) ;
#4312 = PLANE ( 'NONE',  #6479 ) ;
#4313 = DIRECTION ( 'NONE',  ( 0.0000000000000000000, 0.0000000000000000000, -1.000000000000000000 ) ) ;
#4314 = LINE ( 'NONE', #9819, #720 ) ;
#4315 = VERTEX_POINT ( 'NONE', #1081 ) ;
#4316 = ORIENTED_EDGE ( 'NONE', *, *, #5322, .T. ) ;
#4317 = CARTESIAN_POINT ( 'NONE',  ( 5.671037311247657300E-015, 8.000000000000000000, 1.734723475976807100E-015 ) ) ;
#4319 = CARTESIAN_POINT ( 'NONE',  ( 7.950000000000000200, 0.4000000000000001900, 17.60000000000000100 ) ) ;
#4318 = CARTESIAN_POINT ( 'NONE',  ( 0.0000000000000000000, 0.0000000000000000000, 0.0000000000000000000 ) ) ;
#4320 = VERTEX_POINT ( 'NONE', #9872 ) ;
#4321 = PLANE ( 'NONE',  #1092 ) ;
#4322 = DIRECTION ( 'NONE',  ( -0.2830212059666797300, -0.9591136517499718700, 0.0000000000000000000 ) ) ;
#4323 = EDGE_CURVE ( 'NONE', #4019, #1130, #10273, .T. ) ;
#4324 = DIRECTION ( 'NONE',  ( 0.0000000000000000000, 0.0000000000000000000, -1.000000000000000000 ) ) ;
#4325 = CARTESIAN_POINT ( 'NONE',  ( -6.850000000000002300, 12.30000000000000100, 10.17360679775009300 ) ) ;
#4326 = AXIS2_PLACEMENT_3D ( 'NONE', #7167, #6384, #2860 ) ;
#4327 = VECTOR ( 'NONE', #5011, 1000.000000000000000 ) ;
#4328 = ORIENTED_EDGE ( 'NONE', *, *, #9809, .T. ) ;
#4329 = EDGE_CURVE ( 'NONE', #4954, #2541, #7524, .T. ) ;
#4330 = EDGE_LOOP ( 'NONE', ( #2086, #10485 ) ) ;
#4331 = ADVANCED_FACE ( 'NONE', ( #10661, #5192 ), #421, .F. ) ;
#4332 = DIRECTION ( 'NONE',  ( -1.000000000000000000, 0.0000000000000000000, 5.583261179213479200E-016 ) ) ;
#4333 = ORIENTED_EDGE ( 'NONE', *, *, #8279, .T. ) ;
#4334 = CARTESIAN_POINT ( 'NONE',  ( 6.997055580779380600, 9.566654908446548000, 18.40000000000011900 ) ) ;
#4335 = ORIENTED_EDGE ( 'NONE', *, *, #484, .F. ) ;
#4336 = CARTESIAN_POINT ( 'NONE',  ( -5.402871767273012400, 12.98250998384233400, 3.700000000000113900 ) ) ;
#4337 = LINE ( 'NONE', #6513, #1972 ) ;
#4338 = ORIENTED_EDGE ( 'NONE', *, *, #9064, .T. ) ;
#4339 = CARTESIAN_POINT ( 'NONE',  ( 4.601698085927474800, 11.84907695649562100, -7.880698157726668800 ) ) ;
#4340 = DIRECTION ( 'NONE',  ( 0.0000000000000000000, 1.000000000000000000, 0.0000000000000000000 ) ) ;
#4341 = EDGE_LOOP ( 'NONE', ( #2075, #5656, #3984, #11399 ) ) ;
#4342 = DIRECTION ( 'NONE',  ( 0.0000000000000000000, 1.000000000000000000, 0.0000000000000000000 ) ) ;
#4343 = EDGE_CURVE ( 'NONE', #4874, #7545, #2847, .T. ) ;
#4344 = VERTEX_POINT ( 'NONE', #497 ) ;
#4345 = DIRECTION ( 'NONE',  ( 1.000000000000000000, -0.0000000000000000000, -0.0000000000000000000 ) ) ;
#4346 = EDGE_CURVE ( 'NONE', #4603, #8993, #4792, .T. ) ;
#4347 = AXIS2_PLACEMENT_3D ( 'NONE', #4681, #10798, #7329 ) ;
#4348 = ORIENTED_EDGE ( 'NONE', *, *, #9128, .T. ) ;
#4349 = CIRCLE ( 'NONE', #4181, 5.499999999999994700 ) ;
#4350 = ORIENTED_EDGE ( 'NONE', *, *, #702, .T. ) ;
#4351 = DIRECTION ( 'NONE',  ( 0.0000000000000000000, 0.0000000000000000000, -1.000000000000000000 ) ) ;
#4352 = CARTESIAN_POINT ( 'NONE',  ( 7.950000000000000200, 1.599999999999912600, 17.44999999999999600 ) ) ;
#4353 = ORIENTED_EDGE ( 'NONE', *, *, #9428, .T. ) ;
#4354 = CARTESIAN_POINT ( 'NONE',  ( 3.363691886471190000, 8.985542794568329900, 17.22187702998818500 ) ) ;
#4355 = ADVANCED_FACE ( 'NONE', ( #8889 ), #7932, .T. ) ;
#4356 = PLANE ( 'NONE',  #5667 ) ;
#4357 = CARTESIAN_POINT ( 'NONE',  ( 1.808814189538936500E-014, 7.825000000000000200, 6.249999999999998200 ) ) ;
#4358 = CARTESIAN_POINT ( 'NONE',  ( -5.500000000000000000, 7.825000000000000200, -8.199999999999995700 ) ) ;
#4359 = CARTESIAN_POINT ( 'NONE',  ( -3.927680589516822100, 11.96451637429937500, 12.45000000000011300 ) ) ;
#4360 = EDGE_LOOP ( 'NONE', ( #9799, #8956, #1302, #2378 ) ) ;
#4361 = VECTOR ( 'NONE', #1298, 1000.000000000000000 ) ;
#4362 = VECTOR ( 'NONE', #4921, 1000.000000000000000 ) ;
#4363 = EDGE_CURVE ( 'NONE', #1134, #9081, #6837, .T. ) ;
#4364 = ORIENTED_EDGE ( 'NONE', *, *, #5882, .F. ) ;
#4365 = CARTESIAN_POINT ( 'NONE',  ( 4.750000000000133200, 8.400000000000000400, 18.70000000000000300 ) ) ;
#4366 = CARTESIAN_POINT ( 'NONE',  ( -9.999999999999996400, 3.100000000000000500, 9.950000000000001100 ) ) ;
#4367 = DIRECTION ( 'NONE',  ( 0.0000000000000000000, -1.000000000000000000, 0.0000000000000000000 ) ) ;
#4368 = SHAPE_REPRESENTATION_RELATIONSHIP ( 'NONE' , 'NONE' ,  #1724, #5827 ) ;
#4369 = AXIS2_PLACEMENT_3D ( 'NONE', #389, #5509, #6431 ) ;
#4370 = ORIENTED_EDGE ( 'NONE', *, *, #6093, .T. ) ;
#4371 = ORIENTED_EDGE ( 'NONE', *, *, #2115, .F. ) ;
#4372 = COLOUR_RGB ( '',0.7921568627450980000, 0.8196078431372548800, 0.9333333333333333500 ) ;
#4373 = FACE_OUTER_BOUND ( 'NONE', #302, .T. ) ;
#4374 = FACE_OUTER_BOUND ( 'NONE', #3497, .T. ) ;
#4375 = CARTESIAN_POINT ( 'NONE',  ( 4.194641597934187300, 9.923166996255266900, 12.50000000000000200 ) ) ;
#4376 = EDGE_CURVE ( 'NONE', #8451, #8996, #9439, .T. ) ;
#4377 = CARTESIAN_POINT ( 'NONE',  ( 3.462499999999991000, 1.827774078792768100, -6.400000000000001200 ) ) ;
#4378 = VERTEX_POINT ( 'NONE', #9185 ) ;
#4379 = DIRECTION ( 'NONE',  ( -0.4265687399014589400, 0.9044551454543676700, 0.0000000000000000000 ) ) ;
#4380 = AXIS2_PLACEMENT_3D ( 'NONE', #2649, #10734, #10696 ) ;
#4381 = EDGE_CURVE ( 'NONE', #9021, #6192, #6158, .T. ) ;
#4382 = VECTOR ( 'NONE', #8718, 1000.000000000000000 ) ;
#4383 = ORIENTED_EDGE ( 'NONE', *, *, #9586, .F. ) ;
#4384 = FACE_OUTER_BOUND ( 'NONE', #10342, .T. ) ;
#4385 = VECTOR ( 'NONE', #8836, 1000.000000000000100 ) ;
#4386 = CARTESIAN_POINT ( 'NONE',  ( -7.875000000000000000, 7.825000000000000200, -8.199999999999994000 ) ) ;
#4387 = LINE ( 'NONE', #5823, #11090 ) ;
#4388 = FACE_OUTER_BOUND ( 'NONE', #3175, .T. ) ;
#4389 = ADVANCED_FACE ( 'NONE', ( #9994 ), #8341, .F. ) ;
#4390 = DIRECTION ( 'NONE',  ( -0.0000000000000000000, 0.0000000000000000000, 1.000000000000000000 ) ) ;
#4391 = CARTESIAN_POINT ( 'NONE',  ( -1.788317974637186700, 9.443748174786378500, 10.20752060232476700 ) ) ;
#4392 = CARTESIAN_POINT ( 'NONE',  ( -8.309113651749974800, 1.883021205966680000, 9.950000000000001100 ) ) ;
#4393 = CIRCLE ( 'NONE', #5696, 1.000000000000000900 ) ;
#4394 = CARTESIAN_POINT ( 'NONE',  ( -1.740153877978051700, 9.399998989646013200, 4.200000000000113900 ) ) ;
#4395 = ORIENTED_EDGE ( 'NONE', *, *, #33, .F. ) ;
#4396 = LINE ( 'NONE', #1732, #10821 ) ;
#4397 = EDGE_CURVE ( 'NONE', #6801, #835, #7114, .T. ) ;
#4398 = DIRECTION ( 'NONE',  ( -0.1033761435547758700, -0.8126028824749383900, 0.5735764363510447200 ) ) ;
#4399 = VECTOR ( 'NONE', #11262, 999.9999999999998900 ) ;
#4400 = AXIS2_PLACEMENT_3D ( 'NONE', #7144, #5406, #10692 ) ;
#4401 = VECTOR ( 'NONE', #7340, 1000.000000000000000 ) ;
#4402 = LINE ( 'NONE', #10921, #9029 ) ;
#4404 = CARTESIAN_POINT ( 'NONE',  ( 3.515000000000002800, 7.825000000000000200, -8.200000000000001100 ) ) ;
#4403 = CARTESIAN_POINT ( 'NONE',  ( -9.999999999999996400, 8.000000000000000000, 11.35000000000000100 ) ) ;
#4405 = DIRECTION ( 'NONE',  ( 0.0000000000000000000, -0.0000000000000000000, 1.000000000000000000 ) ) ;
#4406 = VECTOR ( 'NONE', #2330, 1000.000000000000000 ) ;
#4407 = DIRECTION ( 'NONE',  ( 0.9920049496797154200, -0.1261989691358265700, -3.011300041641596900E-017 ) ) ;
#4408 = ORIENTED_EDGE ( 'NONE', *, *, #9167, .T. ) ;
#4409 = CIRCLE ( 'NONE', #10218, 3.214999999999999900 ) ;
#4410 = CARTESIAN_POINT ( 'NONE',  ( 4.750000000000066600, 8.000000000000000000, 8.450000000000001100 ) ) ;
#4411 = ADVANCED_FACE ( 'NONE', ( #11220 ), #6003, .T. ) ;
#4412 = ORIENTED_EDGE ( 'NONE', *, *, #5676, .T. ) ;
#4413 = EDGE_CURVE ( 'NONE', #4189, #6441, #7394, .T. ) ;
#4414 = LINE ( 'NONE', #6026, #2053 ) ;
#4415 = ORIENTED_EDGE ( 'NONE', *, *, #10489, .T. ) ;
#4416 = CARTESIAN_POINT ( 'NONE',  ( -1.662550703725274700, 9.329509229152996900, 16.80330080524904100 ) ) ;
#4417 = AXIS2_PLACEMENT_3D ( 'NONE', #11361, #9599, #9523 ) ;
#4418 = DIRECTION ( 'NONE',  ( 0.0000000000000000000, 0.0000000000000000000, -1.000000000000000000 ) ) ;
#4419 = DIRECTION ( 'NONE',  ( 0.0000000000000000000, -0.0000000000000000000, -1.000000000000000000 ) ) ;
#4420 = AXIS2_PLACEMENT_3D ( 'NONE', #5837, #5873, #10328 ) ;
#4421 = ORIENTED_EDGE ( 'NONE', *, *, #3372, .T. ) ;
#4422 = VECTOR ( 'NONE', #8454, 999.9999999999998900 ) ;
#4423 = ORIENTED_EDGE ( 'NONE', *, *, #4007, .T. ) ;
#4424 = CARTESIAN_POINT ( 'NONE',  ( -1.449034526683843800, 9.733879744213474800, 17.04716679393220200 ) ) ;
#4425 = ORIENTED_EDGE ( 'NONE', *, *, #3518, .F. ) ;
#4426 = EDGE_CURVE ( 'NONE', #2079, #4870, #10402, .T. ) ;
#4427 = DIRECTION ( 'NONE',  ( 1.000000000000000000, -0.0000000000000000000, -0.0000000000000000000 ) ) ;
#4428 = ORIENTED_EDGE ( 'NONE', *, *, #1077, .F. ) ;
#4429 = CARTESIAN_POINT ( 'NONE',  ( 0.0000000000000000000, 7.825000000000000200, 0.0000000000000000000 ) ) ;
#4430 = ORIENTED_EDGE ( 'NONE', *, *, #1659, .T. ) ;
#4431 = CARTESIAN_POINT ( 'NONE',  ( 8.350000000000067100, 8.000000000000000000, 8.450000000000001100 ) ) ;
#4432 = CARTESIAN_POINT ( 'NONE',  ( 3.004255071646475500, 8.796433938085819200, 16.57588816405454000 ) ) ;
#4433 = PLANE ( 'NONE',  #2663 ) ;
#4434 = LINE ( 'NONE', #7410, #3754 ) ;
#4435 = ORIENTED_EDGE ( 'NONE', *, *, #9470, .F. ) ;
#4436 = CARTESIAN_POINT ( 'NONE',  ( -8.450000000000001100, 8.000000000000000000, 9.950000000000114800 ) ) ;
#4437 = DIRECTION ( 'NONE',  ( 2.496005001405477600E-016, 0.0000000000000000000, 1.000000000000000000 ) ) ;
#4438 = EDGE_CURVE ( 'NONE', #10554, #9935, #3685, .T. ) ;
#4439 = ADVANCED_FACE ( 'NONE', ( #8059 ), #4235, .T. ) ;
#4440 = EDGE_CURVE ( 'NONE', #7471, #8837, #1600, .T. ) ;
#4441 = VERTEX_POINT ( 'NONE', #7571 ) ;
#4442 = DIRECTION ( 'NONE',  ( 0.0000000000000000000, 0.0000000000000000000, -1.000000000000000000 ) ) ;
#4443 = AXIS2_PLACEMENT_3D ( 'NONE', #8242, #10879, #2125 ) ;
#4444 = LINE ( 'NONE', #1488, #1810 ) ;
#4445 = EDGE_LOOP ( 'NONE', ( #5050, #309, #686, #6803, #6131, #4230, #9630, #4074 ) ) ;
#4446 = ORIENTED_EDGE ( 'NONE', *, *, #3388, .T. ) ;
#4447 = DIRECTION ( 'NONE',  ( 0.4265687399014589400, -0.9044551454543676700, 0.0000000000000000000 ) ) ;
#4448 = DIRECTION ( 'NONE',  ( -0.9920049496797153100, 0.1261989691358270700, 0.0000000000000000000 ) ) ;
#4449 = EDGE_LOOP ( 'NONE', ( #8409, #281, #7686, #9853 ) ) ;
#4450 = DIRECTION ( 'NONE',  ( -1.000000000000000000, 0.0000000000000000000, 1.079143686455245600E-015 ) ) ;
#4451 = LINE ( 'NONE', #2774, #169 ) ;
#4452 = EDGE_CURVE ( 'NONE', #9677, #1201, #5880, .T. ) ;
#4453 = ORIENTED_EDGE ( 'NONE', *, *, #5493, .F. ) ;
#4454 = ORIENTED_EDGE ( 'NONE', *, *, #9683, .F. ) ;
#4455 = DIRECTION ( 'NONE',  ( 1.000000000000000000, -0.0000000000000000000, 0.0000000000000000000 ) ) ;
#4456 = CARTESIAN_POINT ( 'NONE',  ( -7.350000000000001400, 1.600000000000000300, 10.95000000000000100 ) ) ;
#4457 = ADVANCED_FACE ( 'NONE', ( #2434 ), #1381, .F. ) ;
#4458 = ORIENTED_EDGE ( 'NONE', *, *, #1408, .T. ) ;
#4459 = DIRECTION ( 'NONE',  ( -0.0000000000000000000, 0.0000000000000000000, -1.000000000000000000 ) ) ;
#4460 = DIRECTION ( 'NONE',  ( -0.9920049496797154200, 0.1261989691358265700, 0.0000000000000000000 ) ) ;
#4461 = CARTESIAN_POINT ( 'NONE',  ( 7.950000000000000200, 0.4000000000000001900, 15.80000000000000100 ) ) ;
#4462 = LINE ( 'NONE', #9071, #8013 ) ;
#4463 = ORIENTED_EDGE ( 'NONE', *, *, #8858, .F. ) ;
#4464 = ORIENTED_EDGE ( 'NONE', *, *, #4948, .T. ) ;
#4465 = CARTESIAN_POINT ( 'NONE',  ( 8.350000000000001400, 1.599999999999999900, 4.950000000000000200 ) ) ;
#4466 = EDGE_CURVE ( 'NONE', #9015, #4232, #10538, .T. ) ;
#4467 = ORIENTED_EDGE ( 'NONE', *, *, #8073, .F. ) ;
#4468 = DIRECTION ( 'NONE',  ( 1.000000000000000000, 0.0000000000000000000, 0.0000000000000000000 ) ) ;
#4469 = CARTESIAN_POINT ( 'NONE',  ( 10.00000000000000200, 8.000000000000000000, 0.0000000000000000000 ) ) ;
#4470 = EDGE_CURVE ( 'NONE', #9266, #11281, #3272, .T. ) ;
#4471 = EDGE_LOOP ( 'NONE', ( #1947, #1151, #9476, #11077 ) ) ;
#4472 = AXIS2_PLACEMENT_3D ( 'NONE', #8530, #2346, #3168 ) ;
#4473 = VECTOR ( 'NONE', #4846, 1000.000000000000100 ) ;
#4474 = ORIENTED_EDGE ( 'NONE', *, *, #2111, .F. ) ;
#4475 = DIRECTION ( 'NONE',  ( -0.0000000000000000000, -1.000000000000000000, -0.0000000000000000000 ) ) ;
#4476 = VERTEX_POINT ( 'NONE', #11130 ) ;
#4477 = CARTESIAN_POINT ( 'NONE',  ( -9.999999999999996400, 8.000000000000000000, 15.80000000000000100 ) ) ;
#4478 = DIRECTION ( 'NONE',  ( 0.0000000000000000000, -0.0000000000000000000, 1.000000000000000000 ) ) ;
#4479 = CARTESIAN_POINT ( 'NONE',  ( -4.499999999999999100, 7.825000000000000200, -6.399999999999996800 ) ) ;
#4480 = ORIENTED_EDGE ( 'NONE', *, *, #10381, .T. ) ;
#4481 = CARTESIAN_POINT ( 'NONE',  ( -7.299999999999995400, 8.000000000000000000, 5.100000000000000500 ) ) ;
#4482 = CLOSED_SHELL ( 'NONE', ( #5297, #9924, #10627, #8414, #9232, #8220, #1329, #10048, #11286, #5541, #5670, #2132, #4974, #1603, #6068, #2637, #5987, #7823, #11116, #5269, #8196, #7388, #2608, #3347, #1970, #7405, #8258 ) ) ;
#4483 = VECTOR ( 'NONE', #8015, 1000.000000000000000 ) ;
#4484 = CYLINDRICAL_SURFACE ( 'NONE', #3592, 4.500000000000000000 ) ;
#4485 = ORIENTED_EDGE ( 'NONE', *, *, #7592, .F. ) ;
#4486 = EDGE_CURVE ( 'NONE', #7464, #6546, #1878, .T. ) ;
#4487 = CARTESIAN_POINT ( 'NONE',  ( 1.105825268713746200E-015, 7.825000000000000200, -10.94999999999999900 ) ) ;
#4488 = EDGE_CURVE ( 'NONE', #3719, #2760, #2155, .T. ) ;
#4489 = ORIENTED_EDGE ( 'NONE', *, *, #7374, .T. ) ;
#4490 = ADVANCED_FACE ( 'NONE', ( #5606 ), #6415, .T. ) ;
#4491 = ORIENTED_EDGE ( 'NONE', *, *, #5416, .T. ) ;
#4492 = EDGE_LOOP ( 'NONE', ( #2936, #8562, #11098, #2331 ) ) ;
#4493 =( BOUNDED_CURVE ( )  B_SPLINE_CURVE ( 3, ( #5582, #9191, #7352, #2980 ),
 .UNSPECIFIED., .F., .F. ) 
 B_SPLINE_CURVE_WITH_KNOTS ( ( 4, 4 ),
 ( 3.871320309816761900, 4.712388980384689700 ),
 .UNSPECIFIED. ) 
 CURVE ( )  GEOMETRIC_REPRESENTATION_ITEM ( )  RATIONAL_B_SPLINE_CURVE ( ( 1.000000000000000000, 0.9419139527835183000, 0.9419139527835183000, 1.000000000000000000 ) ) 
 REPRESENTATION_ITEM ( '' )  );
#4494 = PLANE ( 'NONE',  #8319 ) ;
#4495 = VECTOR ( 'NONE', #9289, 1000.000000000000000 ) ;
#4496 = LINE ( 'NONE', #5037, #633 ) ;
#4497 = DIRECTION ( 'NONE',  ( 1.000000000000000000, 0.0000000000000000000, -0.0000000000000000000 ) ) ;
#4498 = PLANE ( 'NONE',  #2870 ) ;
#4499 = B_SPLINE_CURVE_WITH_KNOTS ( 'NONE', 3,
 ( #6054, #1629, #778, #6942, #6129, #11379, #3447, #8807, #9575, #4339, #2549, #859, #8843, #5257, #3490, #10459 ),
 .UNSPECIFIED., .F., .F.,
 ( 4, 2, 2, 2, 2, 2, 2, 4 ),
 ( 2.572426045991797400E-007, 0.0008898219034175311600, 0.001779386564230463100, 0.003558515885856322300, 0.004448080546669249000, 0.005337645207482177500, 0.006227209868295104300, 0.007116774529108031900 ),
 .UNSPECIFIED. ) ;
#4500 = CIRCLE ( 'NONE', #5220, 0.3000000000000001600 ) ;
#4501 = CARTESIAN_POINT ( 'NONE',  ( 5.950000000000002000, 8.900000000000000400, 3.999999999999865000 ) ) ;
#4502 = EDGE_CURVE ( 'NONE', #1172, #10624, #7786, .T. ) ;
#4503 = COLOUR_RGB ( '',0.7921568627450980000, 0.8196078431372548800, 0.9333333333333333500 ) ;
#4504 = LINE ( 'NONE', #6442, #3958 ) ;
#4505 = ORIENTED_EDGE ( 'NONE', *, *, #8744, .T. ) ;
#4506 = DIRECTION ( 'NONE',  ( -1.000000000000000000, 0.0000000000000000000, -0.0000000000000000000 ) ) ;
#4507 = VERTEX_POINT ( 'NONE', #4238 ) ;
#4508 = CARTESIAN_POINT ( 'NONE',  ( -9.999999999999996400, 1.600000000000000100, 4.950000000000000200 ) ) ;
#4509 = VECTOR ( 'NONE', #318, 1000.000000000000000 ) ;
#4510 = VECTOR ( 'NONE', #3824, 1000.000000000000000 ) ;
#4511 = CARTESIAN_POINT ( 'NONE',  ( 0.0000000000000000000, 7.825000000000000200, 24.18285556752039200 ) ) ;
#4512 = VECTOR ( 'NONE', #8106, 1000.000000000000000 ) ;
#4513 = ORIENTED_EDGE ( 'NONE', *, *, #4343, .T. ) ;
#4514 = DIRECTION ( 'NONE',  ( 1.000000000000000000, 0.0000000000000000000, 0.0000000000000000000 ) ) ;
#4515 = LINE ( 'NONE', #5127, #4382 ) ;
#4516 = ORIENTED_EDGE ( 'NONE', *, *, #6046, .F. ) ;
#4517 = LINE ( 'NONE', #3500, #9855 ) ;
#4518 = VECTOR ( 'NONE', #1001, 1000.000000000000000 ) ;
#4519 = CARTESIAN_POINT ( 'NONE',  ( -3.927680589516822100, 11.96451637429937500, 2.200000000000114300 ) ) ;
#4520 = LINE ( 'NONE', #7649, #379 ) ;
#4521 = CARTESIAN_POINT ( 'NONE',  ( -3.927680589516822100, 11.96451637429937500, 6.200000000000113900 ) ) ;
#4522 = CONICAL_SURFACE ( 'NONE', #2804, 1.000000000000005600, 1.396263401595467800 ) ;
#4523 = EDGE_CURVE ( 'NONE', #8005, #253, #3403, .T. ) ;
#4524 = DIRECTION ( 'NONE',  ( 0.0000000000000000000, 0.0000000000000000000, 1.000000000000000000 ) ) ;
#4525 = DIRECTION ( 'NONE',  ( -1.000000000000000000, -0.0000000000000000000, -0.0000000000000000000 ) ) ;
#4526 = LINE ( 'NONE', #1229, #10678 ) ;
#4527 = DIRECTION ( 'NONE',  ( 0.7014534268891456900, -0.08923614685469430400, -0.7071067811865485700 ) ) ;
#4528 = VECTOR ( 'NONE', #6009, 1000.000000000000000 ) ;
#4529 = CARTESIAN_POINT ( 'NONE',  ( -4.160460300438268500, 3.036676780817884100, -7.752787962922408100 ) ) ;
#4530 = ORIENTED_EDGE ( 'NONE', *, *, #6940, .T. ) ;
#4531 = VECTOR ( 'NONE', #5358, 1000.000000000000000 ) ;
#4532 = FACE_OUTER_BOUND ( 'NONE', #10298, .T. ) ;
#4533 = CARTESIAN_POINT ( 'NONE',  ( 8.350000000000001400, 1.599999999999956600, 11.19999999999999800 ) ) ;
#4534 = DIRECTION ( 'NONE',  ( 0.0000000000000000000, 0.0000000000000000000, 1.000000000000000000 ) ) ;
#4535 = DIRECTION ( 'NONE',  ( -0.2830212059666797300, -0.9591136517499718700, 0.0000000000000000000 ) ) ;
#4536 = EDGE_CURVE ( 'NONE', #9911, #5263, #7646, .T. ) ;
#4537 = LINE ( 'NONE', #11394, #10983 ) ;
#4538 = CARTESIAN_POINT ( 'NONE',  ( -8.450000000000001100, 8.223606797749978300, 10.72639320225013600 ) ) ;
#4539 = VERTEX_POINT ( 'NONE', #1563 ) ;
#4540 = AXIS2_PLACEMENT_3D ( 'NONE', #3586, #8011, #9851 ) ;
#4541 = EDGE_CURVE ( 'NONE', #9036, #9383, #6270, .T. ) ;
#4542 = FACE_OUTER_BOUND ( 'NONE', #2657, .T. ) ;
#4543 = DIRECTION ( 'NONE',  ( 1.000000000000000000, -0.0000000000000000000, 0.0000000000000000000 ) ) ;
#4544 = DIRECTION ( 'NONE',  ( -1.000000000000000000, 0.0000000000000000000, 0.0000000000000000000 ) ) ;
#4545 = DIRECTION ( 'NONE',  ( 1.000000000000000000, 0.0000000000000000000, 0.0000000000000000000 ) ) ;
#4546 = ORIENTED_EDGE ( 'NONE', *, *, #9713, .F. ) ;
#4547 = DIRECTION ( 'NONE',  ( 0.0000000000000000000, 0.0000000000000000000, -1.000000000000000000 ) ) ;
#4548 = VECTOR ( 'NONE', #1491, 1000.000000000000000 ) ;
#4549 = ADVANCED_FACE ( 'NONE', ( #3817 ), #3261, .T. ) ;
#4550 = ORIENTED_EDGE ( 'NONE', *, *, #3372, .F. ) ;
#4551 = CARTESIAN_POINT ( 'NONE',  ( 7.300000000000002500, 8.000000000000000000, 5.100000000000000500 ) ) ;
#4552 = LINE ( 'NONE', #2239, #10707 ) ;
#4553 = EDGE_LOOP ( 'NONE', ( #6501, #1333, #5829, #1053 ) ) ;
#4554 = VERTEX_POINT ( 'NONE', #8628 ) ;
#4555 = EDGE_CURVE ( 'NONE', #3510, #7608, #8874, .T. ) ;
#4556 = DIRECTION ( 'NONE',  ( 1.000000000000000000, -0.0000000000000000000, -0.0000000000000000000 ) ) ;
#4557 = EDGE_CURVE ( 'NONE', #2808, #5502, #1456, .T. ) ;
#4558 = EDGE_LOOP ( 'NONE', ( #8585, #7618, #278, #3621 ) ) ;
#4559 = CARTESIAN_POINT ( 'NONE',  ( -5.934495871357659000, 9.540603475915267100, -7.848247762264799500 ) ) ;
#4560 = CARTESIAN_POINT ( 'NONE',  ( -7.299999999999995400, 8.000000000000000000, 5.100000000000000500 ) ) ;
#4561 = AXIS2_PLACEMENT_3D ( 'NONE', #10645, #5403, #7210 ) ;
#4562 = ORIENTED_EDGE ( 'NONE', *, *, #10212, .T. ) ;
#4563 = CYLINDRICAL_SURFACE ( 'NONE', #9257, 1.599999999999999900 ) ;
#4564 = VERTEX_POINT ( 'NONE', #11283 ) ;
#4565 = ORIENTED_EDGE ( 'NONE', *, *, #6491, .F. ) ;
#4566 = ORIENTED_EDGE ( 'NONE', *, *, #2927, .F. ) ;
#4567 = PLANE ( 'NONE',  #7349 ) ;
#4568 = DIRECTION ( 'NONE',  ( 0.0000000000000000000, 1.000000000000000000, 0.0000000000000000000 ) ) ;
#4569 = DIRECTION ( 'NONE',  ( -0.0000000000000000000, -1.000000000000000000, -0.0000000000000000000 ) ) ;
#4570 = EDGE_CURVE ( 'NONE', #3877, #4874, #4496, .T. ) ;
#4571 = ADVANCED_FACE ( 'NONE', ( #10261 ), #576, .T. ) ;
#4572 = DIRECTION ( 'NONE',  ( 0.4265687399014593800, -0.9044551454543674500, 0.0000000000000000000 ) ) ;
#4573 = DIRECTION ( 'NONE',  ( -1.579750383876800900E-015, 0.0000000000000000000, -1.000000000000000000 ) ) ;
#4574 = FACE_BOUND ( 'NONE', #5548, .T. ) ;
#4575 = EDGE_LOOP ( 'NONE', ( #10632, #8870, #523, #10655 ) ) ;
#4576 = ORIENTED_EDGE ( 'NONE', *, *, #3195, .T. ) ;
#4577 = DIRECTION ( 'NONE',  ( -1.000000000000000000, 0.0000000000000000000, 0.0000000000000000000 ) ) ;
#4578 = VERTEX_POINT ( 'NONE', #9369 ) ;
#4579 = CARTESIAN_POINT ( 'NONE',  ( -4.837073890375361200, 11.78284682717160900, 16.97639320225013300 ) ) ;
#4580 = CARTESIAN_POINT ( 'NONE',  ( -8.350000000000001400, 9.360147050873548500, 3.550000000000001200 ) ) ;
#4581 = DIRECTION ( 'NONE',  ( 1.000000000000000000, 0.0000000000000000000, -5.507058653894630800E-016 ) ) ;
#4582 = VECTOR ( 'NONE', #2966, 1000.000000000000000 ) ;
#4583 = ORIENTED_EDGE ( 'NONE', *, *, #416, .F. ) ;
#4584 = ORIENTED_EDGE ( 'NONE', *, *, #6293, .F. ) ;
#4585 = EDGE_CURVE ( 'NONE', #10234, #9263, #7098, .T. ) ;
#4586 = VERTEX_POINT ( 'NONE', #8491 ) ;
#4587 = PLANE ( 'NONE',  #2850 ) ;
#4588 = CARTESIAN_POINT ( 'NONE',  ( -9.999999999999996400, 3.299999999999912800, 17.44999999999999600 ) ) ;
#4589 = LINE ( 'NONE', #2235, #7744 ) ;
#4590 = VERTEX_POINT ( 'NONE', #2379 ) ;
#4591 = CARTESIAN_POINT ( 'NONE',  ( -6.371191050462110500, 8.784225238285975100, -7.689874850355498600 ) ) ;
#4592 = DIRECTION ( 'NONE',  ( 0.0000000000000000000, -0.0000000000000000000, 1.000000000000000000 ) ) ;
#4593 = EDGE_LOOP ( 'NONE', ( #10726, #6771 ) ) ;
#4594 = CARTESIAN_POINT ( 'NONE',  ( -2.610512356868664300, 10.78889192452703600, 18.33250000000011300 ) ) ;
#4595 = VERTEX_POINT ( 'NONE', #8593 ) ;
#4596 = EDGE_CURVE ( 'NONE', #6646, #9066, #4920, .T. ) ;
#4597 = ADVANCED_FACE ( 'NONE', ( #5868 ), #5117, .T. ) ;
#4598 = ORIENTED_EDGE ( 'NONE', *, *, #9252, .T. ) ;
#4599 = VECTOR ( 'NONE', #6784, 1000.000000000000000 ) ;
#4600 = ORIENTED_EDGE ( 'NONE', *, *, #2065, .T. ) ;
#4601 = DIRECTION ( 'NONE',  ( 0.0000000000000000000, 1.000000000000000000, 0.0000000000000000000 ) ) ;
#4602 = DIRECTION ( 'NONE',  ( -0.9920049496797154200, 0.1261989691358265700, 1.531799377548433800E-018 ) ) ;
#4603 = VERTEX_POINT ( 'NONE', #875 ) ;
#4604 = DIRECTION ( 'NONE',  ( 0.0000000000000000000, 0.0000000000000000000, 1.000000000000000000 ) ) ;
#4605 = CARTESIAN_POINT ( 'NONE',  ( 8.350000000000001400, 3.299999999999912800, 17.44999999999999600 ) ) ;
#4606 = ORIENTED_EDGE ( 'NONE', *, *, #1572, .T. ) ;
#4607 = ORIENTED_EDGE ( 'NONE', *, *, #8461, .F. ) ;
#4608 = CYLINDRICAL_SURFACE ( 'NONE', #7240, 3.214999999999999900 ) ;
#4609 = VECTOR ( 'NONE', #6361, 1000.000000000000000 ) ;
#4610 = ORIENTED_EDGE ( 'NONE', *, *, #1538, .T. ) ;
#4611 = ORIENTED_EDGE ( 'NONE', *, *, #1457, .T. ) ;
#4612 = CARTESIAN_POINT ( 'NONE',  ( -4.808410434011671300, 11.69930618132521600, 17.06417890370276800 ) ) ;
#4613 = EDGE_CURVE ( 'NONE', #3324, #10786, #4778, .T. ) ;
#4614 = DIRECTION ( 'NONE',  ( 1.000000000000000000, 0.0000000000000000000, 0.0000000000000000000 ) ) ;
#4615 = DIRECTION ( 'NONE',  ( 0.0000000000000000000, -0.0000000000000000000, 1.000000000000000000 ) ) ;
#4616 = CARTESIAN_POINT ( 'NONE',  ( -4.808410434011671300, 11.69930618132521600, 3.835821096297462600 ) ) ;
#4617 = EDGE_CURVE ( 'NONE', #8814, #1555, #10528, .T. ) ;
#4618 = EDGE_LOOP ( 'NONE', ( #11047, #10730, #4836, #108 ) ) ;
#4619 = DIRECTION ( 'NONE',  ( -1.000000000000000000, 0.0000000000000000000, -3.614007241618350200E-016 ) ) ;
#4620 = AXIS2_PLACEMENT_3D ( 'NONE', #10064, #1375, #3121 ) ;
#4621 = ORIENTED_EDGE ( 'NONE', *, *, #7311, .F. ) ;
#4622 = LINE ( 'NONE', #879, #1445 ) ;
#4623 = VECTOR ( 'NONE', #6642, 1000.000000000000000 ) ;
#4624 = VERTEX_POINT ( 'NONE', #7831 ) ;
#4625 = ADVANCED_FACE ( 'NONE', ( #1188 ), #6106, .F. ) ;
#4626 = VECTOR ( 'NONE', #1607, 1000.000000000000000 ) ;
#4627 = DIRECTION ( 'NONE',  ( -4.818676322157795400E-016, 0.0000000000000000000, -1.000000000000000000 ) ) ;
#4628 = DIRECTION ( 'NONE',  ( 1.000000000000000000, 4.370531930143744100E-014, 0.0000000000000000000 ) ) ;
#4629 = CARTESIAN_POINT ( 'NONE',  ( 4.750000000000001800, 8.400000000000000400, 2.199999999999999300 ) ) ;
#4630 = DIRECTION ( 'NONE',  ( 1.000000000000000000, 0.0000000000000000000, 0.0000000000000000000 ) ) ;
#4631 = ORIENTED_EDGE ( 'NONE', *, *, #3164, .T. ) ;
#4632 = LINE ( 'NONE', #9857, #11203 ) ;
#4633 = EDGE_CURVE ( 'NONE', #1442, #483, #8473, .T. ) ;
#4634 = DIRECTION ( 'NONE',  ( -1.000000000000000000, 0.0000000000000000000, -6.938893903907228400E-016 ) ) ;
#4635 = ADVANCED_FACE ( 'NONE', ( #2694 ), #9700, .T. ) ;
#4636 = AXIS2_PLACEMENT_3D ( 'NONE', #7903, #6147, #7866 ) ;
#4637 = VECTOR ( 'NONE', #4059, 1000.000000000000000 ) ;
#4638 = AXIS2_PLACEMENT_3D ( 'NONE', #3159, #607, #5878 ) ;
#4639 =( LENGTH_UNIT ( ) NAMED_UNIT ( * ) SI_UNIT ( .MILLI., .METRE. ) );
#4640 = ORIENTED_EDGE ( 'NONE', *, *, #6004, .F. ) ;
#4641 = CARTESIAN_POINT ( 'NONE',  ( -8.350000000000001400, 0.3999999999999993000, 3.550000000000001200 ) ) ;
#4642 = VECTOR ( 'NONE', #1358, 1000.000000000000000 ) ;
#4643 = DIRECTION ( 'NONE',  ( -0.1261989691358268200, -0.9920049496797155300, 0.0000000000000000000 ) ) ;
#4644 = ORIENTED_EDGE ( 'NONE', *, *, #2988, .T. ) ;
#4645 = CIRCLE ( 'NONE', #10527, 3.214999999999999900 ) ;
#4646 = VECTOR ( 'NONE', #5465, 1000.000000000000100 ) ;
#4647 = CARTESIAN_POINT ( 'NONE',  ( -8.414611063213548900, 8.057789891777611400, 10.89221010822250300 ) ) ;
#4648 = LINE ( 'NONE', #8215, #2302 ) ;
#4649 = FACE_OUTER_BOUND ( 'NONE', #8301, .T. ) ;
#4650 = EDGE_CURVE ( 'NONE', #3324, #9366, #9294, .T. ) ;
#4651 = CARTESIAN_POINT ( 'NONE',  ( 7.950000000000000200, -1.843908891458577100, 15.80000000000000100 ) ) ;
#4652 = LINE ( 'NONE', #2938, #11092 ) ;
#4653 = EDGE_CURVE ( 'NONE', #9345, #1409, #11357, .T. ) ;
#4654 = DIRECTION ( 'NONE',  ( 0.0000000000000000000, -0.0000000000000000000, 1.000000000000000000 ) ) ;
#4655 = DIRECTION ( 'NONE',  ( 5.193444290204190200E-016, -9.404822749580276000E-017, -1.000000000000000000 ) ) ;
#4656 = LINE ( 'NONE', #2749, #5889 ) ;
#4657 = DIRECTION ( 'NONE',  ( 1.000000000000000000, -0.0000000000000000000, -0.0000000000000000000 ) ) ;
#4658 = ORIENTED_EDGE ( 'NONE', *, *, #6685, .T. ) ;
#4659 = AXIS2_PLACEMENT_3D ( 'NONE', #10098, #333, #371 ) ;
#4660 = ORIENTED_EDGE ( 'NONE', *, *, #8211, .T. ) ;
#4661 = CARTESIAN_POINT ( 'NONE',  ( 7.950000000000000200, 3.100000000000000500, 4.700000000000002000 ) ) ;
#4662 = ADVANCED_FACE ( 'NONE', ( #6691, #11079 ), #10476, .F. ) ;
#4663 = CARTESIAN_POINT ( 'NONE',  ( 4.960612219186875100, 9.825723225615183400, -2.879138655913817300E-016 ) ) ;
#4664 = FACE_OUTER_BOUND ( 'NONE', #4186, .T. ) ;
#4665 = VECTOR ( 'NONE', #9437, 1000.000000000000000 ) ;
#4666 = CARTESIAN_POINT ( 'NONE',  ( -3.300000000000005600, 3.600000000000000100, 1.949999999999993500 ) ) ;
#4667 = LINE ( 'NONE', #3006, #9309 ) ;
#4668 = FACE_BOUND ( 'NONE', #1902, .T. ) ;
#4669 = VERTEX_POINT ( 'NONE', #9594 ) ;
#4671 = DIRECTION ( 'NONE',  ( 1.000000000000000000, -0.0000000000000000000, 0.0000000000000000000 ) ) ;
#4670 = DIRECTION ( 'NONE',  ( 0.0000000000000000000, 0.0000000000000000000, 1.000000000000000000 ) ) ;
#4672 = VECTOR ( 'NONE', #7739, 1000.000000000000000 ) ;
#4673 = ORIENTED_EDGE ( 'NONE', *, *, #5646, .F. ) ;
#4674 = DIRECTION ( 'NONE',  ( 0.0000000000000000000, 0.0000000000000000000, 1.000000000000000000 ) ) ;
#4675 = EDGE_CURVE ( 'NONE', #6735, #10241, #9018, .T. ) ;
#4676 = AXIS2_PLACEMENT_3D ( 'NONE', #10451, #11258, #5214 ) ;
#4678 = CARTESIAN_POINT ( 'NONE',  ( 4.403554195056584400E-014, 7.825000000000000200, 22.67500000000000400 ) ) ;
#4677 = LINE ( 'NONE', #8670, #3858 ) ;
#4679 = CARTESIAN_POINT ( 'NONE',  ( -5.493317281818449700, 12.93985310985218700, 17.20000000000011300 ) ) ;
#4680 = ORIENTED_EDGE ( 'NONE', *, *, #4613, .F. ) ;
#4681 = CARTESIAN_POINT ( 'NONE',  ( 8.350000000000001400, -3.350000000000042700, 10.45000000000011500 ) ) ;
#4682 = DIRECTION ( 'NONE',  ( -1.000000000000000000, -0.0000000000000000000, -0.0000000000000000000 ) ) ;
#4683 = DIRECTION ( 'NONE',  ( 0.0000000000000000000, 1.000000000000000000, 0.0000000000000000000 ) ) ;
#4684 = FACE_OUTER_BOUND ( 'NONE', #9199, .T. ) ;
#4685 = EDGE_LOOP ( 'NONE', ( #9479, #6955, #7635, #7333 ) ) ;
#4686 = ADVANCED_FACE ( 'NONE', ( #353 ), #9696, .T. ) ;
#4687 = DIRECTION ( 'NONE',  ( -0.0000000000000000000, -0.0000000000000000000, 1.000000000000000000 ) ) ;
#4688 = CARTESIAN_POINT ( 'NONE',  ( -5.674208310909324200, 12.85453936187189900, 16.42360679775009700 ) ) ;
#4689 = EDGE_CURVE ( 'NONE', #2152, #4539, #2139, .T. ) ;
#4690 = CARTESIAN_POINT ( 'NONE',  ( 0.0000000000000000000, 8.000000000000000000, 8.349999999999999600 ) ) ;
#4691 = VERTEX_POINT ( 'NONE', #3427 ) ;
#4692 = AXIS2_PLACEMENT_3D ( 'NONE', #8794, #2070, #5617 ) ;
#4693 = EDGE_CURVE ( 'NONE', #8710, #4344, #2007, .T. ) ;
#4694 = CYLINDRICAL_SURFACE ( 'NONE', #11318, 0.9999999999999983300 ) ;
#4695 = CARTESIAN_POINT ( 'NONE',  ( -6.850000000000002300, 12.30000000000000100, 8.450000000000113000 ) ) ;
#4696 = VERTEX_POINT ( 'NONE', #3465 ) ;
#4697 = CARTESIAN_POINT ( 'NONE',  ( -8.350000000000001400, 3.299999999999999800, 17.44999999999999900 ) ) ;
#4698 = CIRCLE ( 'NONE', #10431, 3.214999999999999900 ) ;
#4699 = ORIENTED_EDGE ( 'NONE', *, *, #3589, .F. ) ;
#4700 = DIRECTION ( 'NONE',  ( -1.000000000000000000, -0.0000000000000000000, -0.0000000000000000000 ) ) ;
#4701 = DIRECTION ( 'NONE',  ( 0.0000000000000000000, -0.0000000000000000000, 1.000000000000000000 ) ) ;
#4702 = ADVANCED_FACE ( 'NONE', ( #4373 ), #7067, .F. ) ;
#4703 = ORIENTED_EDGE ( 'NONE', *, *, #10574, .T. ) ;
#4704 = DIRECTION ( 'NONE',  ( -1.000000000000000000, 0.0000000000000000000, 2.496005001405477600E-016 ) ) ;
#4705 = ORIENTED_EDGE ( 'NONE', *, *, #3288, .T. ) ;
#4706 = CARTESIAN_POINT ( 'NONE',  ( -4.832135734971188900, 11.53794763439791800, 2.200000000000114300 ) ) ;
#4707 = ORIENTED_EDGE ( 'NONE', *, *, #9203, .T. ) ;
#4708 = DIRECTION ( 'NONE',  ( -4.034240641806528900E-016, -1.000000000000000000, -0.0000000000000000000 ) ) ;
#4709 = EDGE_LOOP ( 'NONE', ( #8294, #7821, #9633, #9054 ) ) ;
#4710 = FACE_OUTER_BOUND ( 'NONE', #6974, .T. ) ;
#4711 = ORIENTED_EDGE ( 'NONE', *, *, #4488, .T. ) ;
#4712 = EDGE_CURVE ( 'NONE', #1255, #8149, #1588, .T. ) ;
#4714 = CARTESIAN_POINT ( 'NONE',  ( 6.648974508221141600, 9.207712619315408600, 14.70000000000011700 ) ) ;
#4713 = CARTESIAN_POINT ( 'NONE',  ( -8.350000000000001400, 0.4000000000000001900, 3.300000000000114400 ) ) ;
#4715 = CARTESIAN_POINT ( 'NONE',  ( 7.950000000000000200, 0.4000000000000001900, 3.300000000000000700 ) ) ;
#4716 = AXIS2_PLACEMENT_3D ( 'NONE', #9818, #10591, #5380 ) ;
#4717 = CARTESIAN_POINT ( 'NONE',  ( -3.462500000000003500, 1.827774078792768100, -7.274999999999975500 ) ) ;
#4718 = AXIS2_PLACEMENT_3D ( 'NONE', #1897, #8037, #3646 ) ;
#4719 = CARTESIAN_POINT ( 'NONE',  ( 3.210233636357317200, 8.000000000000023100, 20.85000000000000100 ) ) ;
#4720 = VERTEX_POINT ( 'NONE', #3547 ) ;
#4721 = DIRECTION ( 'NONE',  ( 0.0000000000000000000, 0.0000000000000000000, -1.000000000000000000 ) ) ;
#4722 = CIRCLE ( 'NONE', #5734, 3.214999999999999900 ) ;
#4723 = EDGE_LOOP ( 'NONE', ( #7621, #9885, #9739, #2912 ) ) ;
#4724 = ORIENTED_EDGE ( 'NONE', *, *, #4820, .T. ) ;
#4725 = ADVANCED_FACE ( 'NONE', ( #8336 ), #5452, .F. ) ;
#4726 = DIRECTION ( 'NONE',  ( -0.2830212059666797300, -0.9591136517499718700, 0.0000000000000000000 ) ) ;
#4727 = EDGE_CURVE ( 'NONE', #10718, #2791, #8743, .T. ) ;
#4728 = ORIENTED_EDGE ( 'NONE', *, *, #671, .T. ) ;
#4729 = DIRECTION ( 'NONE',  ( -1.579750383876801700E-015, -0.0000000000000000000, -1.000000000000000000 ) ) ;
#4730 = MECHANICAL_DESIGN_GEOMETRIC_PRESENTATION_REPRESENTATION (  '', ( #1542 ), #8464 ) ;
#4731 = CARTESIAN_POINT ( 'NONE',  ( 4.500000000000000000, 7.825000000000000200, 20.85000000000000100 ) ) ;
#4732 = AXIS2_PLACEMENT_3D ( 'NONE', #2158, #7279, #2047 ) ;
#4733 = VECTOR ( 'NONE', #3294, 1000.000000000000100 ) ;
#4734 = VERTEX_POINT ( 'NONE', #1982 ) ;
#4735 = DIRECTION ( 'NONE',  ( -0.1261989691358260900, -0.9920049496797155300, 0.0000000000000000000 ) ) ;
#4736 = VERTEX_POINT ( 'NONE', #9775 ) ;
#4737 = CARTESIAN_POINT ( 'NONE',  ( -7.350000000000001400, 1.600000000000000300, 16.20000000000000300 ) ) ;
#4738 = CARTESIAN_POINT ( 'NONE',  ( -4.499999999999999100, 7.825000000000000200, 7.843967021808172000E-016 ) ) ;
#4739 = ORIENTED_EDGE ( 'NONE', *, *, #1675, .T. ) ;
#4740 = CARTESIAN_POINT ( 'NONE',  ( -7.950000000000000200, 3.100000000000000500, 17.20000000000000300 ) ) ;
#4741 = CARTESIAN_POINT ( 'NONE',  ( -7.874999999999998200, 7.825000000000000200, -4.499999999999992900 ) ) ;
#4742 = LINE ( 'NONE', #9918, #3227 ) ;
#4743 = EDGE_CURVE ( 'NONE', #10324, #9263, #3943, .T. ) ;
#4744 = ORIENTED_EDGE ( 'NONE', *, *, #9192, .F. ) ;
#4745 = DIRECTION ( 'NONE',  ( 0.0000000000000000000, 1.000000000000000000, 0.0000000000000000000 ) ) ;
#4746 = ORIENTED_EDGE ( 'NONE', *, *, #4849, .F. ) ;
#4747 = AXIS2_PLACEMENT_3D ( 'NONE', #1776, #9788, #2742 ) ;
#4748 = ADVANCED_FACE ( 'NONE', ( #7921 ), #8968, .F. ) ;
#4750 = PLANE ( 'NONE',  #724 ) ;
#4749 = DIRECTION ( 'NONE',  ( 1.000000000000000000, 0.0000000000000000000, 0.0000000000000000000 ) ) ;
#4751 = VERTEX_POINT ( 'NONE', #209 ) ;
#4752 = DIRECTION ( 'NONE',  ( 0.0000000000000000000, 0.0000000000000000000, 1.000000000000000000 ) ) ;
#4753 = CARTESIAN_POINT ( 'NONE',  ( -1.449034526683843800, 9.733879744213474800, 10.10283320606802000 ) ) ;
#4754 = ORIENTED_EDGE ( 'NONE', *, *, #1589, .T. ) ;
#4755 = CYLINDRICAL_SURFACE ( 'NONE', #991, 1.499999999999999600 ) ;
#4756 = ORIENTED_EDGE ( 'NONE', *, *, #9067, .T. ) ;
#4757 = ORIENTED_EDGE ( 'NONE', *, *, #9550, .F. ) ;
#4758 = ADVANCED_FACE ( 'NONE', ( #7381 ), #6363, .F. ) ;
#4759 = EDGE_CURVE ( 'NONE', #7778, #713, #6977, .T. ) ;
#4760 = AXIS2_PLACEMENT_3D ( 'NONE', #10352, #9504, #10387 ) ;
#4761 = EDGE_CURVE ( 'NONE', #6135, #3445, #9346, .T. ) ;
#4762 = CARTESIAN_POINT ( 'NONE',  ( 7.900000000000114900, 7.949999999999998400, 11.35000000000000100 ) ) ;
#4763 = CARTESIAN_POINT ( 'NONE',  ( 8.350000000000001400, 3.299999999999912800, 15.94999999999999900 ) ) ;
#4764 = VERTEX_POINT ( 'NONE', #1946 ) ;
#4765 = DIRECTION ( 'NONE',  ( 1.000000000000000000, 0.0000000000000000000, 0.0000000000000000000 ) ) ;
#4766 = CIRCLE ( 'NONE', #3577, 7.674999999999998000 ) ;
#4767 = FACE_OUTER_BOUND ( 'NONE', #120, .T. ) ;
#4768 = ORIENTED_EDGE ( 'NONE', *, *, #4712, .T. ) ;
#4769 = DIRECTION ( 'NONE',  ( 0.0000000000000000000, 0.0000000000000000000, -1.000000000000000000 ) ) ;
#4770 = PLANE ( 'NONE',  #4063 ) ;
#4771 = DIRECTION ( 'NONE',  ( -0.0000000000000000000, -2.312964634635742700E-015, -1.000000000000000000 ) ) ;
#4772 = CARTESIAN_POINT ( 'NONE',  ( 6.648974508221139800, 9.207712619315408600, 14.70000000000011700 ) ) ;
#4773 = VERTEX_POINT ( 'NONE', #55 ) ;
#4774 = DIRECTION ( 'NONE',  ( -0.0000000000000000000, -0.0000000000000000000, 1.000000000000000000 ) ) ;
#4775 = ORIENTED_EDGE ( 'NONE', *, *, #9743, .T. ) ;
#4776 = CARTESIAN_POINT ( 'NONE',  ( -8.450000000000001100, 8.223606797749978300, 10.72639320225013600 ) ) ;
#4777 = VECTOR ( 'NONE', #2606, 1000.000000000000000 ) ;
#4778 = LINE ( 'NONE', #4461, #8194 ) ;
#4779 = DIRECTION ( 'NONE',  ( 0.0000000000000000000, 0.0000000000000000000, -1.000000000000000000 ) ) ;
#4780 = CARTESIAN_POINT ( 'NONE',  ( 8.350000000000001400, 9.360147050873548500, 17.35000000000011500 ) ) ;
#4781 = DIRECTION ( 'NONE',  ( -1.000000000000000000, 0.0000000000000000000, -1.032573497605242200E-016 ) ) ;
#4782 = EDGE_CURVE ( 'NONE', #10877, #7889, #2986, .T. ) ;
#4783 = VECTOR ( 'NONE', #10870, 1000.000000000000000 ) ;
#4784 = SURFACE_STYLE_USAGE ( .BOTH. , #3904 ) ;
#4785 = EDGE_CURVE ( 'NONE', #9705, #8804, #4225, .T. ) ;
#4786 = AXIS2_PLACEMENT_3D ( 'NONE', #1218, #3032, #2092 ) ;
#4787 = PRESENTATION_STYLE_ASSIGNMENT (( #10662 ) ) ;
#4788 = LINE ( 'NONE', #9076, #9722 ) ;
#4789 = ORIENTED_EDGE ( 'NONE', *, *, #6570, .T. ) ;
#4790 = ORIENTED_EDGE ( 'NONE', *, *, #11232, .F. ) ;
#4791 = LINE ( 'NONE', #129, #365 ) ;
#4792 = LINE ( 'NONE', #11053, #3962 ) ;
#4793 = DIRECTION ( 'NONE',  ( -1.000000000000000000, 0.0000000000000000000, 0.0000000000000000000 ) ) ;
#4794 = CARTESIAN_POINT ( 'NONE',  ( -5.000000000000004400, 3.600000000000000100, 18.74999999999999600 ) ) ;
#4795 = LINE ( 'NONE', #1621, #3004 ) ;
#4796 = ORIENTED_EDGE ( 'NONE', *, *, #4440, .F. ) ;
#4797 = EDGE_CURVE ( 'NONE', #7071, #11387, #1865, .T. ) ;
#4798 = VECTOR ( 'NONE', #9453, 1000.000000000000000 ) ;
#4799 = CARTESIAN_POINT ( 'NONE',  ( 10.00000000000000000, 0.0000000000000000000, 17.60000000000000100 ) ) ;
#4800 = ORIENTED_EDGE ( 'NONE', *, *, #2923, .T. ) ;
#4801 = STYLED_ITEM ( 'NONE', ( #2471 ), #545 ) ;
#4802 = FACE_OUTER_BOUND ( 'NONE', #5864, .T. ) ;
#4803 = FACE_OUTER_BOUND ( 'NONE', #11271, .T. ) ;
#4804 = AXIS2_PLACEMENT_3D ( 'NONE', #1684, #7009, #8714 ) ;
#4805 = VECTOR ( 'NONE', #5810, 1000.000000000000000 ) ;
#4806 = LINE ( 'NONE', #10880, #663 ) ;
#4807 = FILL_AREA_STYLE_COLOUR ( '', #7047 ) ;
#4808 = DIRECTION ( 'NONE',  ( -1.579750383876801700E-015, 0.0000000000000000000, -1.000000000000000000 ) ) ;
#4809 = VECTOR ( 'NONE', #7566, 1000.000000000000000 ) ;
#4810 = ADVANCED_FACE ( 'NONE', ( #5589 ), #7102, .F. ) ;
#4811 = CARTESIAN_POINT ( 'NONE',  ( 7.350000000000001400, 1.600000000000000300, 4.700000000000002000 ) ) ;
#4812 = ORIENTED_EDGE ( 'NONE', *, *, #5676, .F. ) ;
#4813 = FILL_AREA_STYLE ('',( #2020 ) ) ;
#4814 = LINE ( 'NONE', #1434, #4406 ) ;
#4815 = CARTESIAN_POINT ( 'NONE',  ( 4.194641597934171400, 9.923166996255259800, 18.33250000000011300 ) ) ;
#4816 = VERTEX_POINT ( 'NONE', #2764 ) ;
#4817 = CARTESIAN_POINT ( 'NONE',  ( -7.950000000000000200, 0.4000000000000001900, 9.550000000000114400 ) ) ;
#4818 = LINE ( 'NONE', #7127, #11246 ) ;
#4819 = TOROIDAL_SURFACE ( 'NONE', #2054, 0.2000000000001241300, 0.5000000000000000000 ) ;
#4820 = EDGE_CURVE ( 'NONE', #7542, #9677, #4632, .T. ) ;
#4821 = DIRECTION ( 'NONE',  ( 0.0000000000000000000, 0.0000000000000000000, -1.000000000000000000 ) ) ;
#4822 = AXIS2_PLACEMENT_3D ( 'NONE', #5762, #5831, #6715 ) ;
#4823 = CARTESIAN_POINT ( 'NONE',  ( 1.162765584358865800, 9.140084288325327900, 17.04414586181074000 ) ) ;
#4824 = ORIENTED_EDGE ( 'NONE', *, *, #502, .F. ) ;
#4825 = DIRECTION ( 'NONE',  ( 0.5000000000000003300, 0.8660254037844384900, 0.0000000000000000000 ) ) ;
#4826 = ADVANCED_FACE ( 'NONE', ( #71 ), #2290, .T. ) ;
#4827 = FILL_AREA_STYLE ('',( #3012 ) ) ;
#4828 = ORIENTED_EDGE ( 'NONE', *, *, #9078, .F. ) ;
#4829 = VECTOR ( 'NONE', #9791, 1000.000000000000000 ) ;
#4831 = DIRECTION ( 'NONE',  ( -0.0000000000000000000, 0.0000000000000000000, -1.000000000000000000 ) ) ;
#4830 = CARTESIAN_POINT ( 'NONE',  ( 7.350000000000001400, 1.600000000000000300, 4.700000000000002000 ) ) ;
#4832 = EDGE_CURVE ( 'NONE', #9197, #2090, #9155, .T. ) ;
#4833 = VECTOR ( 'NONE', #4129, 1000.000000000000000 ) ;
#4834 = CARTESIAN_POINT ( 'NONE',  ( 4.605334709818926300, 3.807221860852402900, -7.897222960784785300 ) ) ;
#4835 = CARTESIAN_POINT ( 'NONE',  ( -7.950000000000000200, 0.4000000000000001900, 9.550000000000114400 ) ) ;
#4836 = ORIENTED_EDGE ( 'NONE', *, *, #3607, .T. ) ;
#4837 = DIRECTION ( 'NONE',  ( -0.0000000000000000000, -0.0000000000000000000, 1.000000000000000000 ) ) ;
#4838 = VECTOR ( 'NONE', #3545, 999.9999999999998900 ) ;
#4839 = ORIENTED_EDGE ( 'NONE', *, *, #11190, .T. ) ;
#4840 = ORIENTED_EDGE ( 'NONE', *, *, #1994, .F. ) ;
#4841 = ORIENTED_EDGE ( 'NONE', *, *, #7904, .F. ) ;
#4842 = CARTESIAN_POINT ( 'NONE',  ( 6.821110876396486900, 10.56081502909854400, 2.200000000000114300 ) ) ;
#4843 = SURFACE_STYLE_USAGE ( .BOTH. , #3105 ) ;
#4844 = EDGE_LOOP ( 'NONE', ( #10437, #852, #4505, #7449 ) ) ;
#4845 = CARTESIAN_POINT ( 'NONE',  ( -7.949999999999998400, 12.30000000000000100, 14.70000000000011700 ) ) ;
#4846 = DIRECTION ( 'NONE',  ( 0.4265687399014589400, -0.9044551454543676700, -0.0000000000000000000 ) ) ;
#4847 = CARTESIAN_POINT ( 'NONE',  ( 4.343440674907171200, 9.501013568232986400, 15.27125920269697300 ) ) ;
#4848 = LINE ( 'NONE', #1933, #3459 ) ;
#4849 = EDGE_CURVE ( 'NONE', #8682, #8560, #10119, .T. ) ;
#4850 = ORIENTED_EDGE ( 'NONE', *, *, #6472, .T. ) ;
#4851 = DIRECTION ( 'NONE',  ( -1.000000000000000000, 0.0000000000000000000, 5.577888990279125800E-016 ) ) ;
#4852 = EDGE_CURVE ( 'NONE', #1502, #4595, #624, .T. ) ;
#4853 = DIRECTION ( 'NONE',  ( -0.1261989691358268200, -0.9920049496797155300, 0.0000000000000000000 ) ) ;
#4854 = AXIS2_PLACEMENT_3D ( 'NONE', #11250, #1648, #2493 ) ;
#4855 = ORIENTED_EDGE ( 'NONE', *, *, #7872, .T. ) ;
#4856 = DIRECTION ( 'NONE',  ( -0.6723668074346643700, -0.7402181274868354600, -1.006441462745489900E-016 ) ) ;
#4857 = UNCERTAINTY_MEASURE_WITH_UNIT (LENGTH_MEASURE( 1.000000000000000100E-005 ), #4639, 'distance_accuracy_value', 'NONE');
#4858 = CARTESIAN_POINT ( 'NONE',  ( 8.350000000000001400, 3.299999999999956300, 11.19999999999999800 ) ) ;
#4859 = DIRECTION ( 'NONE',  ( -5.583261179213479200E-016, -0.0000000000000000000, -1.000000000000000000 ) ) ;
#4860 = FACE_OUTER_BOUND ( 'NONE', #9399, .T. ) ;
#4861 = ORIENTED_EDGE ( 'NONE', *, *, #9124, .F. ) ;
#4862 = ORIENTED_EDGE ( 'NONE', *, *, #4933, .F. ) ;
#4863 = ADVANCED_FACE ( 'NONE', ( #6134 ), #256, .F. ) ;
#4864 = ORIENTED_EDGE ( 'NONE', *, *, #930, .T. ) ;
#4865 = EDGE_CURVE ( 'NONE', #2431, #1517, #2553, .T. ) ;
#4866 = EDGE_CURVE ( 'NONE', #3708, #4161, #2279, .T. ) ;
#4867 = VECTOR ( 'NONE', #10894, 1000.000000000000000 ) ;
#4868 = EDGE_LOOP ( 'NONE', ( #7287, #898 ) ) ;
#4869 = CARTESIAN_POINT ( 'NONE',  ( -8.350000000000001400, 12.30000000000000100, 14.70000000000011700 ) ) ;
#4870 = VERTEX_POINT ( 'NONE', #7450 ) ;
#4871 = AXIS2_PLACEMENT_3D ( 'NONE', #9105, #9953, #10989 ) ;
#4872 = ORIENTED_EDGE ( 'NONE', *, *, #2555, .T. ) ;
#4873 = LINE ( 'NONE', #5165, #9659 ) ;
#4874 = VERTEX_POINT ( 'NONE', #3963 ) ;
#4875 = CARTESIAN_POINT ( 'NONE',  ( -4.496595934704382500, 8.000000000000000000, -10.94999999999999900 ) ) ;
#4876 = ORIENTED_EDGE ( 'NONE', *, *, #11175, .F. ) ;
#4877 = CARTESIAN_POINT ( 'NONE',  ( -9.999999999999996400, 8.000000000000000000, 0.0000000000000000000 ) ) ;
#4878 = EDGE_CURVE ( 'NONE', #2517, #6088, #5725, .T. ) ;
#4879 = PRESENTATION_LAYER_ASSIGNMENT (  '', '', ( #5615 ) ) ;
#4880 = ORIENTED_EDGE ( 'NONE', *, *, #9234, .F. ) ;
#4881 = CARTESIAN_POINT ( 'NONE',  ( 10.00000000000000400, 8.000000000000000000, 3.300000000000000700 ) ) ;
#4882 = AXIS2_PLACEMENT_3D ( 'NONE', #658, #6769, #6886 ) ;
#4883 = CARTESIAN_POINT ( 'NONE',  ( -8.450000000000002800, 12.30000000000000100, 16.97639320225013600 ) ) ;
#4884 = EDGE_LOOP ( 'NONE', ( #3384, #6489, #5842, #7069, #9798, #1959, #4728, #709 ) ) ;
#4885 = LINE ( 'NONE', #10166, #3928 ) ;
#4886 = VERTEX_POINT ( 'NONE', #10810 ) ;
#4887 = VERTEX_POINT ( 'NONE', #3855 ) ;
#4888 = CARTESIAN_POINT ( 'NONE',  ( 4.403554195056584400E-014, 7.825000000000000200, 22.67500000000000400 ) ) ;
#4889 = CARTESIAN_POINT ( 'NONE',  ( 7.950000000000000200, 3.100000000000000500, 9.949999999999999300 ) ) ;
#4890 = DIRECTION ( 'NONE',  ( 0.4265687399014593800, -0.9044551454543674500, 0.0000000000000000000 ) ) ;
#4891 = CARTESIAN_POINT ( 'NONE',  ( -4.808410434011671300, 11.65487620520117000, 3.795636175779656200 ) ) ;
#4892 = ORIENTED_EDGE ( 'NONE', *, *, #558, .T. ) ;
#4893 = EDGE_CURVE ( 'NONE', #1533, #5401, #9826, .T. ) ;
#4894 = EDGE_LOOP ( 'NONE', ( #7346, #600, #11131, #2976 ) ) ;
#4895 = DIRECTION ( 'NONE',  ( -0.5000000000000002200, -0.8660254037844384900, 7.515047549358018200E-016 ) ) ;
#4896 = ORIENTED_EDGE ( 'NONE', *, *, #10412, .F. ) ;
#4897 = AXIS2_PLACEMENT_3D ( 'NONE', #5516, #10757, #5440 ) ;
#4898 = LINE ( 'NONE', #6059, #191 ) ;
#4899 = VECTOR ( 'NONE', #4535, 1000.000000000000100 ) ;
#4900 = VERTEX_POINT ( 'NONE', #4815 ) ;
#4901 = ORIENTED_EDGE ( 'NONE', *, *, #4109, .F. ) ;
#4903 = DIRECTION ( 'NONE',  ( 0.0000000000000000000, -1.000000000000000000, 0.0000000000000000000 ) ) ;
#4902 = DIRECTION ( 'NONE',  ( -1.000000000000000000, 0.0000000000000000000, 0.0000000000000000000 ) ) ;
#4904 = CARTESIAN_POINT ( 'NONE',  ( 7.900000000000114900, 8.400000000000000400, 6.200000000000002000 ) ) ;
#4905 = CARTESIAN_POINT ( 'NONE',  ( -8.350000000000001400, 1.600000000000000100, 4.700000000000002000 ) ) ;
#4906 = DIRECTION ( 'NONE',  ( -1.000000000000000000, 0.0000000000000000000, 5.586652861001696000E-016 ) ) ;
#4907 = EDGE_LOOP ( 'NONE', ( #3299, #7292, #5631, #1237 ) ) ;
#4908 = CIRCLE ( 'NONE', #11266, 7.874999999999994700 ) ;
#4909 = VECTOR ( 'NONE', #4190, 1000.000000000000000 ) ;
#4910 = VERTEX_POINT ( 'NONE', #4731 ) ;
#4911 = CARTESIAN_POINT ( 'NONE',  ( 4.960612219186875100, 9.825723225615183400, 12.50000000000000000 ) ) ;
#4912 = EDGE_CURVE ( 'NONE', #9037, #2225, #5308, .T. ) ;
#4913 = CARTESIAN_POINT ( 'NONE',  ( -7.950000000000000200, -1.843908891458577100, 5.100000000000114200 ) ) ;
#4914 = EDGE_CURVE ( 'NONE', #2431, #4189, #11070, .T. ) ;
#4915 = DIRECTION ( 'NONE',  ( 1.000000000000000000, 0.0000000000000000000, 0.0000000000000000000 ) ) ;
#4916 = DIRECTION ( 'NONE',  ( 0.0000000000000000000, 0.0000000000000000000, -1.000000000000000000 ) ) ;
#4917 = ADVANCED_FACE ( 'NONE', ( #4767 ), #5031, .T. ) ;
#4918 = VERTEX_POINT ( 'NONE', #3074 ) ;
#4919 = EDGE_LOOP ( 'NONE', ( #10326, #923, #116, #8116 ) ) ;
#4920 = CIRCLE ( 'NONE', #6961, 1.099999999999996800 ) ;
#4921 = DIRECTION ( 'NONE',  ( -0.0000000000000000000, -1.000000000000000000, -0.0000000000000000000 ) ) ;
#4922 = DIRECTION ( 'NONE',  ( -0.7014534268891456900, 0.08923614685469430400, -0.7071067811865485700 ) ) ;
#4923 = FACE_OUTER_BOUND ( 'NONE', #269, .T. ) ;
#4924 = DIRECTION ( 'NONE',  ( 0.0000000000000000000, 0.0000000000000000000, -1.000000000000000000 ) ) ;
#4925 = LINE ( 'NONE', #11255, #226 ) ;
#4926 = SURFACE_STYLE_USAGE ( .BOTH. , #10135 ) ;
#4927 = VERTEX_POINT ( 'NONE', #8247 ) ;
#4928 = PLANE ( 'NONE',  #5012 ) ;
#4929 = VECTOR ( 'NONE', #1410, 1000.000000000000000 ) ;
#4930 = FACE_OUTER_BOUND ( 'NONE', #11278, .T. ) ;
#4931 = EDGE_CURVE ( 'NONE', #3472, #2908, #10514, .T. ) ;
#4932 = LINE ( 'NONE', #8792, #10158 ) ;
#4933 = EDGE_CURVE ( 'NONE', #8158, #691, #6965, .T. ) ;
#4934 = FACE_OUTER_BOUND ( 'NONE', #8271, .T. ) ;
#4935 = AXIS2_PLACEMENT_3D ( 'NONE', #5861, #5966, #4218 ) ;
#4936 = EDGE_LOOP ( 'NONE', ( #5544, #4828, #10208, #4199 ) ) ;
#4937 = DIRECTION ( 'NONE',  ( 1.000000000000000000, 0.0000000000000000000, -2.168404344971005900E-016 ) ) ;
#4938 = VECTOR ( 'NONE', #6386, 1000.000000000000000 ) ;
#4939 = ORIENTED_EDGE ( 'NONE', *, *, #10196, .F. ) ;
#4940 = PLANE ( 'NONE',  #6930 ) ;
#4941 = CARTESIAN_POINT ( 'NONE',  ( -3.462499999999997200, 13.82222592120723300, -6.399999999999990600 ) ) ;
#4942 = DIRECTION ( 'NONE',  ( 0.0000000000000000000, 0.0000000000000000000, -1.000000000000000000 ) ) ;
#4943 = LINE ( 'NONE', #6475, #7549 ) ;
#4945 = PLANE ( 'NONE',  #7206 ) ;
#4944 = VECTOR ( 'NONE', #2106, 1000.000000000000000 ) ;
#4946 = VECTOR ( 'NONE', #5723, 1000.000000000000000 ) ;
#4947 = VECTOR ( 'NONE', #1583, 1000.000000000000000 ) ;
#4948 = EDGE_CURVE ( 'NONE', #9345, #5178, #7090, .T. ) ;
#4949 = ORIENTED_EDGE ( 'NONE', *, *, #3109, .F. ) ;
#4950 = CARTESIAN_POINT ( 'NONE',  ( 7.299999999999998900, 8.000000000000000000, 9.550000000000000700 ) ) ;
#4951 = AXIS2_PLACEMENT_3D ( 'NONE', #10042, #348, #4025 ) ;
#4952 = CONICAL_SURFACE ( 'NONE', #3464, 7.874999999999992900, 0.7853981633974396200 ) ;
#4953 = AXIS2_PLACEMENT_3D ( 'NONE', #401, #10163, #3068 ) ;
#4954 = VERTEX_POINT ( 'NONE', #6494 ) ;
#4955 = CARTESIAN_POINT ( 'NONE',  ( -4.837073890375361200, 11.78284682717160900, 10.72639320225013500 ) ) ;
#4956 = DIRECTION ( 'NONE',  ( -0.0000000000000000000, -0.0000000000000000000, -1.000000000000000000 ) ) ;
#4957 = LINE ( 'NONE', #6730, #2048 ) ;
#4958 = EDGE_LOOP ( 'NONE', ( #4348, #7785, #1415, #1385 ) ) ;
#4959 = VECTOR ( 'NONE', #5002, 1000.000000000000000 ) ;
#4960 = VERTEX_POINT ( 'NONE', #9207 ) ;
#4961 = EDGE_CURVE ( 'NONE', #438, #1262, #766, .T. ) ;
#4962 = CARTESIAN_POINT ( 'NONE',  ( -9.999999999999996400, 8.000000000000000000, 3.300000000000000700 ) ) ;
#4963 = AXIS2_PLACEMENT_3D ( 'NONE', #3964, #327, #9978 ) ;
#4964 = VECTOR ( 'NONE', #10079, 1000.000000000000000 ) ;
#4965 = ORIENTED_EDGE ( 'NONE', *, *, #8167, .T. ) ;
#4966 = EDGE_CURVE ( 'NONE', #7317, #10643, #6682, .T. ) ;
#4967 = DIRECTION ( 'NONE',  ( 0.0000000000000000000, 0.0000000000000000000, 1.000000000000000000 ) ) ;
#4968 = CARTESIAN_POINT ( 'NONE',  ( 5.950000000000133400, 8.900000000000000400, 16.69999999999998900 ) ) ;
#4969 = ORIENTED_EDGE ( 'NONE', *, *, #4470, .F. ) ;
#4970 = PRODUCT_DEFINITION_CONTEXT ( 'detailed design', #101, 'design' ) ;
#4971 = LINE ( 'NONE', #10698, #2905 ) ;
#4972 = CARTESIAN_POINT ( 'NONE',  ( 3.300000000000014500, 3.600000000000000100, 10.42500000000000200 ) ) ;
#4973 = ORIENTED_EDGE ( 'NONE', *, *, #2799, .T. ) ;
#4974 = ADVANCED_FACE ( 'NONE', ( #1446 ), #5645, .F. ) ;
#4975 = LINE ( 'NONE', #9499, #4018 ) ;
#4976 = VERTEX_POINT ( 'NONE', #528 ) ;
#4978 = PLANE ( 'NONE',  #3466 ) ;
#4977 = CARTESIAN_POINT ( 'NONE',  ( 7.950000000000000200, 9.360147050873548500, 17.44999999999999600 ) ) ;
#4979 = EDGE_LOOP ( 'NONE', ( #149, #4184, #7075, #11054, #6454, #7868 ) ) ;
#4980 = DIRECTION ( 'NONE',  ( -1.000000000000000000, 0.0000000000000000000, 1.458256504586804900E-015 ) ) ;
#4981 = EDGE_CURVE ( 'NONE', #8401, #4507, #1997, .T. ) ;
#4982 = DIRECTION ( 'NONE',  ( 2.496005001405477600E-016, 0.0000000000000000000, 1.000000000000000000 ) ) ;
#4983 = DIRECTION ( 'NONE',  ( 1.000000000000000000, -0.0000000000000000000, -9.637352644315598700E-016 ) ) ;
#4984 = ORIENTED_EDGE ( 'NONE', *, *, #3589, .T. ) ;
#4985 = VERTEX_POINT ( 'NONE', #11120 ) ;
#4986 = CARTESIAN_POINT ( 'NONE',  ( -0.2740040082961766600, 1.827774078792768100, -7.930268607987709800 ) ) ;
#4987 = LINE ( 'NONE', #1132, #10195 ) ;
#4988 = ORIENTED_EDGE ( 'NONE', *, *, #9250, .T. ) ;
#4989 = CARTESIAN_POINT ( 'NONE',  ( -4.832135734971188900, 11.53794763439791800, 14.70000000000011700 ) ) ;
#4990 = DIRECTION ( 'NONE',  ( 0.0000000000000000000, -0.0000000000000000000, 1.000000000000000000 ) ) ;
#4991 = VERTEX_POINT ( 'NONE', #565 ) ;
#4992 = CARTESIAN_POINT ( 'NONE',  ( -2.860270609150314100, 10.41744139280553200, 15.27125920269696900 ) ) ;
#4993 = VECTOR ( 'NONE', #8377, 1000.000000000000000 ) ;
#4994 = VERTEX_POINT ( 'NONE', #5721 ) ;
#4995 = EDGE_CURVE ( 'NONE', #4887, #37, #7514, .T. ) ;
#4996 = ORIENTED_EDGE ( 'NONE', *, *, #2130, .F. ) ;
#4997 = AXIS2_PLACEMENT_3D ( 'NONE', #9996, #5697, #8228 ) ;
#4998 = EDGE_LOOP ( 'NONE', ( #5956, #8289, #3956, #9520, #8607, #3970 ) ) ;
#4999 = CARTESIAN_POINT ( 'NONE',  ( -4.104359146306979500, 10.57570944474777400, 6.200000000000113900 ) ) ;
#5000 = CARTESIAN_POINT ( 'NONE',  ( -9.999999999999996400, 3.299999999999912800, 15.94999999999999900 ) ) ;
#5001 = CARTESIAN_POINT ( 'NONE',  ( 4.500000000000000900, 7.825000000000000200, -6.400000000000002100 ) ) ;
#5002 = DIRECTION ( 'NONE',  ( -2.496005001405477600E-016, -0.0000000000000000000, -1.000000000000000000 ) ) ;
#5003 = LINE ( 'NONE', #6041, #8430 ) ;
#5004 = ORIENTED_EDGE ( 'NONE', *, *, #7515, .F. ) ;
#5005 = DIRECTION ( 'NONE',  ( -0.0000000000000000000, -0.0000000000000000000, -1.000000000000000000 ) ) ;
#5006 = ORIENTED_EDGE ( 'NONE', *, *, #8726, .T. ) ;
#5007 = EDGE_CURVE ( 'NONE', #3178, #4736, #6402, .T. ) ;
#5008 = DIRECTION ( 'NONE',  ( 0.0000000000000000000, 1.000000000000000000, 0.0000000000000000000 ) ) ;
#5009 = VERTEX_POINT ( 'NONE', #6712 ) ;
#5010 = DIRECTION ( 'NONE',  ( 0.0000000000000000000, -1.000000000000000000, 0.0000000000000000000 ) ) ;
#5011 = DIRECTION ( 'NONE',  ( 0.0000000000000000000, 1.000000000000000000, 0.0000000000000000000 ) ) ;
#5012 = AXIS2_PLACEMENT_3D ( 'NONE', #1450, #9328, #8521 ) ;
#5013 = VECTOR ( 'NONE', #1125, 1000.000000000000100 ) ;
#5014 = ORIENTED_EDGE ( 'NONE', *, *, #8725, .T. ) ;
#5015 = ORIENTED_EDGE ( 'NONE', *, *, #2781, .F. ) ;
#5016 = ORIENTED_EDGE ( 'NONE', *, *, #2707, .T. ) ;
#5017 = CARTESIAN_POINT ( 'NONE',  ( -4.104359146306976800, 10.57570944474777400, 11.87874079730326200 ) ) ;
#5018 = EDGE_CURVE ( 'NONE', #838, #3259, #7779, .T. ) ;
#5019 = EDGE_LOOP ( 'NONE', ( #4162, #6925, #1802, #7776 ) ) ;
#5020 = LINE ( 'NONE', #2248, #889 ) ;
#5021 = EDGE_CURVE ( 'NONE', #6279, #9023, #8181, .T. ) ;
#5022 = ORIENTED_EDGE ( 'NONE', *, *, #2185, .F. ) ;
#5023 = ADVANCED_FACE ( 'NONE', ( #4090 ), #596, .F. ) ;
#5024 = DIRECTION ( 'NONE',  ( -1.000000000000000000, 0.0000000000000000000, 0.0000000000000000000 ) ) ;
#5025 = EDGE_LOOP ( 'NONE', ( #884, #4091, #3128, #5851 ) ) ;
#5026 = AXIS2_PLACEMENT_3D ( 'NONE', #6848, #2460, #728 ) ;
#5027 = DIRECTION ( 'NONE',  ( 0.0000000000000000000, -0.0000000000000000000, -1.000000000000000000 ) ) ;
#5028 = EDGE_LOOP ( 'NONE', ( #10389, #4939, #8226, #1610 ) ) ;
#5029 = ORIENTED_EDGE ( 'NONE', *, *, #11144, .T. ) ;
#5030 = CARTESIAN_POINT ( 'NONE',  ( -5.000000000000004400, 0.7000000000000000700, 11.24999999999999300 ) ) ;
#5031 = CYLINDRICAL_SURFACE ( 'NONE', #7402, 1.400000000000000100 ) ;
#5032 = ORIENTED_EDGE ( 'NONE', *, *, #9766, .F. ) ;
#5033 = CARTESIAN_POINT ( 'NONE',  ( -8.350000000000001400, 12.30000000000000100, 18.70000000000011700 ) ) ;
#5034 = CARTESIAN_POINT ( 'NONE',  ( -8.374891768820194600E-016, 7.825000000000000200, -1.499999999999996200 ) ) ;
#5035 = CARTESIAN_POINT ( 'NONE',  ( 10.00000000000000400, 0.0000000000000000000, 3.300000000000000700 ) ) ;
#5036 = EDGE_CURVE ( 'NONE', #4019, #1134, #3387, .T. ) ;
#5037 = CARTESIAN_POINT ( 'NONE',  ( -8.350000000000001400, 9.360147050873548500, 9.800000000000000700 ) ) ;
#5038 = AXIS2_PLACEMENT_3D ( 'NONE', #10986, #3977, #11091 ) ;
#5039 = ORIENTED_EDGE ( 'NONE', *, *, #3617, .T. ) ;
#5040 = ORIENTED_EDGE ( 'NONE', *, *, #6004, .T. ) ;
#5041 = LINE ( 'NONE', #304, #6414 ) ;
#5042 = DIRECTION ( 'NONE',  ( 0.0000000000000000000, 0.0000000000000000000, -1.000000000000000000 ) ) ;
#5043 = PLANE ( 'NONE',  #4882 ) ;
#5044 = PLANE ( 'NONE',  #10769 ) ;
#5045 = DIRECTION ( 'NONE',  ( 0.0000000000000000000, 0.0000000000000000000, 1.000000000000000000 ) ) ;
#5046 = LINE ( 'NONE', #6547, #4637 ) ;
#5047 = ORIENTED_EDGE ( 'NONE', *, *, #10113, .F. ) ;
#5048 = FACE_OUTER_BOUND ( 'NONE', #2046, .T. ) ;
#5049 = LINE ( 'NONE', #3725, #7943 ) ;
#5050 = ORIENTED_EDGE ( 'NONE', *, *, #11207, .F. ) ;
#5051 = CARTESIAN_POINT ( 'NONE',  ( 7.950000000000000200, 9.360147050873548500, 11.19999999999999800 ) ) ;
#5052 = ORIENTED_EDGE ( 'NONE', *, *, #3026, .F. ) ;
#5053 = LINE ( 'NONE', #4875, #5737 ) ;
#5054 = EDGE_CURVE ( 'NONE', #1798, #6821, #5854, .T. ) ;
#5055 = VECTOR ( 'NONE', #4619, 1000.000000000000000 ) ;
#5056 = TOROIDAL_SURFACE ( 'NONE', #9643, 1.300000000000000000, 0.2999999999999999900 ) ;
#5057 = EDGE_CURVE ( 'NONE', #9846, #8797, #2683, .T. ) ;
#5058 = CARTESIAN_POINT ( 'NONE',  ( -8.350000000000001400, 9.360147050873548500, 4.950000000000000200 ) ) ;
#5059 = CYLINDRICAL_SURFACE ( 'NONE', #2690, 7.674999999999998000 ) ;
#5060 =( GEOMETRIC_REPRESENTATION_CONTEXT ( 3 ) GLOBAL_UNCERTAINTY_ASSIGNED_CONTEXT ( ( #7378 ) ) GLOBAL_UNIT_ASSIGNED_CONTEXT ( ( #7073, #7914, #20 ) ) REPRESENTATION_CONTEXT ( 'NONE', 'WORKASPACE' ) );
#5061 = CARTESIAN_POINT ( 'NONE',  ( 4.500000000000000900, 7.825000000000000200, -4.500000000000000000 ) ) ;
#5062 = VECTOR ( 'NONE', #3913, 1000.000000000000000 ) ;
#5063 = ORIENTED_EDGE ( 'NONE', *, *, #7445, .T. ) ;
#5064 = ORIENTED_EDGE ( 'NONE', *, *, #502, .T. ) ;
#5065 = LINE ( 'NONE', #6463, #5325 ) ;
#5066 = VECTOR ( 'NONE', #11334, 1000.000000000000000 ) ;
#5067 = CARTESIAN_POINT ( 'NONE',  ( 3.004255071646475500, 8.796433938085819200, 4.324111835945687200 ) ) ;
#5068 = VECTOR ( 'NONE', #2312, 1000.000000000000000 ) ;
#5069 = FACE_OUTER_BOUND ( 'NONE', #1932, .T. ) ;
#5070 = VECTOR ( 'NONE', #1487, 1000.000000000000000 ) ;
#5071 = ADVANCED_FACE ( 'NONE', ( #340 ), #4083, .F. ) ;
#5072 = CARTESIAN_POINT ( 'NONE',  ( -7.874999999999996400, 7.825000000000002000, -5.449999999999993100 ) ) ;
#5073 = CARTESIAN_POINT ( 'NONE',  ( 8.350000000000001400, 0.4000000000000001900, 9.550000000000000700 ) ) ;
#5074 = EDGE_CURVE ( 'NONE', #5695, #5649, #1323, .T. ) ;
#5075 = CIRCLE ( 'NONE', #5093, 0.6500000000000012400 ) ;
#5076 = CARTESIAN_POINT ( 'NONE',  ( 5.499999999999994700, 7.825000000000000200, -2.999999999999999100 ) ) ;
#5077 = ORIENTED_EDGE ( 'NONE', *, *, #7174, .F. ) ;
#5078 = EDGE_CURVE ( 'NONE', #4960, #1281, #3531, .T. ) ;
#5079 = AXIS2_PLACEMENT_3D ( 'NONE', #469, #6069, #10507 ) ;
#5080 = FACE_OUTER_BOUND ( 'NONE', #2389, .T. ) ;
#5081 = FACE_OUTER_BOUND ( 'NONE', #6412, .T. ) ;
#5082 = ADVANCED_FACE ( 'NONE', ( #10250 ), #2836, .T. ) ;
#5083 = CARTESIAN_POINT ( 'NONE',  ( -5.493317281818449700, 12.93985310985218700, 12.45000000000011300 ) ) ;
#5084 = PLANE ( 'NONE',  #3080 ) ;
#5085 = DIRECTION ( 'NONE',  ( -2.496005001405477600E-016, 0.0000000000000000000, -1.000000000000000000 ) ) ;
#5086 = LINE ( 'NONE', #13, #3161 ) ;
#5087 = CARTESIAN_POINT ( 'NONE',  ( 8.349999999999999600, 1.600000000000031800, 17.20000000000000300 ) ) ;
#5088 = ORIENTED_EDGE ( 'NONE', *, *, #8592, .F. ) ;
#5089 = FACE_OUTER_BOUND ( 'NONE', #10833, .T. ) ;
#5090 = EDGE_CURVE ( 'NONE', #6762, #1301, #3251, .T. ) ;
#5091 = CARTESIAN_POINT ( 'NONE',  ( -5.855099340000199600, 12.76922561389160500, 8.450000000000113000 ) ) ;
#5092 = DIRECTION ( 'NONE',  ( -6.938893903907228400E-016, 0.0000000000000000000, 1.000000000000000000 ) ) ;
#5093 = AXIS2_PLACEMENT_3D ( 'NONE', #2631, #4525, #8000 ) ;
#5094 = EDGE_LOOP ( 'NONE', ( #4353, #8991, #11052, #8300 ) ) ;
#5095 = AXIS2_PLACEMENT_3D ( 'NONE', #9420, #4187, #4990 ) ;
#5096 = LINE ( 'NONE', #8489, #4959 ) ;
#5097 = CARTESIAN_POINT ( 'NONE',  ( 3.300000000000015800, 3.600000000000000100, 1.949999999999993500 ) ) ;
#5098 = ORIENTED_EDGE ( 'NONE', *, *, #5036, .T. ) ;
#5099 = CARTESIAN_POINT ( 'NONE',  ( -5.499999999999994700, 7.825000000000000200, -4.500000000000000000 ) ) ;
#5100 = DIRECTION ( 'NONE',  ( 5.583261179213479200E-016, 0.0000000000000000000, 1.000000000000000000 ) ) ;
#5101 = LINE ( 'NONE', #4067, #3449 ) ;
#5102 = ORIENTED_EDGE ( 'NONE', *, *, #3275, .T. ) ;
#5103 = CARTESIAN_POINT ( 'NONE',  ( -8.374891768820194600E-016, 7.825000000000000200, -1.499999999999996200 ) ) ;
#5104 = ORIENTED_EDGE ( 'NONE', *, *, #8227, .F. ) ;
#5105 = PLANE ( 'NONE',  #753 ) ;
#5106 = EDGE_CURVE ( 'NONE', #7262, #185, #5181, .T. ) ;
#5107 = EDGE_LOOP ( 'NONE', ( #5845, #2998, #6595, #2544, #1365, #4705, #11005, #5339 ) ) ;
#5108 = CARTESIAN_POINT ( 'NONE',  ( -4.053879558652648800, 10.97251142461965900, 14.70000000000011700 ) ) ;
#5109 = VERTEX_POINT ( 'NONE', #3193 ) ;
#5110 = CARTESIAN_POINT ( 'NONE',  ( 8.347213595500074100, 8.000000000000000000, 15.80000000000000100 ) ) ;
#5111 = CARTESIAN_POINT ( 'NONE',  ( -4.832135734971188900, 11.53794763439791800, 2.200000000000114300 ) ) ;
#5112 = CARTESIAN_POINT ( 'NONE',  ( -8.350000000000001400, 8.000000000000000000, 17.60000000000011500 ) ) ;
#5113 = VECTOR ( 'NONE', #3361, 1000.000000000000000 ) ;
#5114 = EDGE_LOOP ( 'NONE', ( #2432, #5998, #4491, #7223 ) ) ;
#5115 =( NAMED_UNIT ( * ) PLANE_ANGLE_UNIT ( ) SI_UNIT ( $, .RADIAN. ) );
#5116 = VERTEX_POINT ( 'NONE', #6946 ) ;
#5117 = PLANE ( 'NONE',  #7176 ) ;
#5118 = ORIENTED_EDGE ( 'NONE', *, *, #10927, .T. ) ;
#5119 = ORIENTED_EDGE ( 'NONE', *, *, #7592, .T. ) ;
#5120 = CARTESIAN_POINT ( 'NONE',  ( 2.806005623304880000, 9.192570267145336900, 5.677584304536545500E-016 ) ) ;
#5121 = DIRECTION ( 'NONE',  ( 0.0000000000000000000, -0.0000000000000000000, 1.000000000000000000 ) ) ;
#5122 = DIRECTION ( 'NONE',  ( 0.0000000000000000000, 0.0000000000000000000, -1.000000000000000000 ) ) ;
#5123 = VECTOR ( 'NONE', #4351, 1000.000000000000000 ) ;
#5124 = EDGE_CURVE ( 'NONE', #1342, #10331, #1043, .T. ) ;
#5125 = ORIENTED_EDGE ( 'NONE', *, *, #4073, .F. ) ;
#5126 = DIRECTION ( 'NONE',  ( 0.2830212059666767400, -0.9591136517499727600, 0.0000000000000000000 ) ) ;
#5127 = CARTESIAN_POINT ( 'NONE',  ( 2.932702847350674400, 9.259228901349223100, 17.16443881637578500 ) ) ;
#5128 = ORIENTED_EDGE ( 'NONE', *, *, #10864, .F. ) ;
#5129 = AXIS2_PLACEMENT_3D ( 'NONE', #5259, #5223, #11345 ) ;
#5130 = EDGE_CURVE ( 'NONE', #3365, #363, #9560, .T. ) ;
#5131 = ADVANCED_FACE ( 'NONE', ( #5579 ), #3368, .F. ) ;
#5132 = ORIENTED_EDGE ( 'NONE', *, *, #9975, .T. ) ;
#5133 = CARTESIAN_POINT ( 'NONE',  ( 7.900000000000114900, 7.949999999999998400, 2.200000000000000600 ) ) ;
#5134 =( BOUNDED_CURVE ( )  B_SPLINE_CURVE ( 3, ( #10409, #4432, #9637, #7837 ),
 .UNSPECIFIED., .F., .F. ) 
 B_SPLINE_CURVE_WITH_KNOTS ( ( 4, 4 ),
 ( 2.775557561562889500E-017, 0.6108652381980133100 ),
 .UNSPECIFIED. ) 
 CURVE ( )  GEOMETRIC_REPRESENTATION_ITEM ( )  RATIONAL_B_SPLINE_CURVE ( ( 1.000000000000000000, 0.9691446338321514400, 0.9691446338321514400, 1.000000000000000000 ) ) 
 REPRESENTATION_ITEM ( '' )  );
#5135 = PLANE ( 'NONE',  #8815 ) ;
#5136 = FACE_OUTER_BOUND ( 'NONE', #10372, .T. ) ;
#5137 = ORIENTED_EDGE ( 'NONE', *, *, #839, .F. ) ;
#5138 = DIRECTION ( 'NONE',  ( -0.9920049496797153100, 0.1261989691358270700, -0.0000000000000000000 ) ) ;
#5139 = ORIENTED_EDGE ( 'NONE', *, *, #8957, .T. ) ;
#5140 = ADVANCED_FACE ( 'NONE', ( #10785 ), #7817, .F. ) ;
#5141 = DIRECTION ( 'NONE',  ( -0.0000000000000000000, 0.0000000000000000000, 1.000000000000000000 ) ) ;
#5142 = ORIENTED_EDGE ( 'NONE', *, *, #2611, .T. ) ;
#5143 = DIRECTION ( 'NONE',  ( 0.0000000000000000000, -0.0000000000000000000, 1.000000000000000000 ) ) ;
#5144 = EDGE_CURVE ( 'NONE', #676, #1533, #900, .T. ) ;
#5145 = EDGE_CURVE ( 'NONE', #1462, #5801, #6951, .T. ) ;
#5146 = VECTOR ( 'NONE', #4064, 1000.000000000000000 ) ;
#5147 = ORIENTED_EDGE ( 'NONE', *, *, #10412, .T. ) ;
#5148 = VERTEX_POINT ( 'NONE', #674 ) ;
#5149 = CARTESIAN_POINT ( 'NONE',  ( 7.299999999999998900, 8.000000000000000000, 11.35000000000000100 ) ) ;
#5150 = DIRECTION ( 'NONE',  ( 2.496005001405477600E-016, 0.0000000000000000000, 1.000000000000000000 ) ) ;
#5151 = VERTEX_POINT ( 'NONE', #10355 ) ;
#5152 = DIRECTION ( 'NONE',  ( -1.000000000000000000, 0.0000000000000000000, -0.0000000000000000000 ) ) ;
#5153 = B_SPLINE_CURVE_WITH_KNOTS ( 'NONE', 3,
 ( #6282, #7894, #2669, #981, #8777, #6208, #1820, #9658, #8813, #2602, #5262, #4529, #9729, #3580, #10644, #10539 ),
 .UNSPECIFIED., .F., .F.,
 ( 4, 2, 2, 2, 2, 2, 2, 4 ),
 ( 2.572426046059241900E-007, 0.0008898219034175335500, 0.001779386564230461200, 0.003558515885856319200, 0.004448080546669247300, 0.005337645207482175800, 0.006227209868295104300, 0.007116774529108032800 ),
 .UNSPECIFIED. ) ;
#5154 = EDGE_LOOP ( 'NONE', ( #1098, #1556, #2418, #11287 ) ) ;
#5155 = LINE ( 'NONE', #672, #3364 ) ;
#5156 = ORIENTED_EDGE ( 'NONE', *, *, #8603, .F. ) ;
#5157 = CARTESIAN_POINT ( 'NONE',  ( 4.750000000000133200, 8.400000000000000400, 18.70000000000000300 ) ) ;
#5158 = ORIENTED_EDGE ( 'NONE', *, *, #3604, .T. ) ;
#5159 = EDGE_CURVE ( 'NONE', #9971, #6485, #7912, .T. ) ;
#5161 = CARTESIAN_POINT ( 'NONE',  ( 4.499999999999999100, 7.825000000000000200, 0.0000000000000000000 ) ) ;
#5160 = PLANE ( 'NONE',  #4854 ) ;
#5162 = CARTESIAN_POINT ( 'NONE',  ( -3.927680589516822100, 11.96451637429937500, 18.70000000000011700 ) ) ;
#5163 = AXIS2_PLACEMENT_3D ( 'NONE', #1702, #5323, #8883 ) ;
#5164 = ORIENTED_EDGE ( 'NONE', *, *, #5881, .T. ) ;
#5165 = CARTESIAN_POINT ( 'NONE',  ( 2.932702847350673500, 9.259228901349221300, 9.985561183624442400 ) ) ;
#5166 = VERTEX_POINT ( 'NONE', #781 ) ;
#5167 = CIRCLE ( 'NONE', #4822, 0.2999999999999999300 ) ;
#5168 = CIRCLE ( 'NONE', #620, 1.499999999999999600 ) ;
#5169 = VERTEX_POINT ( 'NONE', #5973 ) ;
#5170 = CARTESIAN_POINT ( 'NONE',  ( -6.850000000000002300, 12.30000000000000100, 18.70000000000011700 ) ) ;
#5171 = DIRECTION ( 'NONE',  ( -0.0000000000000000000, -0.0000000000000000000, 1.000000000000000000 ) ) ;
#5172 = VERTEX_POINT ( 'NONE', #4263 ) ;
#5173 = PLANE ( 'NONE',  #349 ) ;
#5174 = CARTESIAN_POINT ( 'NONE',  ( -8.350000000000001400, -1.843908891458577100, 11.35000000000011300 ) ) ;
#5175 = EDGE_CURVE ( 'NONE', #2655, #10073, #5844, .T. ) ;
#5176 = CARTESIAN_POINT ( 'NONE',  ( -6.850000000000002300, 12.30000000000000100, 14.70000000000011700 ) ) ;
#5177 = DIRECTION ( 'NONE',  ( -2.496005001405477600E-016, -0.0000000000000000000, -1.000000000000000000 ) ) ;
#5178 = VERTEX_POINT ( 'NONE', #6824 ) ;
#5179 = AXIS2_PLACEMENT_3D ( 'NONE', #3954, #5919, #7310 ) ;
#5180 = LINE ( 'NONE', #3742, #4483 ) ;
#5181 = CIRCLE ( 'NONE', #6736, 3.214999999999999900 ) ;
#5182 = ORIENTED_EDGE ( 'NONE', *, *, #6166, .T. ) ;
#5183 = CARTESIAN_POINT ( 'NONE',  ( 3.215000000000044300, 7.825000000000000200, 22.67500000000000100 ) ) ;
#5184 = CARTESIAN_POINT ( 'NONE',  ( 8.347213595500074100, 8.000000000000000000, 2.200000000000000600 ) ) ;
#5185 = LINE ( 'NONE', #5847, #7782 ) ;
#5186 = ADVANCED_FACE ( 'NONE', ( #3522 ), #5715, .T. ) ;
#5187 = CARTESIAN_POINT ( 'NONE',  ( 3.462499999999992800, 13.82222592120723300, -7.274999999999975500 ) ) ;
#5188 = ORIENTED_EDGE ( 'NONE', *, *, #1363, .T. ) ;
#5189 = CARTESIAN_POINT ( 'NONE',  ( 0.7211618481915996700, 13.82222592120723600, -7.913192059410104800 ) ) ;
#5190 = ORIENTED_EDGE ( 'NONE', *, *, #4852, .F. ) ;
#5191 = FACE_OUTER_BOUND ( 'NONE', #4618, .T. ) ;
#5192 = FACE_BOUND ( 'NONE', #4593, .T. ) ;
#5193 = CARTESIAN_POINT ( 'NONE',  ( 4.500000000000003600, 7.825000000000000200, 0.04999999999999805300 ) ) ;
#5194 = PLANE ( 'NONE',  #435 ) ;
#5195 = EDGE_CURVE ( 'NONE', #1331, #9482, #10380, .T. ) ;
#5196 = CARTESIAN_POINT ( 'NONE',  ( -4.808410434011671300, 11.65487620520117000, 2.200000000000114300 ) ) ;
#5197 = SURFACE_STYLE_FILL_AREA ( #9445 ) ;
#5198 = AXIS2_PLACEMENT_3D ( 'NONE', #3565, #1885, #9680 ) ;
#5199 = ORIENTED_EDGE ( 'NONE', *, *, #8350, .T. ) ;
#5200 = DIRECTION ( 'NONE',  ( 0.0000000000000000000, 0.0000000000000000000, 1.000000000000000000 ) ) ;
#5201 = DIRECTION ( 'NONE',  ( -1.000000000000000000, 0.0000000000000000000, 5.507058653894629800E-016 ) ) ;
#5202 = FACE_OUTER_BOUND ( 'NONE', #4844, .T. ) ;
#5203 = ORIENTED_EDGE ( 'NONE', *, *, #5036, .F. ) ;
#5204 = CARTESIAN_POINT ( 'NONE',  ( 8.350000000000001400, 0.4000000000000001900, 9.550000000000000700 ) ) ;
#5205 = ORIENTED_EDGE ( 'NONE', *, *, #5249, .T. ) ;
#5206 = CARTESIAN_POINT ( 'NONE',  ( 7.950000000000000200, 0.3999999999999993000, 4.850000000000117800 ) ) ;
#5207 = CIRCLE ( 'NONE', #10971, 4.500000000000000000 ) ;
#5208 = LINE ( 'NONE', #1924, #4518 ) ;
#5209 = CARTESIAN_POINT ( 'NONE',  ( 7.874999999999989300, 7.825000000000000200, -5.450000000000002000 ) ) ;
#5210 = VECTOR ( 'NONE', #5279, 1000.000000000000000 ) ;
#5211 = VECTOR ( 'NONE', #3381, 1000.000000000000000 ) ;
#5212 = LINE ( 'NONE', #6910, #7541 ) ;
#5213 = ORIENTED_EDGE ( 'NONE', *, *, #4961, .F. ) ;
#5214 = DIRECTION ( 'NONE',  ( -1.000000000000000000, 0.0000000000000000000, 0.0000000000000000000 ) ) ;
#5215 = EDGE_CURVE ( 'NONE', #3600, #10458, #1855, .T. ) ;
#5216 = LINE ( 'NONE', #4794, #527 ) ;
#5217 = VERTEX_POINT ( 'NONE', #4299 ) ;
#5218 = EDGE_CURVE ( 'NONE', #2225, #7970, #3377, .T. ) ;
#5219 = VECTOR ( 'NONE', #9955, 1000.000000000000000 ) ;
#5220 = AXIS2_PLACEMENT_3D ( 'NONE', #7758, #3511, #10407 ) ;
#5221 = LINE ( 'NONE', #9249, #3713 ) ;
#5222 = PRESENTATION_STYLE_ASSIGNMENT (( #11365 ) ) ;
#5223 = DIRECTION ( 'NONE',  ( 2.111837275102199700E-016, -0.0000000000000000000, -1.000000000000000000 ) ) ;
#5224 = CARTESIAN_POINT ( 'NONE',  ( -8.350000000000001400, 8.000000000000000000, 17.20000000000011300 ) ) ;
#5225 = EDGE_LOOP ( 'NONE', ( #6399, #1539, #11293, #10217 ) ) ;
#5226 = DIRECTION ( 'NONE',  ( -0.4265687399014594400, 0.9044551454543675600, 0.0000000000000000000 ) ) ;
#5227 = VECTOR ( 'NONE', #8494, 1000.000000000000000 ) ;
#5228 = CARTESIAN_POINT ( 'NONE',  ( -4.832135734971188900, 11.53794763439791800, 14.70000000000011700 ) ) ;
#5229 = CARTESIAN_POINT ( 'NONE',  ( -1.880187805439771800, 9.527196853685957500, 10.10585413818948900 ) ) ;
#5230 = DIRECTION ( 'NONE',  ( -0.0000000000000000000, -0.0000000000000000000, 1.000000000000000000 ) ) ;
#5231 = EDGE_CURVE ( 'NONE', #3711, #4816, #3664, .T. ) ;
#5232 = DIRECTION ( 'NONE',  ( -0.0000000000000000000, -0.0000000000000000000, -1.000000000000000000 ) ) ;
#5233 = LINE ( 'NONE', #5414, #3443 ) ;
#5234 = CARTESIAN_POINT ( 'NONE',  ( 6.946575993125049900, 9.169852928574661300, 18.40000000000011900 ) ) ;
#5235 = AXIS2_PLACEMENT_3D ( 'NONE', #8783, #8894, #7036 ) ;
#5236 = ORIENTED_EDGE ( 'NONE', *, *, #11235, .F. ) ;
#5237 = DIRECTION ( 'NONE',  ( 0.0000000000000000000, 0.0000000000000000000, 1.000000000000000000 ) ) ;
#5238 = LINE ( 'NONE', #2317, #8104 ) ;
#5239 = ORIENTED_EDGE ( 'NONE', *, *, #6722, .F. ) ;
#5241 = CARTESIAN_POINT ( 'NONE',  ( -5.402871767273012400, 12.98250998384233400, 3.700000000000113900 ) ) ;
#5240 =( NAMED_UNIT ( * ) PLANE_ANGLE_UNIT ( ) SI_UNIT ( $, .RADIAN. ) );
#5242 = CARTESIAN_POINT ( 'NONE',  ( -8.350000000000001400, 12.30000000000000100, 2.200000000000114300 ) ) ;
#5243 = FILL_AREA_STYLE ('',( #10481 ) ) ;
#5244 = CARTESIAN_POINT ( 'NONE',  ( -9.999999999999996400, 1.599999999999956600, 9.700000000000001100 ) ) ;
#5245 = VECTOR ( 'NONE', #9525, 1000.000000000000000 ) ;
#5246 = EDGE_CURVE ( 'NONE', #5761, #2258, #10107, .T. ) ;
#5247 = ADVANCED_FACE ( 'NONE', ( #8450 ), #6673, .F. ) ;
#5248 = EDGE_LOOP ( 'NONE', ( #5921, #1938, #10077, #5771 ) ) ;
#5249 = EDGE_CURVE ( 'NONE', #976, #8213, #6259, .T. ) ;
#5250 = DIRECTION ( 'NONE',  ( 1.000000000000000000, 0.0000000000000000000, 0.0000000000000000000 ) ) ;
#5251 = LINE ( 'NONE', #4334, #8400 ) ;
#5252 = ORIENTED_EDGE ( 'NONE', *, *, #7622, .T. ) ;
#5253 = AXIS2_PLACEMENT_3D ( 'NONE', #1531, #6039, #7760 ) ;
#5254 = ORIENTED_EDGE ( 'NONE', *, *, #2486, .F. ) ;
#5255 = CARTESIAN_POINT ( 'NONE',  ( -7.673004626611401600, 8.000000000000000000, 0.0000000000000000000 ) ) ;
#5256 = VERTEX_POINT ( 'NONE', #3492 ) ;
#5257 = CARTESIAN_POINT ( 'NONE',  ( 3.734088909736650800, 13.35182013077110600, -7.520496821607318700 ) ) ;
#5258 = ORIENTED_EDGE ( 'NONE', *, *, #8592, .T. ) ;
#5259 = CARTESIAN_POINT ( 'NONE',  ( 1.267856592659571300E-015, 8.000000000000000000, 20.85000000000000100 ) ) ;
#5260 = VECTOR ( 'NONE', #2796, 1000.000000000000000 ) ;
#5261 = ORIENTED_EDGE ( 'NONE', *, *, #5808, .F. ) ;
#5262 = CARTESIAN_POINT ( 'NONE',  ( -4.453004128642339400, 3.543377554708033300, -7.848247762264802100 ) ) ;
#5263 = VERTEX_POINT ( 'NONE', #8736 ) ;
#5264 = EDGE_CURVE ( 'NONE', #7644, #1852, #10923, .T. ) ;
#5265 = VERTEX_POINT ( 'NONE', #9618 ) ;
#5266 = DIRECTION ( 'NONE',  ( 1.000000000000000000, -0.0000000000000000000, -0.0000000000000000000 ) ) ;
#5267 = CARTESIAN_POINT ( 'NONE',  ( 0.5723153489772148100, 13.82222592120723300, -7.920609600931537200 ) ) ;
#5268 = DIRECTION ( 'NONE',  ( 0.0000000000000000000, -0.0000000000000000000, 1.000000000000000000 ) ) ;
#5269 = ADVANCED_FACE ( 'NONE', ( #7767 ), #5624, .F. ) ;
#5270 = DIRECTION ( 'NONE',  ( -0.0000000000000000000, -1.000000000000000000, -0.0000000000000000000 ) ) ;
#5271 = FACE_OUTER_BOUND ( 'NONE', #9657, .T. ) ;
#5272 = EDGE_LOOP ( 'NONE', ( #1755, #7193, #11344, #5988, #6467 ) ) ;
#5273 = DIRECTION ( 'NONE',  ( -0.0000000000000000000, -0.0000000000000000000, 1.000000000000000000 ) ) ;
#5274 = ORIENTED_EDGE ( 'NONE', *, *, #2454, .F. ) ;
#5275 = DIRECTION ( 'NONE',  ( -1.000000000000000000, 0.0000000000000000000, -2.111837275102200000E-016 ) ) ;
#5276 = PLANE ( 'NONE',  #8576 ) ;
#5277 = ORIENTED_EDGE ( 'NONE', *, *, #8388, .F. ) ;
#5278 = DIRECTION ( 'NONE',  ( 0.0000000000000000000, 1.000000000000000000, 0.0000000000000000000 ) ) ;
#5279 = DIRECTION ( 'NONE',  ( 0.0000000000000000000, 0.0000000000000000000, 1.000000000000000000 ) ) ;
#5280 =( BOUNDED_CURVE ( )  B_SPLINE_CURVE ( 3, ( #11408, #6892, #2586, #7020 ),
 .UNSPECIFIED., .F., .F. ) 
 B_SPLINE_CURVE_WITH_KNOTS ( ( 4, 4 ),
 ( 2.775557561562889500E-017, 0.6108652381980133100 ),
 .UNSPECIFIED. ) 
 CURVE ( )  GEOMETRIC_REPRESENTATION_ITEM ( )  RATIONAL_B_SPLINE_CURVE ( ( 1.000000000000000000, 0.9691446338321514400, 0.9691446338321514400, 1.000000000000000000 ) ) 
 REPRESENTATION_ITEM ( '' )  );
#5281 = EDGE_CURVE ( 'NONE', #3324, #376, #5436, .T. ) ;
#5282 = DIRECTION ( 'NONE',  ( 0.0000000000000000000, -0.0000000000000000000, 1.000000000000000000 ) ) ;
#5283 = LINE ( 'NONE', #6971, #2654 ) ;
#5284 = ORIENTED_EDGE ( 'NONE', *, *, #15, .T. ) ;
#5285 = EDGE_CURVE ( 'NONE', #8605, #5148, #479, .T. ) ;
#5286 = ORIENTED_EDGE ( 'NONE', *, *, #359, .T. ) ;
#5287 = ORIENTED_EDGE ( 'NONE', *, *, #7591, .T. ) ;
#5288 = DIRECTION ( 'NONE',  ( 0.0000000000000000000, -1.000000000000000000, 0.0000000000000000000 ) ) ;
#5289 = EDGE_LOOP ( 'NONE', ( #9358, #4565, #8434, #5147 ) ) ;
#5290 = DIRECTION ( 'NONE',  ( -0.5726248390748288600, 0.5201357824263478400, -0.6336872742246424400 ) ) ;
#5291 = DIRECTION ( 'NONE',  ( 0.0000000000000000000, 1.000000000000000000, 0.0000000000000000000 ) ) ;
#5292 = ORIENTED_EDGE ( 'NONE', *, *, #6148, .F. ) ;
#5293 = EDGE_CURVE ( 'NONE', #2603, #2243, #2129, .T. ) ;
#5294 = ORIENTED_EDGE ( 'NONE', *, *, #486, .T. ) ;
#5295 = CARTESIAN_POINT ( 'NONE',  ( -7.950000000000000200, 1.600000000000000100, 17.19999999999999900 ) ) ;
#5296 = AXIS2_PLACEMENT_3D ( 'NONE', #2929, #1185, #5613 ) ;
#5297 = ADVANCED_FACE ( 'NONE', ( #8721 ), #755, .T. ) ;
#5298 = EDGE_LOOP ( 'NONE', ( #1973, #7033, #8426, #2334 ) ) ;
#5299 = VECTOR ( 'NONE', #3, 1000.000000000000000 ) ;
#5300 = ORIENTED_EDGE ( 'NONE', *, *, #6128, .F. ) ;
#5301 = CARTESIAN_POINT ( 'NONE',  ( -2.919372131244248000, 13.82222592120723600, -7.520516996750343400 ) ) ;
#5302 = ORIENTED_EDGE ( 'NONE', *, *, #7254, .F. ) ;
#5303 = CARTESIAN_POINT ( 'NONE',  ( -4.104359146306979500, 10.57570944474777400, 8.450000000000113000 ) ) ;
#5304 = CARTESIAN_POINT ( 'NONE',  ( 1.149071889010235200, 9.032443048002463100, 16.70000000000011300 ) ) ;
#5305 = DIRECTION ( 'NONE',  ( -0.1261989691358267300, -0.9920049496797154200, 0.0000000000000000000 ) ) ;
#5306 = ORIENTED_EDGE ( 'NONE', *, *, #10017, .T. ) ;
#5307 = VECTOR ( 'NONE', #1913, 999.9999999999998900 ) ;
#5308 = LINE ( 'NONE', #2097, #8734 ) ;
#5309 = EDGE_CURVE ( 'NONE', #1888, #7770, #9142, .T. ) ;
#5310 = ORIENTED_EDGE ( 'NONE', *, *, #6433, .F. ) ;
#5311 = APPLICATION_PROTOCOL_DEFINITION ( 'draft international standard', 'automotive_design', 1998, #101 ) ;
#5312 = PLANE ( 'NONE',  #3517 ) ;
#5313 = CARTESIAN_POINT ( 'NONE',  ( 7.299999999999998900, 8.000000000000000000, 9.550000000000000700 ) ) ;
#5314 = AXIS2_PLACEMENT_3D ( 'NONE', #7084, #1048, #1006 ) ;
#5315 = ORIENTED_EDGE ( 'NONE', *, *, #7705, .F. ) ;
#5316 = EDGE_LOOP ( 'NONE', ( #10198, #4988, #5780, #2137 ) ) ;
#5317 = VECTOR ( 'NONE', #3934, 1000.000000000000200 ) ;
#5318 = VECTOR ( 'NONE', #955, 1000.000000000000000 ) ;
#5319 = ADVANCED_FACE ( 'NONE', ( #8587 ), #1024, .F. ) ;
#5320 = FACE_OUTER_BOUND ( 'NONE', #3067, .T. ) ;
#5321 = CARTESIAN_POINT ( 'NONE',  ( -4.832135734971188900, 11.53794763439791800, 9.950000000000114800 ) ) ;
#5322 = EDGE_CURVE ( 'NONE', #2028, #7905, #7221, .T. ) ;
#5323 = DIRECTION ( 'NONE',  ( -0.0000000000000000000, 2.312964634635742700E-015, 1.000000000000000000 ) ) ;
#5324 = AXIS2_PLACEMENT_3D ( 'NONE', #7440, #8238, #10008 ) ;
#5325 = VECTOR ( 'NONE', #1189, 1000.000000000000000 ) ;
#5326 = FACE_OUTER_BOUND ( 'NONE', #4044, .T. ) ;
#5327 = EDGE_LOOP ( 'NONE', ( #4489, #2610, #7242, #3357 ) ) ;
#5328 = EDGE_LOOP ( 'NONE', ( #2383, #5927 ) ) ;
#5329 = VECTOR ( 'NONE', #3526, 1000.000000000000000 ) ;
#5330 = FACE_OUTER_BOUND ( 'NONE', #1809, .T. ) ;
#5331 = LINE ( 'NONE', #10123, #8490 ) ;
#5332 = LINE ( 'NONE', #1083, #9443 ) ;
#5333 = DIRECTION ( 'NONE',  ( 0.0000000000000000000, 0.0000000000000000000, -1.000000000000000000 ) ) ;
#5334 = VERTEX_POINT ( 'NONE', #5338 ) ;
#5335 = DIRECTION ( 'NONE',  ( 0.0000000000000000000, 1.000000000000000000, 0.0000000000000000000 ) ) ;
#5336 = DIRECTION ( 'NONE',  ( -0.0000000000000000000, -0.0000000000000000000, 1.000000000000000000 ) ) ;
#5337 = LINE ( 'NONE', #10153, #5062 ) ;
#5338 = CARTESIAN_POINT ( 'NONE',  ( -5.193917793152937000, 11.36732013843733200, 18.70000000000011700 ) ) ;
#5339 = ORIENTED_EDGE ( 'NONE', *, *, #3426, .T. ) ;
#5340 = LINE ( 'NONE', #9783, #77 ) ;
#5341 = EDGE_CURVE ( 'NONE', #8588, #676, #6122, .T. ) ;
#5342 = VECTOR ( 'NONE', #9231, 1000.000000000000000 ) ;
#5343 = LINE ( 'NONE', #6970, #9723 ) ;
#5344 = AXIS2_PLACEMENT_3D ( 'NONE', #3609, #9686, #38 ) ;
#5345 = VECTOR ( 'NONE', #3731, 1000.000000000000000 ) ;
#5346 = VECTOR ( 'NONE', #3860, 1000.000000000000000 ) ;
#5347 = DIRECTION ( 'NONE',  ( 1.000000000000000000, 0.0000000000000000000, 0.0000000000000000000 ) ) ;
#5348 = CARTESIAN_POINT ( 'NONE',  ( -6.850000000000002300, 12.30000000000000100, 10.17360679775009300 ) ) ;
#5349 = LINE ( 'NONE', #9577, #4672 ) ;
#5350 = CARTESIAN_POINT ( 'NONE',  ( -5.000000000000004400, 3.600000000000000100, 9.449999999999994000 ) ) ;
#5351 = ORIENTED_EDGE ( 'NONE', *, *, #8559, .T. ) ;
#5352 = ADVANCED_FACE ( 'NONE', ( #1711 ), #9545, .T. ) ;
#5353 = LINE ( 'NONE', #918, #10563 ) ;
#5354 = DIRECTION ( 'NONE',  ( 0.9044551454543665600, 0.4265687399014614900, 0.0000000000000000000 ) ) ;
#5355 = EDGE_CURVE ( 'NONE', #6139, #7406, #5168, .T. ) ;
#5356 = VECTOR ( 'NONE', #11358, 1000.000000000000000 ) ;
#5357 = EDGE_LOOP ( 'NONE', ( #4034, #8627, #7836, #2806 ) ) ;
#5358 = DIRECTION ( 'NONE',  ( -0.0000000000000000000, -0.0000000000000000000, 1.000000000000000000 ) ) ;
#5359 = EDGE_CURVE ( 'NONE', #4870, #4734, #60, .T. ) ;
#5360 = CARTESIAN_POINT ( 'NONE',  ( 7.350000000000001400, 1.600000000000031600, 17.20000000000000300 ) ) ;
#5361 = CARTESIAN_POINT ( 'NONE',  ( -8.350000000000001400, 12.30000000000000100, 3.700000000000113900 ) ) ;
#5362 = VECTOR ( 'NONE', #1928, 1000.000000000000000 ) ;
#5363 = DIRECTION ( 'NONE',  ( -5.583261179213479200E-016, -0.0000000000000000000, -1.000000000000000000 ) ) ;
#5364 = LINE ( 'NONE', #4913, #3184 ) ;
#5365 = ORIENTED_EDGE ( 'NONE', *, *, #3255, .F. ) ;
#5366 = DIRECTION ( 'NONE',  ( 0.0000000000000000000, 0.0000000000000000000, 1.000000000000000000 ) ) ;
#5367 = DIRECTION ( 'NONE',  ( 2.111837275102199700E-016, 0.0000000000000000000, -1.000000000000000000 ) ) ;
#5368 = FACE_OUTER_BOUND ( 'NONE', #743, .T. ) ;
#5369 = EDGE_LOOP ( 'NONE', ( #7631, #3420, #1021, #201 ) ) ;
#5370 = EDGE_CURVE ( 'NONE', #1102, #5563, #193, .T. ) ;
#5371 = ADVANCED_FACE ( 'NONE', ( #2543 ), #4484, .F. ) ;
#5372 = PLANE ( 'NONE',  #2207 ) ;
#5373 = AXIS2_PLACEMENT_3D ( 'NONE', #1830, #8967, #8936 ) ;
#5374 = DIRECTION ( 'NONE',  ( -1.000000000000000000, 0.0000000000000000000, 0.0000000000000000000 ) ) ;
#5375 = ORIENTED_EDGE ( 'NONE', *, *, #10200, .T. ) ;
#5376 = AXIS2_PLACEMENT_3D ( 'NONE', #10553, #4704, #6189 ) ;
#5377 = EDGE_LOOP ( 'NONE', ( #6304, #4660, #3529, #5804 ) ) ;
#5378 = CARTESIAN_POINT ( 'NONE',  ( -7.950000000000000200, 3.100000000000000500, 10.95000000000000100 ) ) ;
#5379 = VERTEX_POINT ( 'NONE', #8856 ) ;
#5380 = DIRECTION ( 'NONE',  ( 1.000000000000000000, 0.0000000000000000000, 0.0000000000000000000 ) ) ;
#5381 = LINE ( 'NONE', #8931, #8267 ) ;
#5382 = VERTEX_POINT ( 'NONE', #3618 ) ;
#5383 = CARTESIAN_POINT ( 'NONE',  ( -3.210233636357315000, 8.000000000000000000, 20.85000000000000100 ) ) ;
#5384 = ORIENTED_EDGE ( 'NONE', *, *, #817, .T. ) ;
#5385 = EDGE_CURVE ( 'NONE', #2626, #8837, #2268, .T. ) ;
#5386 = EDGE_LOOP ( 'NONE', ( #460, #10635, #9959, #9867 ) ) ;
#5387 = PLANE ( 'NONE',  #4747 ) ;
#5388 = FACE_OUTER_BOUND ( 'NONE', #4180, .T. ) ;
#5389 = ORIENTED_EDGE ( 'NONE', *, *, #2402, .F. ) ;
#5391 = CARTESIAN_POINT ( 'NONE',  ( -8.350000000000001400, 8.000000000000000000, 17.60000000000011500 ) ) ;
#5390 = DIRECTION ( 'NONE',  ( 0.0000000000000000000, 1.000000000000000000, 0.0000000000000000000 ) ) ;
#5392 = ORIENTED_EDGE ( 'NONE', *, *, #8187, .T. ) ;
#5393 = DIRECTION ( 'NONE',  ( 1.000000000000000000, 0.0000000000000000000, 0.0000000000000000000 ) ) ;
#5394 = CARTESIAN_POINT ( 'NONE',  ( 4.403554195056584400E-014, 7.825000000000000200, 22.67500000000000400 ) ) ;
#5395 = ORIENTED_EDGE ( 'NONE', *, *, #9234, .T. ) ;
#5396 = CARTESIAN_POINT ( 'NONE',  ( -4.816425578598542100, 11.57506703724288500, 16.22687137329190000 ) ) ;
#5397 = ORIENTED_EDGE ( 'NONE', *, *, #1493, .F. ) ;
#5398 = LINE ( 'NONE', #454, #4867 ) ;
#5399 = EDGE_CURVE ( 'NONE', #10116, #5720, #4349, .T. ) ;
#5400 = ORIENTED_EDGE ( 'NONE', *, *, #11282, .T. ) ;
#5401 = VERTEX_POINT ( 'NONE', #2839 ) ;
#5402 = ADVANCED_FACE ( 'NONE', ( #11194 ), #3734, .T. ) ;
#5403 = DIRECTION ( 'NONE',  ( 0.0000000000000000000, 5.782411586589357600E-016, -1.000000000000000000 ) ) ;
#5404 = DIRECTION ( 'NONE',  ( 0.0000000000000000000, 0.0000000000000000000, -1.000000000000000000 ) ) ;
#5405 = ORIENTED_EDGE ( 'NONE', *, *, #6112, .F. ) ;
#5406 = DIRECTION ( 'NONE',  ( -5.583261179213479200E-016, -0.0000000000000000000, -1.000000000000000000 ) ) ;
#5407 = DIRECTION ( 'NONE',  ( 0.0000000000000000000, -1.000000000000000000, 0.0000000000000000000 ) ) ;
#5408 = DIRECTION ( 'NONE',  ( 0.0000000000000000000, -0.0000000000000000000, -1.000000000000000000 ) ) ;
#5409 = VECTOR ( 'NONE', #4982, 1000.000000000000000 ) ;
#5410 = VERTEX_POINT ( 'NONE', #6254 ) ;
#5411 = DIRECTION ( 'NONE',  ( -0.5726248390748289700, 0.5201357824263478400, 0.6336872742246424400 ) ) ;
#5412 = VERTEX_POINT ( 'NONE', #5601 ) ;
#5413 = CARTESIAN_POINT ( 'NONE',  ( 0.0000000000000000000, 0.0000000000000000000, 0.0000000000000000000 ) ) ;
#5414 = CARTESIAN_POINT ( 'NONE',  ( -9.999999999999996400, -3.350000000000042700, 11.10000000000011700 ) ) ;
#5415 = DIRECTION ( 'NONE',  ( 0.0000000000000000000, -1.000000000000000000, -0.0000000000000000000 ) ) ;
#5416 = EDGE_CURVE ( 'NONE', #1670, #6233, #1986, .T. ) ;
#5417 = ORIENTED_EDGE ( 'NONE', *, *, #5692, .F. ) ;
#5418 = DIRECTION ( 'NONE',  ( 0.0000000000000000000, 0.0000000000000000000, -1.000000000000000000 ) ) ;
#5419 = EDGE_CURVE ( 'NONE', #7671, #8164, #6389, .T. ) ;
#5420 = VERTEX_POINT ( 'NONE', #1178 ) ;
#5421 = AXIS2_PLACEMENT_3D ( 'NONE', #1497, #8493, #1530 ) ;
#5422 = VECTOR ( 'NONE', #10239, 1000.000000000000000 ) ;
#5423 = ORIENTED_EDGE ( 'NONE', *, *, #5644, .F. ) ;
#5424 = DIRECTION ( 'NONE',  ( -0.0000000000000000000, -0.0000000000000000000, 1.000000000000000000 ) ) ;
#5425 = VERTEX_POINT ( 'NONE', #3034 ) ;
#5426 = ADVANCED_FACE ( 'NONE', ( #11331 ), #10054, .F. ) ;
#5428 = CARTESIAN_POINT ( 'NONE',  ( -3.300000000000007400, 3.600000000000000100, 11.24999999999999300 ) ) ;
#5427 = CARTESIAN_POINT ( 'NONE',  ( 10.00000000000000000, 8.000000000000000000, 15.80000000000000100 ) ) ;
#5429 = VERTEX_POINT ( 'NONE', #404 ) ;
#5430 = CARTESIAN_POINT ( 'NONE',  ( -2.610512356868663500, 10.78889192452703600, -2.879138655913817300E-016 ) ) ;
#5431 = CARTESIAN_POINT ( 'NONE',  ( 4.115249749999066800E-014, 7.825000000000000200, 20.85000000000000100 ) ) ;
#5432 = DIRECTION ( 'NONE',  ( -0.1261989691358268200, -0.9920049496797155300, 0.0000000000000000000 ) ) ;
#5433 = EDGE_LOOP ( 'NONE', ( #4550, #5467, #6871, #9469 ) ) ;
#5434 = LINE ( 'NONE', #4005, #2128 ) ;
#5435 = CARTESIAN_POINT ( 'NONE',  ( 10.00000000000000200, 8.000000000000000000, 0.0000000000000000000 ) ) ;
#5436 = LINE ( 'NONE', #6592, #9815 ) ;
#5437 = ORIENTED_EDGE ( 'NONE', *, *, #1279, .T. ) ;
#5438 = EDGE_LOOP ( 'NONE', ( #3853, #9360, #6366, #5907 ) ) ;
#5439 = EDGE_CURVE ( 'NONE', #7269, #11058, #3798, .T. ) ;
#5440 = DIRECTION ( 'NONE',  ( 0.0000000000000000000, 0.0000000000000000000, -1.000000000000000000 ) ) ;
#5441 = AXIS2_PLACEMENT_3D ( 'NONE', #10891, #7339, #4821 ) ;
#5442 = DIRECTION ( 'NONE',  ( 0.0000000000000000000, 0.0000000000000000000, -1.000000000000000000 ) ) ;
#5443 = DIRECTION ( 'NONE',  ( 0.0000000000000000000, 1.000000000000000000, 0.0000000000000000000 ) ) ;
#5444 = ORIENTED_EDGE ( 'NONE', *, *, #2781, .T. ) ;
#5445 = CARTESIAN_POINT ( 'NONE',  ( 0.0000000000000000000, 7.825000000000000200, 24.80000000000000400 ) ) ;
#5446 = LINE ( 'NONE', #7152, #2974 ) ;
#5447 = VECTOR ( 'NONE', #10205, 1000.000000000000000 ) ;
#5448 = VERTEX_POINT ( 'NONE', #2996 ) ;
#5449 = CARTESIAN_POINT ( 'NONE',  ( -7.950000000000000200, 9.360147050873548500, 15.95000000000000300 ) ) ;
#5450 = DIRECTION ( 'NONE',  ( -0.9044551454543675600, -0.4265687399014594400, 0.0000000000000000000 ) ) ;
#5451 = B_SPLINE_CURVE_WITH_KNOTS ( 'NONE', 3,
 ( #5665, #310, #6550, #3059, #3946, #4834, #7435, #2159, #1206, #3874, #2943, #2082, #10950, #1318, #8533, #3283 ),
 .UNSPECIFIED., .F., .F.,
 ( 4, 2, 2, 2, 2, 2, 2, 4 ),
 ( 2.572426037089700300E-007, 0.0008898219034166426600, 0.001779386564229576200, 0.003558515885855443200, 0.004448080546668376500, 0.005337645207481308400, 0.006227209868294242100, 0.007116774529107174100 ),
 .UNSPECIFIED. ) ;
#5452 = PLANE ( 'NONE',  #2238 ) ;
#5453 = EDGE_CURVE ( 'NONE', #7749, #9179, #4076, .T. ) ;
#5454 = ORIENTED_EDGE ( 'NONE', *, *, #6195, .T. ) ;
#5455 = ORIENTED_EDGE ( 'NONE', *, *, #8412, .F. ) ;
#5456 =( GEOMETRIC_REPRESENTATION_CONTEXT ( 3 ) GLOBAL_UNCERTAINTY_ASSIGNED_CONTEXT ( ( #2022 ) ) GLOBAL_UNIT_ASSIGNED_CONTEXT ( ( #10085, #9239, #10964 ) ) REPRESENTATION_CONTEXT ( 'NONE', 'WORKASPACE' ) );
#5457 = LINE ( 'NONE', #8045, #8345 ) ;
#5458 = VECTOR ( 'NONE', #2851, 1000.000000000000100 ) ;
#5459 = CARTESIAN_POINT ( 'NONE',  ( -6.850000000000002300, 12.30000000000000100, 9.950000000000114800 ) ) ;
#5460 = CARTESIAN_POINT ( 'NONE',  ( -1.740153877978051900, 9.399998989646013200, 16.57588816405454000 ) ) ;
#5461 = AXIS2_PLACEMENT_3D ( 'NONE', #4208, #9410, #4174 ) ;
#5462 = LINE ( 'NONE', #10988, #7246 ) ;
#5463 = ADVANCED_FACE ( 'NONE', ( #8995 ), #2133, .T. ) ;
#5464 = ORIENTED_EDGE ( 'NONE', *, *, #153, .F. ) ;
#5465 = DIRECTION ( 'NONE',  ( -0.2830212059666766800, 0.9591136517499727600, -2.734307246729172200E-015 ) ) ;
#5466 = LINE ( 'NONE', #583, #1060 ) ;
#5467 = ORIENTED_EDGE ( 'NONE', *, *, #7430, .F. ) ;
#5468 = ORIENTED_EDGE ( 'NONE', *, *, #7771, .T. ) ;
#5469 = LINE ( 'NONE', #5913, #3137 ) ;
#5470 = LINE ( 'NONE', #2692, #4385 ) ;
#5471 = DIRECTION ( 'NONE',  ( 1.000000000000000000, 0.0000000000000000000, -0.0000000000000000000 ) ) ;
#5472 = DIRECTION ( 'NONE',  ( 0.9044551454543665600, 0.4265687399014614900, 0.0000000000000000000 ) ) ;
#5473 = VECTOR ( 'NONE', #3851, 999.9999999999998900 ) ;
#5474 = EDGE_CURVE ( 'NONE', #9212, #3205, #1580, .T. ) ;
#5475 = DIRECTION ( 'NONE',  ( 0.0000000000000000000, -0.0000000000000000000, 1.000000000000000000 ) ) ;
#5476 = CARTESIAN_POINT ( 'NONE',  ( 1.224791270491731200, 9.627646017810292300, 16.70000000000011300 ) ) ;
#5477 = VECTOR ( 'NONE', #7377, 1000.000000000000000 ) ;
#5478 = CARTESIAN_POINT ( 'NONE',  ( -7.950000000000000200, -3.349999999999998800, 9.800000000000116200 ) ) ;
#5479 = ORIENTED_EDGE ( 'NONE', *, *, #4912, .F. ) ;
#5480 = ORIENTED_EDGE ( 'NONE', *, *, #6297, .F. ) ;
#5481 = LINE ( 'NONE', #4481, #7808 ) ;
#5482 = DIRECTION ( 'NONE',  ( 1.000000000000000000, 0.0000000000000000000, 0.0000000000000000000 ) ) ;
#5483 = EDGE_LOOP ( 'NONE', ( #6107, #6181, #2287, #6308 ) ) ;
#5484 = LINE ( 'NONE', #3871, #9320 ) ;
#5485 = VECTOR ( 'NONE', #3304, 1000.000000000000000 ) ;
#5486 = LINE ( 'NONE', #8941, #6034 ) ;
#5487 = ADVANCED_FACE ( 'NONE', ( #1430 ), #3940, .T. ) ;
#5488 = ORIENTED_EDGE ( 'NONE', *, *, #2063, .F. ) ;
#5489 = EDGE_CURVE ( 'NONE', #982, #6194, #8169, .T. ) ;
#5490 = VECTOR ( 'NONE', #3504, 1000.000000000000000 ) ;
#5491 = ORIENTED_EDGE ( 'NONE', *, *, #3667, .T. ) ;
#5492 = AXIS2_PLACEMENT_3D ( 'NONE', #10835, #7399, #5633 ) ;
#5493 = EDGE_CURVE ( 'NONE', #10900, #10043, #4214, .T. ) ;
#5494 = DIRECTION ( 'NONE',  ( 0.0000000000000000000, -0.0000000000000000000, 1.000000000000000000 ) ) ;
#5495 = FACE_OUTER_BOUND ( 'NONE', #5702, .T. ) ;
#5496 = DIRECTION ( 'NONE',  ( -0.0000000000000000000, -0.0000000000000000000, -1.000000000000000000 ) ) ;
#5497 = CARTESIAN_POINT ( 'NONE',  ( -8.350000000000001400, 0.4000000000000001900, 11.35000000000011300 ) ) ;
#5498 = DIRECTION ( 'NONE',  ( -0.0000000000000000000, -0.0000000000000000000, 1.000000000000000000 ) ) ;
#5499 = CARTESIAN_POINT ( 'NONE',  ( -7.673004626611401600, 8.000000000000000000, 6.249999999999999100 ) ) ;
#5500 = ADVANCED_FACE ( 'NONE', ( #10501 ), #361, .T. ) ;
#5501 = DIRECTION ( 'NONE',  ( -0.0000000000000000000, -0.0000000000000000000, 1.000000000000000000 ) ) ;
#5502 = VERTEX_POINT ( 'NONE', #6526 ) ;
#5503 = DIRECTION ( 'NONE',  ( 0.0000000000000000000, 0.0000000000000000000, -1.000000000000000000 ) ) ;
#5504 = FACE_OUTER_BOUND ( 'NONE', #5816, .T. ) ;
#5505 = EDGE_LOOP ( 'NONE', ( #9749, #11166, #5562, #9619 ) ) ;
#5506 = EDGE_CURVE ( 'NONE', #3055, #1536, #44, .T. ) ;
#5508 = DIRECTION ( 'NONE',  ( -1.000000000000000000, 0.0000000000000000000, 1.222097581868572100E-016 ) ) ;
#5507 = DIRECTION ( 'NONE',  ( -0.0000000000000000000, 0.0000000000000000000, 1.000000000000000000 ) ) ;
#5509 = DIRECTION ( 'NONE',  ( -0.0000000000000000000, -0.0000000000000000000, 1.000000000000000000 ) ) ;
#5510 = EDGE_CURVE ( 'NONE', #8804, #6564, #2528, .T. ) ;
#5511 = CIRCLE ( 'NONE', #3096, 5.499999999999996400 ) ;
#5512 = CARTESIAN_POINT ( 'NONE',  ( 6.997055580779380600, 9.566654908446548000, 8.450000000000113000 ) ) ;
#5513 = ORIENTED_EDGE ( 'NONE', *, *, #6856, .T. ) ;
#5514 = CIRCLE ( 'NONE', #4718, 3.214999999999999900 ) ;
#5515 = ORIENTED_EDGE ( 'NONE', *, *, #221, .F. ) ;
#5516 = CARTESIAN_POINT ( 'NONE',  ( -7.950000000000000200, 9.360147050873548500, 17.35000000000000500 ) ) ;
#5517 = ORIENTED_EDGE ( 'NONE', *, *, #2990, .F. ) ;
#5518 = ADVANCED_FACE ( 'NONE', ( #7356 ), #9086, .F. ) ;
#5519 = ORIENTED_EDGE ( 'NONE', *, *, #11094, .F. ) ;
#5520 = EDGE_LOOP ( 'NONE', ( #3051, #10850, #188, #2513 ) ) ;
#5521 = EDGE_CURVE ( 'NONE', #9266, #10455, #6250, .T. ) ;
#5522 = DIRECTION ( 'NONE',  ( 1.000000000000000000, -3.854941057726231600E-015, 0.0000000000000000000 ) ) ;
#5523 = AXIS2_PLACEMENT_3D ( 'NONE', #8457, #6659, #5894 ) ;
#5524 = CIRCLE ( 'NONE', #3979, 0.4500000000000007300 ) ;
#5525 = EDGE_LOOP ( 'NONE', ( #5807, #3370, #5943, #11001, #8778, #10612, #5032, #10595 ) ) ;
#5526 = DIRECTION ( 'NONE',  ( -3.502725030463842900E-018, -2.753366839191349700E-017, -1.000000000000000000 ) ) ;
#5527 = AXIS2_PLACEMENT_3D ( 'NONE', #4521, #2747, #5393 ) ;
#5528 = ORIENTED_EDGE ( 'NONE', *, *, #10562, .T. ) ;
#5529 = DIRECTION ( 'NONE',  ( -0.0000000000000000000, -0.0000000000000000000, 1.000000000000000000 ) ) ;
#5530 = ORIENTED_EDGE ( 'NONE', *, *, #9883, .F. ) ;
#5531 = DIRECTION ( 'NONE',  ( 0.0000000000000000000, 0.5766660201766968800, -0.8169799882332305900 ) ) ;
#5532 = CARTESIAN_POINT ( 'NONE',  ( -8.309113651749974800, 1.883021205966680000, 3.700000000000000600 ) ) ;
#5533 = CARTESIAN_POINT ( 'NONE',  ( 4.750000000000067500, 8.000000000000000000, 12.45000000000000300 ) ) ;
#5534 = DIRECTION ( 'NONE',  ( -0.4265687399014589400, 0.9044551454543676700, -0.0000000000000000000 ) ) ;
#5535 = ORIENTED_EDGE ( 'NONE', *, *, #279, .F. ) ;
#5536 = ORIENTED_EDGE ( 'NONE', *, *, #8446, .T. ) ;
#5537 = CARTESIAN_POINT ( 'NONE',  ( -8.350000000000001400, 0.4000000000000001900, 3.300000000000114400 ) ) ;
#5538 = EDGE_CURVE ( 'NONE', #8707, #9217, #4885, .T. ) ;
#5539 = AXIS2_PLACEMENT_3D ( 'NONE', #4695, #9055, #8371 ) ;
#5540 = EDGE_CURVE ( 'NONE', #11158, #7241, #7208, .T. ) ;
#5541 = ADVANCED_FACE ( 'NONE', ( #2256 ), #10094, .T. ) ;
#5542 = ORIENTED_EDGE ( 'NONE', *, *, #11400, .T. ) ;
#5543 = VECTOR ( 'NONE', #6928, 1000.000000000000000 ) ;
#5544 = ORIENTED_EDGE ( 'NONE', *, *, #4893, .T. ) ;
#5545 = CARTESIAN_POINT ( 'NONE',  ( 3.171676389805457000, 8.884518554691602800, 3.855854138189487700 ) ) ;
#5546 = CARTESIAN_POINT ( 'NONE',  ( 1.105825268713746200E-015, 7.825000000000000200, -4.500000000000000000 ) ) ;
#5547 = VERTEX_POINT ( 'NONE', #6600 ) ;
#5548 = EDGE_LOOP ( 'NONE', ( #10046, #3469, #1018, #8938, #2902, #8741, #8740, #8449 ) ) ;
#5549 = CARTESIAN_POINT ( 'NONE',  ( 10.00000000000000200, 8.000000000000000000, 0.0000000000000000000 ) ) ;
#5550 = ADVANCED_FACE ( 'NONE', ( #1017 ), #10629, .F. ) ;
#5551 = EDGE_CURVE ( 'NONE', #2951, #5668, #6800, .T. ) ;
#5552 = AXIS2_PLACEMENT_3D ( 'NONE', #628, #3256, #5024 ) ;
#5553 = LINE ( 'NONE', #74, #7345 ) ;
#5554 = EDGE_LOOP ( 'NONE', ( #296, #6370, #10102, #7038 ) ) ;
#5555 = EDGE_CURVE ( 'NONE', #10745, #2760, #5704, .T. ) ;
#5556 = EDGE_LOOP ( 'NONE', ( #6403, #8887, #5866, #8395 ) ) ;
#5557 = CARTESIAN_POINT ( 'NONE',  ( -8.350000000000001400, 9.360147050873548500, 3.550000000000001200 ) ) ;
#5558 = DIRECTION ( 'NONE',  ( -1.000000000000000000, 0.0000000000000000000, 5.507058653894629800E-016 ) ) ;
#5559 =( NAMED_UNIT ( * ) PLANE_ANGLE_UNIT ( ) SI_UNIT ( $, .RADIAN. ) );
#5560 = ORIENTED_EDGE ( 'NONE', *, *, #8793, .F. ) ;
#5561 = DIRECTION ( 'NONE',  ( 0.0000000000000000000, -1.000000000000000000, 0.0000000000000000000 ) ) ;
#5562 = ORIENTED_EDGE ( 'NONE', *, *, #5021, .F. ) ;
#5563 = VERTEX_POINT ( 'NONE', #3189 ) ;
#5564 = LINE ( 'NONE', #745, #7625 ) ;
#5565 = EDGE_LOOP ( 'NONE', ( #7056, #8039 ) ) ;
#5566 = ORIENTED_EDGE ( 'NONE', *, *, #11348, .T. ) ;
#5567 = CARTESIAN_POINT ( 'NONE',  ( -6.850000000000002300, 12.30000000000000100, 10.72639320225013500 ) ) ;
#5568 = CARTESIAN_POINT ( 'NONE',  ( -5.000000000000004400, 0.7000000000000000700, 9.449999999999994000 ) ) ;
#5569 = CARTESIAN_POINT ( 'NONE',  ( -9.999999999999996400, 3.299999999999999800, 3.450000000000000600 ) ) ;
#5570 = DIRECTION ( 'NONE',  ( -1.000000000000000000, 0.0000000000000000000, 6.308085367188394200E-016 ) ) ;
#5571 = EDGE_CURVE ( 'NONE', #2491, #9021, #9127, .T. ) ;
#5572 = ADVANCED_FACE ( 'NONE', ( #10912 ), #481, .T. ) ;
#5573 = DIRECTION ( 'NONE',  ( 0.0000000000000000000, 0.0000000000000000000, -1.000000000000000000 ) ) ;
#5574 = MECHANICAL_DESIGN_GEOMETRIC_PRESENTATION_REPRESENTATION (  '', ( #111 ), #6817 ) ;
#5575 = CARTESIAN_POINT ( 'NONE',  ( 8.350000000000001400, 9.360147050873548500, 11.10000000000011700 ) ) ;
#5576 = AXIS2_PLACEMENT_3D ( 'NONE', #7999, #6314, #1049 ) ;
#5577 = ORIENTED_EDGE ( 'NONE', *, *, #1960, .T. ) ;
#5578 = FACE_OUTER_BOUND ( 'NONE', #11046, .T. ) ;
#5579 = FACE_OUTER_BOUND ( 'NONE', #1467, .T. ) ;
#5580 = ORIENTED_EDGE ( 'NONE', *, *, #9097, .T. ) ;
#5581 = DIRECTION ( 'NONE',  ( -0.0000000000000000000, -1.000000000000000000, -0.0000000000000000000 ) ) ;
#5582 = CARTESIAN_POINT ( 'NONE',  ( -8.350000000000001400, 8.000000000000000000, 9.950000000000114800 ) ) ;
#5583 = DIRECTION ( 'NONE',  ( -5.583261179213479200E-016, -0.0000000000000000000, -1.000000000000000000 ) ) ;
#5584 = DIRECTION ( 'NONE',  ( -1.000000000000000000, 0.0000000000000000000, -0.0000000000000000000 ) ) ;
#5585 = DIRECTION ( 'NONE',  ( -0.9044551454543665600, -0.4265687399014614900, 0.0000000000000000000 ) ) ;
#5586 = EDGE_LOOP ( 'NONE', ( #11170, #9730, #3419, #364 ) ) ;
#5587 = ORIENTED_EDGE ( 'NONE', *, *, #9608, .F. ) ;
#5588 = FACE_OUTER_BOUND ( 'NONE', #1823, .T. ) ;
#5589 = FACE_OUTER_BOUND ( 'NONE', #3728, .T. ) ;
#5590 = EDGE_CURVE ( 'NONE', #1888, #9648, #2396, .T. ) ;
#5591 = CARTESIAN_POINT ( 'NONE',  ( 3.215000000000044300, 7.825000000000000200, 22.67500000000000100 ) ) ;
#5592 = AXIS2_PLACEMENT_3D ( 'NONE', #9400, #647, #761 ) ;
#5593 = VECTOR ( 'NONE', #11019, 1000.000000000000100 ) ;
#5594 = AXIS2_PLACEMENT_3D ( 'NONE', #3421, #759, #3458 ) ;
#5595 = PLANE ( 'NONE',  #4786 ) ;
#5596 = VERTEX_POINT ( 'NONE', #6710 ) ;
#5597 = DIRECTION ( 'NONE',  ( 0.0000000000000000000, 0.0000000000000000000, -1.000000000000000000 ) ) ;
#5598 = DIRECTION ( 'NONE',  ( -5.583261179213479200E-016, -0.0000000000000000000, -1.000000000000000000 ) ) ;
#5599 = ADVANCED_FACE ( 'NONE', ( #8577 ), #1433, .F. ) ;
#5600 = VECTOR ( 'NONE', #2775, 1000.000000000000100 ) ;
#5602 = LINE ( 'NONE', #4950, #78 ) ;
#5601 = CARTESIAN_POINT ( 'NONE',  ( 4.343440674907173000, 9.501013568232988100, 18.12874079730325500 ) ) ;
#5603 = DIRECTION ( 'NONE',  ( 1.000000000000000000, 0.0000000000000000000, 0.0000000000000000000 ) ) ;
#5604 = ORIENTED_EDGE ( 'NONE', *, *, #2555, .F. ) ;
#5605 = CYLINDRICAL_SURFACE ( 'NONE', #8766, 0.3000000000000016500 ) ;
#5606 = FACE_OUTER_BOUND ( 'NONE', #6947, .T. ) ;
#5607 = DIRECTION ( 'NONE',  ( -1.000000000000000000, 0.0000000000000000000, 0.0000000000000000000 ) ) ;
#5608 = FACE_OUTER_BOUND ( 'NONE', #5525, .T. ) ;
#5609 = EDGE_CURVE ( 'NONE', #7224, #2058, #4202, .T. ) ;
#5610 = VECTOR ( 'NONE', #8069, 1000.000000000000000 ) ;
#5611 = EDGE_CURVE ( 'NONE', #9015, #9036, #5020, .T. ) ;
#5612 = ORIENTED_EDGE ( 'NONE', *, *, #8017, .F. ) ;
#5613 = DIRECTION ( 'NONE',  ( 0.0000000000000000000, -0.0000000000000000000, 1.000000000000000000 ) ) ;
#5614 = CARTESIAN_POINT ( 'NONE',  ( -1.161931998813490400E-016, 8.000000000000000000, 0.05000000000000143200 ) ) ;
#5615 = STYLED_ITEM ( 'NONE', ( #3402 ), #2587 ) ;
#5616 = CIRCLE ( 'NONE', #6263, 4.500000000000000000 ) ;
#5617 = DIRECTION ( 'NONE',  ( 1.000000000000000000, 0.0000000000000000000, -0.0000000000000000000 ) ) ;
#5618 = DIRECTION ( 'NONE',  ( -0.0000000000000000000, -0.0000000000000000000, 1.000000000000000000 ) ) ;
#5619 = ADVANCED_FACE ( 'NONE', ( #7897 ), #5718, .F. ) ;
#5620 = VERTEX_POINT ( 'NONE', #4116 ) ;
#5621 = DIRECTION ( 'NONE',  ( -0.1261989691358260700, -0.9920049496797155300, 0.0000000000000000000 ) ) ;
#5622 = CIRCLE ( 'NONE', #2576, 5.499999999999994700 ) ;
#5623 = LINE ( 'NONE', #3802, #8885 ) ;
#5624 = PLANE ( 'NONE',  #1948 ) ;
#5625 = FACE_OUTER_BOUND ( 'NONE', #1971, .T. ) ;
#5626 = VECTOR ( 'NONE', #9665, 1000.000000000000000 ) ;
#5627 = LINE ( 'NONE', #10856, #5897 ) ;
#5629 = DIRECTION ( 'NONE',  ( -0.0000000000000000000, -0.0000000000000000000, 1.000000000000000000 ) ) ;
#5628 = DIRECTION ( 'NONE',  ( 0.0000000000000000000, 0.0000000000000000000, -1.000000000000000000 ) ) ;
#5630 = FACE_BOUND ( 'NONE', #4147, .T. ) ;
#5631 = ORIENTED_EDGE ( 'NONE', *, *, #3740, .F. ) ;
#5632 = EDGE_CURVE ( 'NONE', #6235, #1391, #9962, .T. ) ;
#5633 = DIRECTION ( 'NONE',  ( 1.000000000000000000, 0.0000000000000000000, -0.0000000000000000000 ) ) ;
#5635 = DIRECTION ( 'NONE',  ( -0.0000000000000000000, -0.0000000000000000000, 1.000000000000000000 ) ) ;
#5634 = FACE_OUTER_BOUND ( 'NONE', #3252, .T. ) ;
#5636 = VERTEX_POINT ( 'NONE', #2362 ) ;
#5637 = DIRECTION ( 'NONE',  ( -0.0000000000000000000, -1.000000000000000000, -0.0000000000000000000 ) ) ;
#5638 = FACE_OUTER_BOUND ( 'NONE', #6759, .T. ) ;
#5639 = VERTEX_POINT ( 'NONE', #10089 ) ;
#5640 = DIRECTION ( 'NONE',  ( -0.0000000000000000000, 1.000000000000000000, -0.0000000000000000000 ) ) ;
#5641 = DIRECTION ( 'NONE',  ( -0.0000000000000000000, 1.000000000000000000, -0.0000000000000000000 ) ) ;
#5642 = LINE ( 'NONE', #9223, #6045 ) ;
#5643 = CARTESIAN_POINT ( 'NONE',  ( 7.950000000000000200, 3.100000000000000500, 10.94999999999999900 ) ) ;
#5644 = EDGE_CURVE ( 'NONE', #3334, #1041, #10368, .T. ) ;
#5645 = PLANE ( 'NONE',  #905 ) ;
#5646 = EDGE_CURVE ( 'NONE', #363, #10334, #3239, .T. ) ;
#5647 = VECTOR ( 'NONE', #6076, 1000.000000000000000 ) ;
#5648 = DIRECTION ( 'NONE',  ( 9.637352644315598700E-016, -0.0000000000000000000, 1.000000000000000000 ) ) ;
#5649 = VERTEX_POINT ( 'NONE', #4992 ) ;
#5650 = VECTOR ( 'NONE', #10226, 1000.000000000000000 ) ;
#5651 = VERTEX_POINT ( 'NONE', #5061 ) ;
#5652 = DIRECTION ( 'NONE',  ( 1.579750383876801700E-015, 0.0000000000000000000, 1.000000000000000000 ) ) ;
#5653 = CARTESIAN_POINT ( 'NONE',  ( -7.950000000000000200, 0.4000000000000001900, 17.35000000000000500 ) ) ;
#5654 = ORIENTED_EDGE ( 'NONE', *, *, #1038, .F. ) ;
#5655 = DIRECTION ( 'NONE',  ( 0.0000000000000000000, 0.0000000000000000000, -1.000000000000000000 ) ) ;
#5656 = ORIENTED_EDGE ( 'NONE', *, *, #3635, .T. ) ;
#5657 = CARTESIAN_POINT ( 'NONE',  ( -7.950000000000000200, 8.000000000000000000, 14.70000000000011700 ) ) ;
#5658 = EDGE_LOOP ( 'NONE', ( #5277, #7511, #3196, #7443, #10136, #967 ) ) ;
#5659 = ADVANCED_FACE ( 'NONE', ( #7080 ), #3100, .T. ) ;
#5660 = VECTOR ( 'NONE', #1825, 1000.000000000000000 ) ;
#5661 = ORIENTED_EDGE ( 'NONE', *, *, #6665, .T. ) ;
#5662 = EDGE_CURVE ( 'NONE', #5974, #2704, #1565, .T. ) ;
#5663 = EDGE_LOOP ( 'NONE', ( #5294, #865, #8333, #7521 ) ) ;
#5664 = EDGE_CURVE ( 'NONE', #8564, #8769, #9265, .T. ) ;
#5665 = CARTESIAN_POINT ( 'NONE',  ( 3.462499999999989700, 1.827774078792768100, -7.274999999999975500 ) ) ;
#5666 = CARTESIAN_POINT ( 'NONE',  ( 7.950000000000000200, -1.843908891458577100, 9.550000000000000700 ) ) ;
#5667 = AXIS2_PLACEMENT_3D ( 'NONE', #1796, #6104, #10471 ) ;
#5668 = VERTEX_POINT ( 'NONE', #11264 ) ;
#5669 = CARTESIAN_POINT ( 'NONE',  ( -8.414611063213548900, 8.057789891777611400, 16.25778989177772600 ) ) ;
#5670 = ADVANCED_FACE ( 'NONE', ( #8311 ), #6818, .F. ) ;
#5671 = LINE ( 'NONE', #5228, #987 ) ;
#5672 = EDGE_LOOP ( 'NONE', ( #7809, #8775, #575, #127 ) ) ;
#5673 = EDGE_LOOP ( 'NONE', ( #8040, #2, #2240, #5300 ) ) ;
#5674 = CARTESIAN_POINT ( 'NONE',  ( -3.300000000000007800, 3.600000000000000100, 18.74999999999999600 ) ) ;
#5675 = DIRECTION ( 'NONE',  ( -0.0000000000000000000, -1.000000000000000000, -0.0000000000000000000 ) ) ;
#5676 = EDGE_CURVE ( 'NONE', #4927, #9895, #5968, .T. ) ;
#5677 = ORIENTED_EDGE ( 'NONE', *, *, #992, .T. ) ;
#5678 =( LENGTH_UNIT ( ) NAMED_UNIT ( * ) SI_UNIT ( .MILLI., .METRE. ) );
#5679 = AXIS2_PLACEMENT_3D ( 'NONE', #5394, #7965, #8730 ) ;
#5680 = CIRCLE ( 'NONE', #4046, 4.500000000000000000 ) ;
#5681 = ORIENTED_EDGE ( 'NONE', *, *, #7844, .F. ) ;
#5682 = ORIENTED_EDGE ( 'NONE', *, *, #1417, .T. ) ;
#5683 = DIRECTION ( 'NONE',  ( -0.0000000000000000000, 0.0000000000000000000, -1.000000000000000000 ) ) ;
#5684 = DIRECTION ( 'NONE',  ( -0.0000000000000000000, -0.0000000000000000000, 1.000000000000000000 ) ) ;
#5685 = UNCERTAINTY_MEASURE_WITH_UNIT (LENGTH_MEASURE( 1.000000000000000100E-005 ), #2458, 'distance_accuracy_value', 'NONE');
#5686 = ORIENTED_EDGE ( 'NONE', *, *, #4797, .T. ) ;
#5687 =( NAMED_UNIT ( * ) SI_UNIT ( $, .STERADIAN. ) SOLID_ANGLE_UNIT ( ) );
#5688 = CARTESIAN_POINT ( 'NONE',  ( 4.194641597934185600, 9.923166996255266900, 8.817500000000112700 ) ) ;
#5689 = DIRECTION ( 'NONE',  ( -0.0000000000000000000, -0.0000000000000000000, 1.000000000000000000 ) ) ;
#5690 = DIRECTION ( 'NONE',  ( -0.2830212059666797300, -0.9591136517499718700, 0.0000000000000000000 ) ) ;
#5691 = LINE ( 'NONE', #7964, #4194 ) ;
#5692 = EDGE_CURVE ( 'NONE', #8755, #7749, #8851, .T. ) ;
#5693 = ORIENTED_EDGE ( 'NONE', *, *, #4037, .F. ) ;
#5694 = DIRECTION ( 'NONE',  ( -0.0000000000000000000, -0.0000000000000000000, 1.000000000000000000 ) ) ;
#5695 = VERTEX_POINT ( 'NONE', #7667 ) ;
#5696 = AXIS2_PLACEMENT_3D ( 'NONE', #3534, #3648, #9763 ) ;
#5698 = CARTESIAN_POINT ( 'NONE',  ( -8.350000000000001400, 8.000000000000000000, 17.20000000000011300 ) ) ;
#5697 = DIRECTION ( 'NONE',  ( 2.111837275102199700E-016, -0.0000000000000000000, -1.000000000000000000 ) ) ;
#5699 = EDGE_LOOP ( 'NONE', ( #6936, #10749, #6878, #151 ) ) ;
#5700 = CARTESIAN_POINT ( 'NONE',  ( -9.999999999999996400, 1.600000000000000100, 4.950000000000000200 ) ) ;
#5701 = DIRECTION ( 'NONE',  ( -0.9920049496797154200, 0.1261989691358265700, 0.0000000000000000000 ) ) ;
#5702 = EDGE_LOOP ( 'NONE', ( #5965, #1847, #1595, #3230 ) ) ;
#5703 = CARTESIAN_POINT ( 'NONE',  ( 8.350000000000001400, 8.000000000000000000, 6.200000000000001100 ) ) ;
#5704 = LINE ( 'NONE', #10204, #5422 ) ;
#5705 = ORIENTED_EDGE ( 'NONE', *, *, #9483, .F. ) ;
#5706 = ORIENTED_EDGE ( 'NONE', *, *, #1999, .T. ) ;
#5707 = PLANE ( 'NONE',  #5843 ) ;
#5708 = EDGE_CURVE ( 'NONE', #3259, #2603, #5564, .T. ) ;
#5709 = ORIENTED_EDGE ( 'NONE', *, *, #9028, .T. ) ;
#5710 = EDGE_LOOP ( 'NONE', ( #2532, #4041, #261, #7893 ) ) ;
#5711 = EDGE_CURVE ( 'NONE', #10097, #8811, #1300, .T. ) ;
#5712 = VERTEX_POINT ( 'NONE', #11224 ) ;
#5713 = CARTESIAN_POINT ( 'NONE',  ( 8.309113651749971300, 1.883021205966708900, 17.19999999999999900 ) ) ;
#5714 = LINE ( 'NONE', #11008, #3939 ) ;
#5715 = CONICAL_SURFACE ( 'NONE', #7907, 7.774999999999995000, 0.7853981633974526100 ) ;
#5716 = VERTEX_POINT ( 'NONE', #1584 ) ;
#5717 = ADVANCED_FACE ( 'NONE', ( #8025, #6532 ), #11185, .T. ) ;
#5718 = PLANE ( 'NONE',  #772 ) ;
#5719 = CARTESIAN_POINT ( 'NONE',  ( -6.850000000000002300, 12.30000000000000100, 12.45000000000011300 ) ) ;
#5720 = VERTEX_POINT ( 'NONE', #5099 ) ;
#5721 = CARTESIAN_POINT ( 'NONE',  ( -7.950000000000000200, 3.100000000000000500, 16.20000000000000300 ) ) ;
#5722 = VERTEX_POINT ( 'NONE', #705 ) ;
#5723 = DIRECTION ( 'NONE',  ( 1.000000000000000000, 6.982962677686266700E-015, 0.0000000000000000000 ) ) ;
#5724 = LINE ( 'NONE', #5537, #9154 ) ;
#5725 = CIRCLE ( 'NONE', #1859, 7.774999999999995000 ) ;
#5726 = CARTESIAN_POINT ( 'NONE',  ( -9.999999999999996400, 1.599999999999956600, 11.19999999999999800 ) ) ;
#5727 = CARTESIAN_POINT ( 'NONE',  ( -8.150000000000000400, 12.30000000000000100, 10.17360679775009300 ) ) ;
#5728 = ADVANCED_FACE ( 'NONE', ( #9678 ), #4755, .T. ) ;
#5729 = DIRECTION ( 'NONE',  ( -0.0000000000000000000, -0.0000000000000000000, -1.000000000000000000 ) ) ;
#5730 = EDGE_CURVE ( 'NONE', #5961, #8318, #7754, .T. ) ;
#5731 = FACE_OUTER_BOUND ( 'NONE', #9707, .T. ) ;
#5732 = EDGE_CURVE ( 'NONE', #9407, #6952, #4499, .T. ) ;
#5733 = DIRECTION ( 'NONE',  ( 0.0000000000000000000, -0.0000000000000000000, 1.000000000000000000 ) ) ;
#5734 = AXIS2_PLACEMENT_3D ( 'NONE', #9473, #9326, #3231 ) ;
#5735 = ORIENTED_EDGE ( 'NONE', *, *, #3686, .T. ) ;
#5736 = ORIENTED_EDGE ( 'NONE', *, *, #700, .T. ) ;
#5737 = VECTOR ( 'NONE', #7478, 1000.000000000000000 ) ;
#5738 = FACE_OUTER_BOUND ( 'NONE', #5025, .T. ) ;
#5740 = CARTESIAN_POINT ( 'NONE',  ( 1.309085912708786400, 10.29025604452769800, 5.832500000000111500 ) ) ;
#5739 = CARTESIAN_POINT ( 'NONE',  ( 4.999999999999997300, 0.7000000000000000700, 11.24999999999999300 ) ) ;
#5741 = VECTOR ( 'NONE', #4749, 1000.000000000000000 ) ;
#5742 = PLANE ( 'NONE',  #5079 ) ;
#5743 = ORIENTED_EDGE ( 'NONE', *, *, #6409, .F. ) ;
#5744 = EDGE_CURVE ( 'NONE', #8821, #5649, #6939, .T. ) ;
#5745 = LINE ( 'NONE', #8308, #3693 ) ;
#5746 = DIRECTION ( 'NONE',  ( 0.9044551454543665600, 0.4265687399014614900, 0.0000000000000000000 ) ) ;
#5747 = ORIENTED_EDGE ( 'NONE', *, *, #5359, .T. ) ;
#5748 = AXIS2_PLACEMENT_3D ( 'NONE', #9758, #860, #4448 ) ;
#5749 = LINE ( 'NONE', #11086, #11366 ) ;
#5750 = LINE ( 'NONE', #3673, #2168 ) ;
#5751 = AXIS2_PLACEMENT_3D ( 'NONE', #3207, #9373, #5848 ) ;
#5752 = FACE_OUTER_BOUND ( 'NONE', #6524, .T. ) ;
#5753 = FACE_OUTER_BOUND ( 'NONE', #3412, .T. ) ;
#5754 = DIRECTION ( 'NONE',  ( -1.000000000000000000, 0.0000000000000000000, 5.585411658410938400E-016 ) ) ;
#5755 = VECTOR ( 'NONE', #3418, 1000.000000000000000 ) ;
#5756 = CARTESIAN_POINT ( 'NONE',  ( -9.999999999999996400, 3.099999999999913000, 17.19999999999999900 ) ) ;
#5757 = DIRECTION ( 'NONE',  ( -6.938893903907228400E-016, 0.0000000000000000000, 1.000000000000000000 ) ) ;
#5758 = VERTEX_POINT ( 'NONE', #2698 ) ;
#5759 = FACE_OUTER_BOUND ( 'NONE', #4894, .T. ) ;
#5760 = DIRECTION ( 'NONE',  ( 0.4265687399014589400, -0.9044551454543676700, 0.0000000000000000000 ) ) ;
#5761 = VERTEX_POINT ( 'NONE', #10606 ) ;
#5762 = CARTESIAN_POINT ( 'NONE',  ( -8.150000000000000400, 12.30000000000000100, 3.923606797750092100 ) ) ;
#5763 = LINE ( 'NONE', #6549, #11377 ) ;
#5764 = CYLINDRICAL_SURFACE ( 'NONE', #3624, 0.2999999999999999300 ) ;
#5765 = EDGE_CURVE ( 'NONE', #5379, #3755, #5155, .T. ) ;
#5766 = VECTOR ( 'NONE', #2889, 1000.000000000000000 ) ;
#5767 = CARTESIAN_POINT ( 'NONE',  ( 4.750000000000002700, 8.400000000000000400, 6.200000000000003700 ) ) ;
#5768 = DIRECTION ( 'NONE',  ( 0.0000000000000000000, 0.0000000000000000000, 1.000000000000000000 ) ) ;
#5769 = CARTESIAN_POINT ( 'NONE',  ( -8.450000000000002800, 12.30000000000000100, 3.700000000000113900 ) ) ;
#5770 = PLANE ( 'NONE',  #223 ) ;
#5771 = ORIENTED_EDGE ( 'NONE', *, *, #8621, .T. ) ;
#5772 = CIRCLE ( 'NONE', #6395, 0.1999999999999987900 ) ;
#5773 = ADVANCED_FACE ( 'NONE', ( #7487 ), #1163, .T. ) ;
#5774 = CARTESIAN_POINT ( 'NONE',  ( -4.832135734971188900, 11.53794763439791800, 14.70000000000011700 ) ) ;
#5775 = CARTESIAN_POINT ( 'NONE',  ( -7.950000000000000200, -1.843908891458577100, 11.35000000000011300 ) ) ;
#5776 = EDGE_CURVE ( 'NONE', #6088, #1536, #470, .T. ) ;
#5777 = FACE_OUTER_BOUND ( 'NONE', #1842, .T. ) ;
#5778 = DIRECTION ( 'NONE',  ( -2.496005001405477600E-016, 0.0000000000000000000, -1.000000000000000000 ) ) ;
#5779 = CARTESIAN_POINT ( 'NONE',  ( -5.493317281818449700, 12.93985310985218700, 3.700000000000113900 ) ) ;
#5780 = ORIENTED_EDGE ( 'NONE', *, *, #3635, .F. ) ;
#5781 = AXIS2_PLACEMENT_3D ( 'NONE', #3867, #8178, #9950 ) ;
#5782 = LINE ( 'NONE', #2609, #553 ) ;
#5783 = ORIENTED_EDGE ( 'NONE', *, *, #8515, .T. ) ;
#5784 = DIRECTION ( 'NONE',  ( 0.4656145203251128600, -0.8849876374630411000, 2.273603650596014100E-017 ) ) ;
#5785 = VECTOR ( 'NONE', #5496, 1000.000000000000000 ) ;
#5786 = CARTESIAN_POINT ( 'NONE',  ( -7.950000000000000200, 1.600000000000000100, 10.95000000000000100 ) ) ;
#5787 = ORIENTED_EDGE ( 'NONE', *, *, #6309, .T. ) ;
#5788 = DIRECTION ( 'NONE',  ( -0.0000000000000000000, -0.0000000000000000000, 1.000000000000000000 ) ) ;
#5789 = CARTESIAN_POINT ( 'NONE',  ( 7.299999999999998900, 8.000000000000000000, 11.35000000000000100 ) ) ;
#5790 = LINE ( 'NONE', #6862, #5113 ) ;
#5791 = EDGE_CURVE ( 'NONE', #8996, #9497, #2962, .T. ) ;
#5792 = ORIENTED_EDGE ( 'NONE', *, *, #50, .T. ) ;
#5793 = DIRECTION ( 'NONE',  ( 1.740648411148072600E-016, -2.214384466385228800E-017, -1.000000000000000000 ) ) ;
#5794 = EDGE_CURVE ( 'NONE', #8291, #6952, #3355, .T. ) ;
#5795 = ORIENTED_EDGE ( 'NONE', *, *, #4452, .F. ) ;
#5796 = DIRECTION ( 'NONE',  ( -0.0000000000000000000, -1.000000000000000000, -0.0000000000000000000 ) ) ;
#5797 = AXIS2_PLACEMENT_3D ( 'NONE', #4318, #960, #8906 ) ;
#5798 = VERTEX_POINT ( 'NONE', #4479 ) ;
#5799 = STYLED_ITEM ( 'NONE', ( #158 ), #6677 ) ;
#5800 = CARTESIAN_POINT ( 'NONE',  ( 7.950000000000000200, -3.350000000000085800, 16.70000000000011300 ) ) ;
#5801 = VERTEX_POINT ( 'NONE', #895 ) ;
#5802 = CARTESIAN_POINT ( 'NONE',  ( 7.673004626611401600, 8.000000000000000000, 0.0000000000000000000 ) ) ;
#5803 = CARTESIAN_POINT ( 'NONE',  ( 2.311115933264683000E-030, 7.825000000000000200, 3.469446951953614200E-015 ) ) ;
#5804 = ORIENTED_EDGE ( 'NONE', *, *, #2904, .F. ) ;
#5805 = ORIENTED_EDGE ( 'NONE', *, *, #6540, .F. ) ;
#5806 = CARTESIAN_POINT ( 'NONE',  ( -9.999999999999996400, 1.599999999999912600, 15.94999999999999900 ) ) ;
#5807 = ORIENTED_EDGE ( 'NONE', *, *, #450, .F. ) ;
#5808 = EDGE_CURVE ( 'NONE', #3842, #7975, #4068, .T. ) ;
#5809 = CARTESIAN_POINT ( 'NONE',  ( -8.350000000000001400, 9.360147050873548500, 11.10000000000000300 ) ) ;
#5810 = DIRECTION ( 'NONE',  ( -0.0000000000000000000, -1.000000000000000000, -0.0000000000000000000 ) ) ;
#5811 = ORIENTED_EDGE ( 'NONE', *, *, #604, .T. ) ;
#5812 = DIRECTION ( 'NONE',  ( 0.0000000000000000000, 0.0000000000000000000, -1.000000000000000000 ) ) ;
#5813 = DIRECTION ( 'NONE',  ( -0.0000000000000000000, -0.0000000000000000000, 1.000000000000000000 ) ) ;
#5814 = ORIENTED_EDGE ( 'NONE', *, *, #10095, .T. ) ;
#5815 = CARTESIAN_POINT ( 'NONE',  ( -4.837073890375361200, 11.78284682717160900, 3.700000000000113900 ) ) ;
#5816 = EDGE_LOOP ( 'NONE', ( #5654, #621, #8578, #9390 ) ) ;
#5817 = CARTESIAN_POINT ( 'NONE',  ( 2.919372131244241300, 1.827774078792768800, -7.520516996750351300 ) ) ;
#5818 = VECTOR ( 'NONE', #7762, 999.9999999999998900 ) ;
#5819 = ORIENTED_EDGE ( 'NONE', *, *, #6978, .F. ) ;
#5820 = CARTESIAN_POINT ( 'NONE',  ( -1.740153877978051700, 9.399998989646013200, 4.200000000000113900 ) ) ;
#5821 = EDGE_CURVE ( 'NONE', #9677, #8927, #11044, .T. ) ;
#5822 = ORIENTED_EDGE ( 'NONE', *, *, #10556, .F. ) ;
#5823 = CARTESIAN_POINT ( 'NONE',  ( -8.350000000000001400, 0.4000000000000001900, 3.300000000000114400 ) ) ;
#5824 = EDGE_CURVE ( 'NONE', #2739, #5429, #5691, .T. ) ;
#5825 = ADVANCED_FACE ( 'NONE', ( #1287, #10899 ), #8728, .T. ) ;
#5826 = DIRECTION ( 'NONE',  ( -0.0000000000000000000, -0.0000000000000000000, 1.000000000000000000 ) ) ;
#5827 = ADVANCED_BREP_SHAPE_REPRESENTATION ( '', ( #7171, #11241, #545, #825, #6677, #10194, #2733, #9898, #1875, #2587, #9536 ), #488 ) ;
#5828 = MECHANICAL_DESIGN_GEOMETRIC_PRESENTATION_REPRESENTATION (  '', ( #5615 ), #5456 ) ;
#5829 = ORIENTED_EDGE ( 'NONE', *, *, #1238, .F. ) ;
#5830 = AXIS2_PLACEMENT_3D ( 'NONE', #10063, #5684, #7490 ) ;
#5831 = DIRECTION ( 'NONE',  ( 0.0000000000000000000, 1.000000000000000000, 0.0000000000000000000 ) ) ;
#5832 = ORIENTED_EDGE ( 'NONE', *, *, #7143, .F. ) ;
#5833 = FACE_OUTER_BOUND ( 'NONE', #5554, .T. ) ;
#5834 = ORIENTED_EDGE ( 'NONE', *, *, #9467, .F. ) ;
#5835 = ORIENTED_EDGE ( 'NONE', *, *, #395, .F. ) ;
#5836 = DIRECTION ( 'NONE',  ( 1.000000000000000000, 0.0000000000000000000, -0.0000000000000000000 ) ) ;
#5837 = CARTESIAN_POINT ( 'NONE',  ( 4.500564466318534600E-017, 7.825000000000000200, -6.399999999999999500 ) ) ;
#5838 = DIRECTION ( 'NONE',  ( -1.579750383876801700E-015, -0.0000000000000000000, -1.000000000000000000 ) ) ;
#5839 = EDGE_LOOP ( 'NONE', ( #1475, #6920, #7326, #5286 ) ) ;
#5840 = EDGE_CURVE ( 'NONE', #1705, #9345, #9393, .T. ) ;
#5841 = ORIENTED_EDGE ( 'NONE', *, *, #11263, .F. ) ;
#5842 = ORIENTED_EDGE ( 'NONE', *, *, #2656, .T. ) ;
#5843 = AXIS2_PLACEMENT_3D ( 'NONE', #8355, #9198, #1362 ) ;
#5844 = LINE ( 'NONE', #7670, #5980 ) ;
#5845 = ORIENTED_EDGE ( 'NONE', *, *, #5439, .T. ) ;
#5846 = ORIENTED_EDGE ( 'NONE', *, *, #395, .T. ) ;
#5847 = CARTESIAN_POINT ( 'NONE',  ( -9.999999999999996400, 8.000000000000000000, 0.0000000000000000000 ) ) ;
#5848 = DIRECTION ( 'NONE',  ( 0.0000000000000000000, -0.0000000000000000000, 1.000000000000000000 ) ) ;
#5849 = CARTESIAN_POINT ( 'NONE',  ( -5.855099340000199600, 12.76922561389160500, 2.200000000000114300 ) ) ;
#5850 = CARTESIAN_POINT ( 'NONE',  ( -7.950000000000000200, 3.100000000000000500, 4.700000000000002000 ) ) ;
#5851 = ORIENTED_EDGE ( 'NONE', *, *, #3857, .T. ) ;
#5852 = ORIENTED_EDGE ( 'NONE', *, *, #8512, .F. ) ;
#5853 = LINE ( 'NONE', #2680, #1996 ) ;
#5854 = CIRCLE ( 'NONE', #6799, 7.874999999999992900 ) ;
#5855 = ORIENTED_EDGE ( 'NONE', *, *, #787, .T. ) ;
#5856 = CARTESIAN_POINT ( 'NONE',  ( -3.042877342671344500E-015, 7.825000000000000200, -5.449999999999997500 ) ) ;
#5857 = EDGE_CURVE ( 'NONE', #4985, #2509, #2665, .T. ) ;
#5858 = LINE ( 'NONE', #9562, #10520 ) ;
#5859 = AXIS2_PLACEMENT_3D ( 'NONE', #10152, #5925, #5778 ) ;
#5860 = EDGE_CURVE ( 'NONE', #7970, #6301, #6661, .T. ) ;
#5861 = CARTESIAN_POINT ( 'NONE',  ( 8.350000000000001400, 8.400000000000000400, 6.200000000000001100 ) ) ;
#5862 = CARTESIAN_POINT ( 'NONE',  ( 7.900000000000114900, 8.400000000000000400, 18.70000000000000300 ) ) ;
#5863 = CARTESIAN_POINT ( 'NONE',  ( -9.999999999999996400, -3.349999999999998800, 4.200000000000116500 ) ) ;
#5864 = EDGE_LOOP ( 'NONE', ( #567, #6632, #9466, #8168 ) ) ;
#5865 = CARTESIAN_POINT ( 'NONE',  ( -4.500000000000000000, 7.825000000000000200, 20.85000000000000100 ) ) ;
#5866 = ORIENTED_EDGE ( 'NONE', *, *, #6128, .T. ) ;
#5867 = FACE_OUTER_BOUND ( 'NONE', #10182, .T. ) ;
#5868 = FACE_OUTER_BOUND ( 'NONE', #2992, .T. ) ;
#5869 = CARTESIAN_POINT ( 'NONE',  ( -9.999999999999996400, 8.000000000000000000, 15.80000000000000100 ) ) ;
#5870 = LINE ( 'NONE', #5739, #356 ) ;
#5871 = DIRECTION ( 'NONE',  ( -0.0000000000000000000, 1.000000000000000000, -0.0000000000000000000 ) ) ;
#5872 = FACE_OUTER_BOUND ( 'NONE', #11311, .T. ) ;
#5873 = DIRECTION ( 'NONE',  ( -5.583261179213479200E-016, 0.0000000000000000000, -1.000000000000000000 ) ) ;
#5874 = FACE_OUTER_BOUND ( 'NONE', #8128, .T. ) ;
#5875 = VERTEX_POINT ( 'NONE', #977 ) ;
#5876 = CARTESIAN_POINT ( 'NONE',  ( 7.900000000000114900, 8.400000000000000400, 14.70000000000000100 ) ) ;
#5877 = ORIENTED_EDGE ( 'NONE', *, *, #11367, .F. ) ;
#5878 = DIRECTION ( 'NONE',  ( 0.0000000000000000000, 0.0000000000000000000, 1.000000000000000000 ) ) ;
#5879 = VECTOR ( 'NONE', #2715, 1000.000000000000000 ) ;
#5880 = LINE ( 'NONE', #5806, #7244 ) ;
#5881 = EDGE_CURVE ( 'NONE', #8564, #10624, #5553, .T. ) ;
#5882 = EDGE_CURVE ( 'NONE', #2879, #2671, #2488, .T. ) ;
#5883 = VECTOR ( 'NONE', #2919, 1000.000000000000000 ) ;
#5884 = DIRECTION ( 'NONE',  ( 1.000000000000000000, -0.0000000000000000000, -0.0000000000000000000 ) ) ;
#5885 = LINE ( 'NONE', #2695, #3564 ) ;
#5886 = ADVANCED_FACE ( 'NONE', ( #5833 ), #10676, .F. ) ;
#5887 = ORIENTED_EDGE ( 'NONE', *, *, #1589, .F. ) ;
#5888 = FILL_AREA_STYLE_COLOUR ( '', #10405 ) ;
#5889 = VECTOR ( 'NONE', #4379, 1000.000000000000100 ) ;
#5890 = EDGE_LOOP ( 'NONE', ( #3367, #578, #9817, #2540 ) ) ;
#5891 = VECTOR ( 'NONE', #9058, 1000.000000000000000 ) ;
#5892 = VECTOR ( 'NONE', #4028, 1000.000000000000100 ) ;
#5893 = DIRECTION ( 'NONE',  ( 0.0000000000000000000, -0.0000000000000000000, 1.000000000000000000 ) ) ;
#5894 = DIRECTION ( 'NONE',  ( 0.0000000000000000000, -0.0000000000000000000, 1.000000000000000000 ) ) ;
#5895 = COLOUR_RGB ( '',0.7921568627450980000, 0.8196078431372548800, 0.9333333333333333500 ) ;
#5896 = CIRCLE ( 'NONE', #1254, 0.6500000000000012400 ) ;
#5897 = VECTOR ( 'NONE', #7421, 1000.000000000000100 ) ;
#5898 = EDGE_CURVE ( 'NONE', #7589, #5712, #8840, .T. ) ;
#5899 = CARTESIAN_POINT ( 'NONE',  ( 1.201700650471017900, 1.827774078792768500, -7.894239636610235400 ) ) ;
#5900 = VECTOR ( 'NONE', #7628, 1000.000000000000100 ) ;
#5901 = AXIS2_PLACEMENT_3D ( 'NONE', #11113, #8612, #8506 ) ;
#5902 = VERTEX_POINT ( 'NONE', #3761 ) ;
#5903 = DIRECTION ( 'NONE',  ( 1.000000000000000000, 0.0000000000000000000, 0.0000000000000000000 ) ) ;
#5904 = DIRECTION ( 'NONE',  ( 2.111837275102199700E-016, -0.0000000000000000000, -1.000000000000000000 ) ) ;
#5905 = VECTOR ( 'NONE', #5534, 1000.000000000000100 ) ;
#5906 = DIRECTION ( 'NONE',  ( 0.0000000000000000000, 0.0000000000000000000, 1.000000000000000000 ) ) ;
#5907 = ORIENTED_EDGE ( 'NONE', *, *, #10873, .T. ) ;
#5908 = ORIENTED_EDGE ( 'NONE', *, *, #7704, .T. ) ;
#5909 = EDGE_CURVE ( 'NONE', #2280, #3066, #7887, .T. ) ;
#5910 = DIRECTION ( 'NONE',  ( 0.9591136517499718700, -0.2830212059666797300, 0.0000000000000000000 ) ) ;
#5911 = AXIS2_PLACEMENT_3D ( 'NONE', #1633, #827, #6988 ) ;
#5912 = LINE ( 'NONE', #3503, #3033 ) ;
#5913 = CARTESIAN_POINT ( 'NONE',  ( -9.999999999999996400, 1.600000000000000100, 3.450000000000000600 ) ) ;
#5914 = CARTESIAN_POINT ( 'NONE',  ( 4.750000000000067500, 8.400000000000000400, 12.45000000000000300 ) ) ;
#5915 = ORIENTED_EDGE ( 'NONE', *, *, #839, .T. ) ;
#5916 = CARTESIAN_POINT ( 'NONE',  ( 7.950000000000000200, -3.349999999999998800, 4.200000000000116500 ) ) ;
#5917 = LINE ( 'NONE', #10737, #5785 ) ;
#5918 = ORIENTED_EDGE ( 'NONE', *, *, #7559, .F. ) ;
#5919 = DIRECTION ( 'NONE',  ( 0.0000000000000000000, 5.782411586589357600E-016, -1.000000000000000000 ) ) ;
#5920 = VECTOR ( 'NONE', #509, 1000.000000000000000 ) ;
#5921 = ORIENTED_EDGE ( 'NONE', *, *, #8651, .F. ) ;
#5922 = CARTESIAN_POINT ( 'NONE',  ( -8.350000000000001400, 8.000000000000000000, 6.200000000000113900 ) ) ;
#5923 = CARTESIAN_POINT ( 'NONE',  ( 0.0000000000000000000, 8.000000000000000000, 12.49999999999999800 ) ) ;
#5924 = EDGE_CURVE ( 'NONE', #7644, #4816, #5959, .T. ) ;
#5925 = DIRECTION ( 'NONE',  ( 1.000000000000000000, 0.0000000000000000000, -2.496005001405477600E-016 ) ) ;
#5926 = CLOSED_SHELL ( 'NONE', ( #4490, #1549, #3634, #790, #2306, #9115, #6044, #3865, #3771, #4571, #9429, #2016, #11223, #6688, #4748, #8963, #8467, #5599, #3485, #8303, #10202, #3841, #1654, #10779, #8875, #1993, #2076, #6525, #3952, #1663, #4917, #6210, #5247, #4115, #8316, #7247, #3336, #7194, #10416, #2661, #627, #8155, #9627, #2142, #9388, #2032, #3188, #5140, #966, #9492, #8631, #10258, #6998, #1015, #9220, #10684, #4439, #11002 ) ) ;
#5927 = ORIENTED_EDGE ( 'NONE', *, *, #9697, .F. ) ;
#5928 = ADVANCED_FACE ( 'NONE', ( #1699 ), #3507, .T. ) ;
#5929 = ORIENTED_EDGE ( 'NONE', *, *, #308, .F. ) ;
#5930 = FACE_OUTER_BOUND ( 'NONE', #1186, .T. ) ;
#5931 = VERTEX_POINT ( 'NONE', #3722 ) ;
#5932 = ADVANCED_FACE ( 'NONE', ( #11322 ), #7281, .T. ) ;
#5933 = EDGE_LOOP ( 'NONE', ( #6528, #7136, #5400, #5795 ) ) ;
#5934 = CARTESIAN_POINT ( 'NONE',  ( 0.0000000000000000000, 8.000000000000000000, 18.75000000000000000 ) ) ;
#5935 = DIRECTION ( 'NONE',  ( -1.000000000000000000, -0.0000000000000000000, -0.0000000000000000000 ) ) ;
#5936 = LINE ( 'NONE', #4258, #9913 ) ;
#5937 = VERTEX_POINT ( 'NONE', #8882 ) ;
#5938 = EDGE_CURVE ( 'NONE', #5420, #4751, #1553, .T. ) ;
#5939 = CARTESIAN_POINT ( 'NONE',  ( 8.347213595500074100, 8.000000000000000000, 2.200000000000000600 ) ) ;
#5940 = ORIENTED_EDGE ( 'NONE', *, *, #1877, .T. ) ;
#5941 = EDGE_CURVE ( 'NONE', #8755, #9666, #6241, .T. ) ;
#5942 = AXIS2_PLACEMENT_3D ( 'NONE', #4842, #9311, #2209 ) ;
#5943 = ORIENTED_EDGE ( 'NONE', *, *, #359, .F. ) ;
#5944 = CARTESIAN_POINT ( 'NONE',  ( -7.950000000000000200, 9.360147050873548500, 4.700000000000005500 ) ) ;
#5945 = PLANE ( 'NONE',  #10320 ) ;
#5946 = CARTESIAN_POINT ( 'NONE',  ( -4.104359146306979500, 10.57570944474777400, 18.70000000000011700 ) ) ;
#5947 = SURFACE_SIDE_STYLE ('',( #4004 ) ) ;
#5948 = FACE_OUTER_BOUND ( 'NONE', #8364, .T. ) ;
#5949 = ORIENTED_EDGE ( 'NONE', *, *, #4160, .T. ) ;
#5950 = DIRECTION ( 'NONE',  ( -0.0000000000000000000, -0.0000000000000000000, 1.000000000000000000 ) ) ;
#5951 = ORIENTED_EDGE ( 'NONE', *, *, #8544, .T. ) ;
#5952 = CARTESIAN_POINT ( 'NONE',  ( 10.00000000000000200, 8.000000000000000000, 0.0000000000000000000 ) ) ;
#5953 = EDGE_CURVE ( 'NONE', #4017, #1555, #4742, .T. ) ;
#5955 = CARTESIAN_POINT ( 'NONE',  ( -4.808410434011671300, 11.65487620520117000, 3.795636175779656200 ) ) ;
#5954 =( NAMED_UNIT ( * ) SI_UNIT ( $, .STERADIAN. ) SOLID_ANGLE_UNIT ( ) );
#5956 = ORIENTED_EDGE ( 'NONE', *, *, #2953, .T. ) ;
#5957 = CARTESIAN_POINT ( 'NONE',  ( -9.999999999999996400, 1.600000000000000100, 3.700000000000000600 ) ) ;
#5958 = DIRECTION ( 'NONE',  ( 1.000000000000000000, -0.0000000000000000000, -4.818676322157795400E-016 ) ) ;
#5959 = CIRCLE ( 'NONE', #10618, 3.214999999999999900 ) ;
#5960 = ORIENTED_EDGE ( 'NONE', *, *, #3820, .F. ) ;
#5961 = VERTEX_POINT ( 'NONE', #5545 ) ;
#5962 = CARTESIAN_POINT ( 'NONE',  ( -1.166681575528208300, 1.827774078792768300, -7.882403048117534000 ) ) ;
#5963 = DIRECTION ( 'NONE',  ( -0.0000000000000000000, 1.000000000000000000, -0.0000000000000000000 ) ) ;
#5964 =( BOUNDED_CURVE ( )  B_SPLINE_CURVE ( 3, ( #8939, #6298, #3661, #99 ),
 .UNSPECIFIED., .F., .F. ) 
 B_SPLINE_CURVE_WITH_KNOTS ( ( 4, 4 ),
 ( 3.141592653589793100, 3.752457891787805500 ),
 .UNSPECIFIED. ) 
 CURVE ( )  GEOMETRIC_REPRESENTATION_ITEM ( )  RATIONAL_B_SPLINE_CURVE ( ( 1.000000000000000000, 0.9691446338321514400, 0.9691446338321514400, 1.000000000000000000 ) ) 
 REPRESENTATION_ITEM ( '' )  );
#5965 = ORIENTED_EDGE ( 'NONE', *, *, #10049, .F. ) ;
#5966 = DIRECTION ( 'NONE',  ( -9.637352644315598700E-016, 0.0000000000000000000, -1.000000000000000000 ) ) ;
#5967 = ORIENTED_EDGE ( 'NONE', *, *, #1474, .F. ) ;
#5968 = LINE ( 'NONE', #1550, #2120 ) ;
#5969 = EDGE_CURVE ( 'NONE', #6019, #5166, #3917, .T. ) ;
#5970 = ORIENTED_EDGE ( 'NONE', *, *, #4865, .T. ) ;
#5971 = CARTESIAN_POINT ( 'NONE',  ( 7.299999999999998900, 8.000000000000000000, 15.80000000000000100 ) ) ;
#5972 = VERTEX_POINT ( 'NONE', #1157 ) ;
#5973 = CARTESIAN_POINT ( 'NONE',  ( -8.350000000000001400, 0.4000000000000001900, 5.100000000000114200 ) ) ;
#5974 = VERTEX_POINT ( 'NONE', #7238 ) ;
#5975 = DIRECTION ( 'NONE',  ( 0.0000000000000000000, 0.0000000000000000000, -1.000000000000000000 ) ) ;
#5976 = ORIENTED_EDGE ( 'NONE', *, *, #1328, .F. ) ;
#5977 = ADVANCED_FACE ( 'NONE', ( #6108 ), #7068, .F. ) ;
#5978 = ORIENTED_EDGE ( 'NONE', *, *, #7687, .T. ) ;
#5979 = VECTOR ( 'NONE', #9281, 1000.000000000000000 ) ;
#5980 = VECTOR ( 'NONE', #10322, 1000.000000000000000 ) ;
#5981 = ORIENTED_EDGE ( 'NONE', *, *, #3092, .F. ) ;
#5982 = CARTESIAN_POINT ( 'NONE',  ( 0.0000000000000000000, 8.000000000000000000, 12.49999999999999800 ) ) ;
#5983 = DIRECTION ( 'NONE',  ( 0.0000000000000000000, -0.0000000000000000000, 1.000000000000000000 ) ) ;
#5984 = CARTESIAN_POINT ( 'NONE',  ( -9.999999999999996400, 3.299999999999999800, 17.44999999999999900 ) ) ;
#5985 = EDGE_CURVE ( 'NONE', #3758, #1705, #4337, .T. ) ;
#5986 = DIRECTION ( 'NONE',  ( 1.000000000000000000, -0.0000000000000000000, 0.0000000000000000000 ) ) ;
#5987 = ADVANCED_FACE ( 'NONE', ( #3783 ), #10992, .F. ) ;
#5988 = ORIENTED_EDGE ( 'NONE', *, *, #9956, .T. ) ;
#5989 = DIRECTION ( 'NONE',  ( 5.193444290204190200E-016, -9.404822749580276000E-017, -1.000000000000000000 ) ) ;
#5990 = ORIENTED_EDGE ( 'NONE', *, *, #5609, .T. ) ;
#5991 = LINE ( 'NONE', #7792, #3675 ) ;
#5992 = VECTOR ( 'NONE', #2882, 1000.000000000000000 ) ;
#5993 = DIRECTION ( 'NONE',  ( 1.000000000000000000, 0.0000000000000000000, 0.0000000000000000000 ) ) ;
#5994 = CARTESIAN_POINT ( 'NONE',  ( 6.946575993125049900, 9.169852928574661300, 14.70000000000011700 ) ) ;
#5995 = PLANE ( 'NONE',  #208 ) ;
#5996 = FACE_OUTER_BOUND ( 'NONE', #3194, .T. ) ;
#5997 = FACE_OUTER_BOUND ( 'NONE', #7869, .T. ) ;
#5998 = ORIENTED_EDGE ( 'NONE', *, *, #4305, .T. ) ;
#5999 = DIRECTION ( 'NONE',  ( -0.1261989691358267300, -0.9920049496797154200, 0.0000000000000000000 ) ) ;
#6000 = ORIENTED_EDGE ( 'NONE', *, *, #10998, .F. ) ;
#6001 = SURFACE_STYLE_FILL_AREA ( #441 ) ;
#6002 = EDGE_CURVE ( 'NONE', #1427, #4264, #4462, .T. ) ;
#6003 = CYLINDRICAL_SURFACE ( 'NONE', #9960, 7.674999999999998900 ) ;
#6004 = EDGE_CURVE ( 'NONE', #2491, #4976, #8437, .T. ) ;
#6005 = PLANE ( 'NONE',  #11167 ) ;
#6006 = DIRECTION ( 'NONE',  ( 1.000000000000000000, 0.0000000000000000000, 0.0000000000000000000 ) ) ;
#6007 = AXIS2_PLACEMENT_3D ( 'NONE', #10788, #5507, #8145 ) ;
#6008 = DIRECTION ( 'NONE',  ( 1.000000000000000000, 0.0000000000000000000, 0.0000000000000000000 ) ) ;
#6009 = DIRECTION ( 'NONE',  ( -2.111837275102199700E-016, 0.0000000000000000000, 1.000000000000000000 ) ) ;
#6010 = LINE ( 'NONE', #10224, #6424 ) ;
#6011 = ORIENTED_EDGE ( 'NONE', *, *, #10316, .T. ) ;
#6012 = CIRCLE ( 'NONE', #8174, 5.499999999999994700 ) ;
#6013 = VECTOR ( 'NONE', #11298, 999.9999999999998900 ) ;
#6014 = FACE_OUTER_BOUND ( 'NONE', #11181, .T. ) ;
#6015 = VECTOR ( 'NONE', #7864, 1000.000000000000000 ) ;
#6016 = LINE ( 'NONE', #4088, #4250 ) ;
#6017 = DIRECTION ( 'NONE',  ( -4.034240641806528900E-016, -1.000000000000000000, -0.0000000000000000000 ) ) ;
#6018 = DIRECTION ( 'NONE',  ( 0.0000000000000000000, -1.000000000000000000, -0.0000000000000000000 ) ) ;
#6019 = VERTEX_POINT ( 'NONE', #9148 ) ;
#6020 = CARTESIAN_POINT ( 'NONE',  ( 1.166681575528197600, 13.82222592120723300, -7.882403048117535800 ) ) ;
#6021 = CARTESIAN_POINT ( 'NONE',  ( -7.950000000000000200, 8.000000000000000000, 6.200000000000113900 ) ) ;
#6022 = EDGE_CURVE ( 'NONE', #7905, #2345, #6377, .T. ) ;
#6023 = LINE ( 'NONE', #11380, #1353 ) ;
#6024 = DIRECTION ( 'NONE',  ( -5.583261179213479200E-016, 0.0000000000000000000, -1.000000000000000000 ) ) ;
#6025 = ORIENTED_EDGE ( 'NONE', *, *, #7561, .F. ) ;
#6026 = CARTESIAN_POINT ( 'NONE',  ( 10.00000000000000000, 8.000000000000000000, 15.80000000000000100 ) ) ;
#6027 = VERTEX_POINT ( 'NONE', #4717 ) ;
#6028 = AXIS2_PLACEMENT_3D ( 'NONE', #10027, #4774, #9896 ) ;
#6029 = DIRECTION ( 'NONE',  ( 0.0000000000000000000, 0.0000000000000000000, 1.000000000000000000 ) ) ;
#6030 = AXIS2_PLACEMENT_3D ( 'NONE', #462, #7466, #6548 ) ;
#6031 = LINE ( 'NONE', #4715, #3712 ) ;
#6032 = LINE ( 'NONE', #4661, #799 ) ;
#6033 = DIRECTION ( 'NONE',  ( -5.583261179213479200E-016, 0.0000000000000000000, -1.000000000000000000 ) ) ;
#6034 = VECTOR ( 'NONE', #4655, 1000.000000000000000 ) ;
#6035 = UNCERTAINTY_MEASURE_WITH_UNIT (LENGTH_MEASURE( 1.000000000000000100E-005 ), #8826, 'distance_accuracy_value', 'NONE');
#6037 = DIRECTION ( 'NONE',  ( 0.0000000000000000000, 0.0000000000000000000, 1.000000000000000000 ) ) ;
#6036 = CARTESIAN_POINT ( 'NONE',  ( -7.350000000000001400, 1.600000000000000300, 4.700000000000002000 ) ) ;
#6038 = DIRECTION ( 'NONE',  ( -0.0000000000000000000, -1.000000000000000000, -0.0000000000000000000 ) ) ;
#6039 = DIRECTION ( 'NONE',  ( -1.000000000000000000, 0.0000000000000000000, 0.0000000000000000000 ) ) ;
#6040 = LINE ( 'NONE', #207, #10160 ) ;
#6041 = CARTESIAN_POINT ( 'NONE',  ( -3.462500000000002100, 1.827774078792768100, -6.399999999999990600 ) ) ;
#6042 = CARTESIAN_POINT ( 'NONE',  ( -7.950000000000000200, 8.000000000000000000, 8.450000000000113000 ) ) ;
#6043 = ORIENTED_EDGE ( 'NONE', *, *, #8763, .F. ) ;
#6044 = ADVANCED_FACE ( 'NONE', ( #10493 ), #6625, .T. ) ;
#6045 = VECTOR ( 'NONE', #8185, 1000.000000000000100 ) ;
#6046 = EDGE_CURVE ( 'NONE', #2122, #9260, #9948, .T. ) ;
#6047 = DIRECTION ( 'NONE',  ( 1.000000000000000000, 0.0000000000000000000, -1.480560576936105300E-015 ) ) ;
#6048 = DIRECTION ( 'NONE',  ( -0.0000000000000000000, -0.0000000000000000000, 1.000000000000000000 ) ) ;
#6049 = AXIS2_PLACEMENT_3D ( 'NONE', #9486, #4244, #5122 ) ;
#6050 = FACE_OUTER_BOUND ( 'NONE', #8034, .T. ) ;
#6051 = DIRECTION ( 'NONE',  ( 0.1261989691358260700, 0.9920049496797154200, 0.0000000000000000000 ) ) ;
#6052 = ORIENTED_EDGE ( 'NONE', *, *, #4127, .T. ) ;
#6053 = ADVANCED_FACE ( 'NONE', ( #3641 ), #347, .F. ) ;
#6054 = CARTESIAN_POINT ( 'NONE',  ( 6.924999999999986500, 7.824999999999998400, -7.274999999999975500 ) ) ;
#6055 = FACE_OUTER_BOUND ( 'NONE', #8961, .T. ) ;
#6056 = ORIENTED_EDGE ( 'NONE', *, *, #1379, .F. ) ;
#6057 = DIRECTION ( 'NONE',  ( -1.579750383876801700E-015, -0.0000000000000000000, -1.000000000000000000 ) ) ;
#6058 = ORIENTED_EDGE ( 'NONE', *, *, #7719, .F. ) ;
#6059 = CARTESIAN_POINT ( 'NONE',  ( 3.215000000000044300, 7.825000000000000200, 22.67500000000000100 ) ) ;
#6060 = EDGE_CURVE ( 'NONE', #2394, #3791, #6788, .T. ) ;
#6061 = FACE_OUTER_BOUND ( 'NONE', #6634, .T. ) ;
#6062 = CARTESIAN_POINT ( 'NONE',  ( 8.347213595500074100, 8.000000000000000000, 11.35000000000000100 ) ) ;
#6063 = ORIENTED_EDGE ( 'NONE', *, *, #2707, .F. ) ;
#6064 = CARTESIAN_POINT ( 'NONE',  ( -6.850000000000002300, 12.30000000000000100, 14.70000000000011700 ) ) ;
#6065 = CARTESIAN_POINT ( 'NONE',  ( 0.2740040082961692200, 13.82222592120723400, -7.930268607987711600 ) ) ;
#6066 = CYLINDRICAL_SURFACE ( 'NONE', #6908, 3.210233636357319400 ) ;
#6067 = ORIENTED_EDGE ( 'NONE', *, *, #9268, .F. ) ;
#6068 = ADVANCED_FACE ( 'NONE', ( #10619 ), #390, .F. ) ;
#6069 = DIRECTION ( 'NONE',  ( -0.9591136517499727600, -0.2830212059666766800, 0.0000000000000000000 ) ) ;
#6070 = DIRECTION ( 'NONE',  ( 0.0000000000000000000, 0.0000000000000000000, 1.000000000000000000 ) ) ;
#6071 = DIRECTION ( 'NONE',  ( 0.0000000000000000000, -0.5766660201766968800, -0.8169799882332305900 ) ) ;
#6072 = EDGE_LOOP ( 'NONE', ( #2319, #8680 ) ) ;
#6073 = DIRECTION ( 'NONE',  ( -1.000000000000000000, 0.0000000000000000000, -2.111837275102199500E-016 ) ) ;
#6074 = ORIENTED_EDGE ( 'NONE', *, *, #5662, .T. ) ;
#6075 = CARTESIAN_POINT ( 'NONE',  ( -6.924999999999997200, 7.825000000000002000, -6.399999999999985300 ) ) ;
#6076 = DIRECTION ( 'NONE',  ( 0.0000000000000000000, -1.000000000000000000, 0.0000000000000000000 ) ) ;
#6077 = CIRCLE ( 'NONE', #1012, 4.500000000000000000 ) ;
#6078 = EDGE_CURVE ( 'NONE', #5798, #8707, #315, .T. ) ;
#6079 = ORIENTED_EDGE ( 'NONE', *, *, #5090, .T. ) ;
#6080 = CARTESIAN_POINT ( 'NONE',  ( 8.309113651749971300, 1.883021205966677500, 10.94999999999999900 ) ) ;
#6081 = ORIENTED_EDGE ( 'NONE', *, *, #719, .T. ) ;
#6082 = ORIENTED_EDGE ( 'NONE', *, *, #9097, .F. ) ;
#6083 = AXIS2_PLACEMENT_3D ( 'NONE', #1036, #5498, #4614 ) ;
#6084 = EDGE_CURVE ( 'NONE', #5547, #9407, #5451, .T. ) ;
#6085 = ORIENTED_EDGE ( 'NONE', *, *, #7839, .F. ) ;
#6086 = ORIENTED_EDGE ( 'NONE', *, *, #5969, .T. ) ;
#6087 = CARTESIAN_POINT ( 'NONE',  ( 4.194641597934187300, 9.923166996255266900, 12.50000000000000200 ) ) ;
#6088 = VERTEX_POINT ( 'NONE', #2386 ) ;
#6089 = CARTESIAN_POINT ( 'NONE',  ( 7.950000000000000200, 8.000000000000000000, 3.300000000000000700 ) ) ;
#6090 = DIRECTION ( 'NONE',  ( 0.0000000000000000000, 0.0000000000000000000, -1.000000000000000000 ) ) ;
#6091 = VERTEX_POINT ( 'NONE', #9411 ) ;
#6092 = DIRECTION ( 'NONE',  ( -0.0000000000000000000, -0.0000000000000000000, 1.000000000000000000 ) ) ;
#6093 = EDGE_CURVE ( 'NONE', #1705, #8922, #2388, .T. ) ;
#6094 = EDGE_CURVE ( 'NONE', #8281, #2879, #8709, .T. ) ;
#6095 = LINE ( 'NONE', #5244, #307 ) ;
#6096 = ORIENTED_EDGE ( 'NONE', *, *, #2971, .F. ) ;
#6097 = EDGE_LOOP ( 'NONE', ( #6486, #7458, #5040, #11037 ) ) ;
#6098 = ADVANCED_FACE ( 'NONE', ( #1148 ), #5044, .F. ) ;
#6099 = CARTESIAN_POINT ( 'NONE',  ( -4.818121451446275600, 11.74266190665380300, 16.37917682162605000 ) ) ;
#6100 = CARTESIAN_POINT ( 'NONE',  ( 3.210233636357317200, 8.000000000000023100, 20.85000000000000100 ) ) ;
#6101 = CARTESIAN_POINT ( 'NONE',  ( -0.6159824281283268200, 13.82222592120723400, -7.931112897494085000 ) ) ;
#6102 = CARTESIAN_POINT ( 'NONE',  ( 5.950000000000165400, 8.900000000000000400, 10.44999999999998900 ) ) ;
#6103 = ORIENTED_EDGE ( 'NONE', *, *, #7414, .T. ) ;
#6104 = DIRECTION ( 'NONE',  ( -0.6723668074346643700, -0.7402181274868354600, -1.006441462745489900E-016 ) ) ;
#6105 = CARTESIAN_POINT ( 'NONE',  ( 7.900000000000114900, 7.949999999999998400, 18.70000000000000300 ) ) ;
#6106 = PLANE ( 'NONE',  #1644 ) ;
#6107 = ORIENTED_EDGE ( 'NONE', *, *, #8881, .T. ) ;
#6108 = FACE_OUTER_BOUND ( 'NONE', #4998, .T. ) ;
#6109 = ORIENTED_EDGE ( 'NONE', *, *, #10616, .F. ) ;
#6110 = CARTESIAN_POINT ( 'NONE',  ( 4.343440674907173000, 9.501013568232988100, 11.87874079730325700 ) ) ;
#6111 = ORIENTED_EDGE ( 'NONE', *, *, #1238, .T. ) ;
#6112 = EDGE_CURVE ( 'NONE', #564, #1392, #598, .T. ) ;
#6113 = DIRECTION ( 'NONE',  ( -1.000000000000000000, -0.0000000000000000000, -0.0000000000000000000 ) ) ;
#6114 = DIRECTION ( 'NONE',  ( -0.0000000000000000000, -0.0000000000000000000, 1.000000000000000000 ) ) ;
#6115 =( LENGTH_UNIT ( ) NAMED_UNIT ( * ) SI_UNIT ( .MILLI., .METRE. ) );
#6116 = UNCERTAINTY_MEASURE_WITH_UNIT (LENGTH_MEASURE( 1.000000000000000100E-005 ), #6839, 'distance_accuracy_value', 'NONE');
#6117 = AXIS2_PLACEMENT_3D ( 'NONE', #5476, #1088, #5432 ) ;
#6118 = ORIENTED_EDGE ( 'NONE', *, *, #6732, .F. ) ;
#6119 = PLANE ( 'NONE',  #7843 ) ;
#6120 = AXIS2_PLACEMENT_3D ( 'NONE', #10386, #2437, #4219 ) ;
#6121 = ORIENTED_EDGE ( 'NONE', *, *, #3704, .F. ) ;
#6122 = LINE ( 'NONE', #7100, #7502 ) ;
#6123 = ORIENTED_EDGE ( 'NONE', *, *, #6374, .T. ) ;
#6124 = CARTESIAN_POINT ( 'NONE',  ( -4.808410434011671300, 11.61456914526348800, 10.89081975197934700 ) ) ;
#6125 = ORIENTED_EDGE ( 'NONE', *, *, #3839, .T. ) ;
#6126 = ADVANCED_FACE ( 'NONE', ( #36 ), #4139, .F. ) ;
#6127 = DIRECTION ( 'NONE',  ( 0.4656145203251128600, -0.8849876374630411000, 3.250458258609591800E-016 ) ) ;
#6128 = EDGE_CURVE ( 'NONE', #1923, #6821, #2107, .T. ) ;
#6129 = CARTESIAN_POINT ( 'NONE',  ( 6.222683255526509200, 9.041448284434432400, -7.754566230642161000 ) ) ;
#6130 = CARTESIAN_POINT ( 'NONE',  ( 1.309085912708786400, 10.29025604452769800, 5.832500000000111500 ) ) ;
#6131 = ORIENTED_EDGE ( 'NONE', *, *, #6179, .F. ) ;
#6132 = AXIS2_PLACEMENT_3D ( 'NONE', #1438, #2403, #6754 ) ;
#6133 = CIRCLE ( 'NONE', #820, 1.499999999999999600 ) ;
#6134 = FACE_OUTER_BOUND ( 'NONE', #6385, .T. ) ;
#6135 = VERTEX_POINT ( 'NONE', #8456 ) ;
#6136 = EDGE_CURVE ( 'NONE', #11387, #6279, #6520, .T. ) ;
#6137 = CARTESIAN_POINT ( 'NONE',  ( -8.350000000000001400, 8.000000000000000000, 2.200000000000114300 ) ) ;
#6138 = CIRCLE ( 'NONE', #11304, 1.000000000000000900 ) ;
#6139 = VERTEX_POINT ( 'NONE', #7508 ) ;
#6140 = DIRECTION ( 'NONE',  ( -0.0000000000000000000, -0.0000000000000000000, 1.000000000000000000 ) ) ;
#6141 = ORIENTED_EDGE ( 'NONE', *, *, #7159, .T. ) ;
#6142 = DIRECTION ( 'NONE',  ( 0.9920049496797154200, -0.1261989691358265700, 3.011300041641596900E-017 ) ) ;
#6143 = ORIENTED_EDGE ( 'NONE', *, *, #4759, .T. ) ;
#6144 = LINE ( 'NONE', #10511, #8193 ) ;
#6145 = VECTOR ( 'NONE', #10299, 1000.000000000000000 ) ;
#6146 = DIRECTION ( 'NONE',  ( -1.000000000000000000, 0.0000000000000000000, 5.583261179213479200E-016 ) ) ;
#6147 = DIRECTION ( 'NONE',  ( 0.0000000000000000000, 1.000000000000000000, 0.0000000000000000000 ) ) ;
#6148 = EDGE_CURVE ( 'NONE', #10500, #842, #4589, .T. ) ;
#6149 = DIRECTION ( 'NONE',  ( 0.9920049496797154200, -0.1261989691358267300, 0.0000000000000000000 ) ) ;
#6150 = CIRCLE ( 'NONE', #4997, 4.500000000000000000 ) ;
#6151 = EDGE_CURVE ( 'NONE', #8281, #8291, #10484, .T. ) ;
#6152 = DIRECTION ( 'NONE',  ( 0.0000000000000000000, 0.0000000000000000000, -1.000000000000000000 ) ) ;
#6153 = FACE_OUTER_BOUND ( 'NONE', #5248, .T. ) ;
#6154 = LINE ( 'NONE', #5549, #4229 ) ;
#6155 = CARTESIAN_POINT ( 'NONE',  ( -7.299999999999995400, 0.0000000000000000000, 5.100000000000000500 ) ) ;
#6156 = ORIENTED_EDGE ( 'NONE', *, *, #586, .F. ) ;
#6157 = VECTOR ( 'NONE', #868, 1000.000000000000000 ) ;
#6158 = LINE ( 'NONE', #4972, #3832 ) ;
#6159 = DIRECTION ( 'NONE',  ( -0.0000000000000000000, 0.0000000000000000000, -1.000000000000000000 ) ) ;
#6160 = CARTESIAN_POINT ( 'NONE',  ( -4.832135734971188900, 11.53794763439791800, 12.45000000000011300 ) ) ;
#6161 = VECTOR ( 'NONE', #5675, 1000.000000000000000 ) ;
#6162 = FACE_BOUND ( 'NONE', #2784, .T. ) ;
#6163 = ADVANCED_FACE ( 'NONE', ( #457 ), #3173, .F. ) ;
#6164 = LINE ( 'NONE', #275, #9590 ) ;
#6165 = ORIENTED_EDGE ( 'NONE', *, *, #11016, .T. ) ;
#6166 = EDGE_CURVE ( 'NONE', #2195, #2079, #6364, .T. ) ;
#6167 = EDGE_CURVE ( 'NONE', #3178, #6470, #2941, .T. ) ;
#6168 = LINE ( 'NONE', #10177, #10551 ) ;
#6169 = DIRECTION ( 'NONE',  ( 0.0000000000000000000, 0.0000000000000000000, 1.000000000000000000 ) ) ;
#6170 = CIRCLE ( 'NONE', #10741, 7.674999999999998000 ) ;
#6171 = AXIS2_PLACEMENT_3D ( 'NONE', #4511, #63, #7155 ) ;
#6172 = EDGE_LOOP ( 'NONE', ( #4167, #1672, #4485, #3525 ) ) ;
#6173 = LINE ( 'NONE', #2363, #8909 ) ;
#6174 = CARTESIAN_POINT ( 'NONE',  ( -4.808410434011672200, 11.61456914526348600, 16.25918024802088600 ) ) ;
#6175 = EDGE_LOOP ( 'NONE', ( #6553, #7133, #10565, #1161 ) ) ;
#6176 = LINE ( 'NONE', #3553, #10300 ) ;
#6177 = DIRECTION ( 'NONE',  ( -1.000000000000000000, 0.0000000000000000000, -0.0000000000000000000 ) ) ;
#6178 = CARTESIAN_POINT ( 'NONE',  ( -3.042877342671344500E-015, 7.825000000000000200, -5.449999999999997500 ) ) ;
#6179 = EDGE_CURVE ( 'NONE', #8927, #4308, #1137, .T. ) ;
#6180 = DIRECTION ( 'NONE',  ( -1.000000000000000000, 0.0000000000000000000, 5.507058653894627800E-016 ) ) ;
#6181 = ORIENTED_EDGE ( 'NONE', *, *, #166, .T. ) ;
#6182 = DIRECTION ( 'NONE',  ( -1.000000000000000000, 0.0000000000000000000, 0.0000000000000000000 ) ) ;
#6183 =( GEOMETRIC_REPRESENTATION_CONTEXT ( 3 ) GLOBAL_UNCERTAINTY_ASSIGNED_CONTEXT ( ( #6116 ) ) GLOBAL_UNIT_ASSIGNED_CONTEXT ( ( #6839, #5115, #1758 ) ) REPRESENTATION_CONTEXT ( 'NONE', 'WORKASPACE' ) );
#6184 = CARTESIAN_POINT ( 'NONE',  ( -7.950000000000000200, 8.000000000000000000, 12.45000000000011300 ) ) ;
#6185 = AXIS2_PLACEMENT_3D ( 'NONE', #9695, #2640, #2678 ) ;
#6186 = ORIENTED_EDGE ( 'NONE', *, *, #7494, .T. ) ;
#6187 = DIRECTION ( 'NONE',  ( 2.111837275102199700E-016, -0.0000000000000000000, -1.000000000000000000 ) ) ;
#6188 = LINE ( 'NONE', #1122, #8639 ) ;
#6189 = DIRECTION ( 'NONE',  ( 2.496005001405477600E-016, 0.0000000000000000000, 1.000000000000000000 ) ) ;
#6190 = CARTESIAN_POINT ( 'NONE',  ( -8.150000000000000400, 12.30000000000000100, 10.17360679775009300 ) ) ;
#6191 = DIRECTION ( 'NONE',  ( 1.000000000000000000, -0.0000000000000000000, 0.0000000000000000000 ) ) ;
#6192 = VERTEX_POINT ( 'NONE', #11138 ) ;
#6193 = CARTESIAN_POINT ( 'NONE',  ( -7.950000000000000200, 1.599999999999999900, 17.35000000000000500 ) ) ;
#6194 = VERTEX_POINT ( 'NONE', #1461 ) ;
#6195 = EDGE_CURVE ( 'NONE', #7241, #10994, #8148, .T. ) ;
#6196 = ORIENTED_EDGE ( 'NONE', *, *, #5474, .F. ) ;
#6197 = EDGE_CURVE ( 'NONE', #6462, #9212, #3087, .T. ) ;
#6198 = DIRECTION ( 'NONE',  ( -1.000000000000000000, 0.0000000000000000000, -0.0000000000000000000 ) ) ;
#6199 = VECTOR ( 'NONE', #8573, 1000.000000000000000 ) ;
#6200 = ORIENTED_EDGE ( 'NONE', *, *, #2729, .T. ) ;
#6201 =( GEOMETRIC_REPRESENTATION_CONTEXT ( 3 ) GLOBAL_UNCERTAINTY_ASSIGNED_CONTEXT ( ( #9408 ) ) GLOBAL_UNIT_ASSIGNED_CONTEXT ( ( #6115, #24, #7877 ) ) REPRESENTATION_CONTEXT ( 'NONE', 'WORKASPACE' ) );
#6202 = CARTESIAN_POINT ( 'NONE',  ( -7.950000000000000200, 9.360147050873548500, 11.20000000000000100 ) ) ;
#6203 = ORIENTED_EDGE ( 'NONE', *, *, #9904, .T. ) ;
#6204 = CARTESIAN_POINT ( 'NONE',  ( -7.950000000000000200, 3.299999999999999800, 9.700000000000001100 ) ) ;
#6205 = ORIENTED_EDGE ( 'NONE', *, *, #2627, .F. ) ;
#6206 = VECTOR ( 'NONE', #10579, 1000.000000000000000 ) ;
#6207 = ORIENTED_EDGE ( 'NONE', *, *, #8388, .T. ) ;
#6208 = CARTESIAN_POINT ( 'NONE',  ( -5.782165290181070300, 5.845552217940380900, -7.897222960784766600 ) ) ;
#6209 = EDGE_CURVE ( 'NONE', #2541, #1533, #8969, .T. ) ;
#6210 = ADVANCED_FACE ( 'NONE', ( #9526 ), #7548, .F. ) ;
#6211 = AXIS2_PLACEMENT_3D ( 'NONE', #4038, #11042, #1479 ) ;
#6212 = ORIENTED_EDGE ( 'NONE', *, *, #10034, .F. ) ;
#6213 = CARTESIAN_POINT ( 'NONE',  ( -5.000000000000004400, 0.7000000000000000700, 11.24999999999999300 ) ) ;
#6214 = CARTESIAN_POINT ( 'NONE',  ( -4.808410434011671300, 11.65487620520117000, 4.604363824220572000 ) ) ;
#6215 = CARTESIAN_POINT ( 'NONE',  ( 8.350000000000001400, -1.843908891458577100, 17.60000000000000100 ) ) ;
#6216 = DIRECTION ( 'NONE',  ( 0.0000000000000000000, 0.0000000000000000000, -1.000000000000000000 ) ) ;
#6217 = CARTESIAN_POINT ( 'NONE',  ( 0.0000000000000000000, 7.825000000000000200, 24.80000000000000400 ) ) ;
#6218 = VECTOR ( 'NONE', #6912, 1000.000000000000000 ) ;
#6219 = ORIENTED_EDGE ( 'NONE', *, *, #3784, .T. ) ;
#6220 = DIRECTION ( 'NONE',  ( 2.168404344971007900E-016, 0.0000000000000000000, 1.000000000000000000 ) ) ;
#6221 = ORIENTED_EDGE ( 'NONE', *, *, #9620, .F. ) ;
#6222 = ORIENTED_EDGE ( 'NONE', *, *, #4343, .F. ) ;
#6223 = CARTESIAN_POINT ( 'NONE',  ( -1.740153877978051700, 9.399998989646013200, 16.70000000000011300 ) ) ;
#6224 =( NAMED_UNIT ( * ) PLANE_ANGLE_UNIT ( ) SI_UNIT ( $, .RADIAN. ) );
#6225 = ORIENTED_EDGE ( 'NONE', *, *, #10827, .F. ) ;
#6226 = CARTESIAN_POINT ( 'NONE',  ( 4.194641597934185600, 9.923166996255266900, 2.567500000000112200 ) ) ;
#6227 = DIRECTION ( 'NONE',  ( 1.000000000000000000, 0.0000000000000000000, -0.0000000000000000000 ) ) ;
#6228 = EDGE_CURVE ( 'NONE', #691, #6735, #731, .T. ) ;
#6229 = DIRECTION ( 'NONE',  ( 1.032573497605241700E-016, 0.0000000000000000000, -1.000000000000000000 ) ) ;
#6230 = ORIENTED_EDGE ( 'NONE', *, *, #10703, .T. ) ;
#6231 = CARTESIAN_POINT ( 'NONE',  ( 3.061838949330783200, 8.826730281731137500, 3.957520602324764900 ) ) ;
#6232 = VECTOR ( 'NONE', #9641, 1000.000000000000000 ) ;
#6233 = VERTEX_POINT ( 'NONE', #618 ) ;
#6234 = EDGE_CURVE ( 'NONE', #5695, #5412, #5283, .T. ) ;
#6235 = VERTEX_POINT ( 'NONE', #8600 ) ;
#6236 = AXIS2_PLACEMENT_3D ( 'NONE', #10302, #5042, #11169 ) ;
#6237 = DIRECTION ( 'NONE',  ( -0.0000000000000000000, -0.0000000000000000000, -1.000000000000000000 ) ) ;
#6238 = ADVANCED_FACE ( 'NONE', ( #2098 ), #7475, .T. ) ;
#6239 = ORIENTED_EDGE ( 'NONE', *, *, #2111, .T. ) ;
#6240 = DIRECTION ( 'NONE',  ( 0.0000000000000000000, 0.0000000000000000000, -1.000000000000000000 ) ) ;
#6241 = LINE ( 'NONE', #1931, #7616 ) ;
#6242 = ORIENTED_EDGE ( 'NONE', *, *, #3935, .F. ) ;
#6243 = PLANE ( 'NONE',  #5748 ) ;
#6244 = ORIENTED_EDGE ( 'NONE', *, *, #10664, .F. ) ;
#6245 = EDGE_CURVE ( 'NONE', #9448, #9277, #9934, .T. ) ;
#6246 = ORIENTED_EDGE ( 'NONE', *, *, #224, .F. ) ;
#6247 = EDGE_CURVE ( 'NONE', #7503, #8638, #1962, .T. ) ;
#6248 = AXIS2_PLACEMENT_3D ( 'NONE', #2856, #10711, #5471 ) ;
#6249 = ORIENTED_EDGE ( 'NONE', *, *, #10286, .F. ) ;
#6250 = LINE ( 'NONE', #7594, #611 ) ;
#6251 = EDGE_LOOP ( 'NONE', ( #2270, #1564, #7479, #11146 ) ) ;
#6252 = DIRECTION ( 'NONE',  ( -0.9920049496797155300, 0.1261989691358265900, 0.0000000000000000000 ) ) ;
#6253 = ORIENTED_EDGE ( 'NONE', *, *, #5571, .T. ) ;
#6254 = CARTESIAN_POINT ( 'NONE',  ( -4.832135734971188900, 11.53794763439791800, 18.70000000000011700 ) ) ;
#6255 = CARTESIAN_POINT ( 'NONE',  ( -8.450000000000001100, 8.223606797749978300, 16.97639320225013600 ) ) ;
#6256 = EDGE_LOOP ( 'NONE', ( #3385, #8423, #9787, #2413 ) ) ;
#6257 = ORIENTED_EDGE ( 'NONE', *, *, #8668, .F. ) ;
#6258 = VECTOR ( 'NONE', #4345, 1000.000000000000000 ) ;
#6259 = LINE ( 'NONE', #6137, #1032 ) ;
#6260 = EDGE_CURVE ( 'NONE', #1998, #4586, #11163, .T. ) ;
#6261 = ORIENTED_EDGE ( 'NONE', *, *, #4743, .F. ) ;
#6262 = APPLICATION_CONTEXT ( 'automotive_design' ) ;
#6263 = AXIS2_PLACEMENT_3D ( 'NONE', #5546, #6315, #8189 ) ;
#6264 = CARTESIAN_POINT ( 'NONE',  ( -7.950000000000000200, 8.000000000000000000, 9.550000000000114400 ) ) ;
#6265 = PLANE ( 'NONE',  #1980 ) ;
#6266 = ADVANCED_FACE ( 'NONE', ( #10214 ), #11034, .T. ) ;
#6267 = ORIENTED_EDGE ( 'NONE', *, *, #6816, .F. ) ;
#6268 = ORIENTED_EDGE ( 'NONE', *, *, #10179, .T. ) ;
#6269 = LINE ( 'NONE', #689, #8873 ) ;
#6270 = LINE ( 'NONE', #2490, #6145 ) ;
#6271 = CARTESIAN_POINT ( 'NONE',  ( 7.874999999999994700, 7.825000000000002000, 8.073522492998095100E-016 ) ) ;
#6272 = EDGE_CURVE ( 'NONE', #7895, #4213, #8694, .T. ) ;
#6273 = CARTESIAN_POINT ( 'NONE',  ( -9.999999999999996400, 8.000000000000000000, 17.60000000000000100 ) ) ;
#6274 = ORIENTED_EDGE ( 'NONE', *, *, #4329, .F. ) ;
#6275 = DIRECTION ( 'NONE',  ( 0.9920049496797154200, -0.1261989691358265700, 3.011300041641596900E-017 ) ) ;
#6276 = CARTESIAN_POINT ( 'NONE',  ( -8.350000000000001400, 12.30000000000000100, 8.450000000000113000 ) ) ;
#6277 = VECTOR ( 'NONE', #9965, 1000.000000000000100 ) ;
#6278 = ORIENTED_EDGE ( 'NONE', *, *, #153, .T. ) ;
#6279 = VERTEX_POINT ( 'NONE', #8717 ) ;
#6280 = LINE ( 'NONE', #7289, #7243 ) ;
#6281 = LINE ( 'NONE', #6379, #9842 ) ;
#6282 = CARTESIAN_POINT ( 'NONE',  ( -6.924999999999998900, 7.825000000000002000, -7.274999999999975500 ) ) ;
#6283 = VECTOR ( 'NONE', #2782, 1000.000000000000000 ) ;
#6284 = PLANE ( 'NONE',  #3611 ) ;
#6285 = CARTESIAN_POINT ( 'NONE',  ( 8.350000000000001400, -3.350000000000085800, 16.70000000000011300 ) ) ;
#6286 = CARTESIAN_POINT ( 'NONE',  ( 4.750000000000002700, 8.400000000000000400, 6.200000000000003700 ) ) ;
#6287 = ADVANCED_FACE ( 'NONE', ( #589 ), #6119, .F. ) ;
#6288 = FACE_OUTER_BOUND ( 'NONE', #5699, .T. ) ;
#6289 = DIRECTION ( 'NONE',  ( -1.000000000000000000, 0.0000000000000000000, 5.586652861001696000E-016 ) ) ;
#6290 = VERTEX_POINT ( 'NONE', #8676 ) ;
#6291 = ORIENTED_EDGE ( 'NONE', *, *, #204, .F. ) ;
#6292 = CIRCLE ( 'NONE', #11336, 7.874999999999994700 ) ;
#6293 = EDGE_CURVE ( 'NONE', #253, #5172, #2242, .T. ) ;
#6294 = FACE_BOUND ( 'NONE', #6517, .T. ) ;
#6295 = CARTESIAN_POINT ( 'NONE',  ( 0.0000000000000000000, 7.825000000000000200, 0.0000000000000000000 ) ) ;
#6296 = VECTOR ( 'NONE', #2523, 1000.000000000000000 ) ;
#6297 = EDGE_CURVE ( 'NONE', #4441, #3198, #2515, .T. ) ;
#6298 = CARTESIAN_POINT ( 'NONE',  ( -1.740153877978051900, 9.399998989646013200, 4.324111835945687200 ) ) ;
#6299 = LINE ( 'NONE', #9174, #3146 ) ;
#6300 = ORIENTED_EDGE ( 'NONE', *, *, #2402, .T. ) ;
#6301 = VERTEX_POINT ( 'NONE', #10446 ) ;
#6302 = CARTESIAN_POINT ( 'NONE',  ( -8.150000000000000400, 12.30000000000000100, 3.923606797750092100 ) ) ;
#6303 = VECTOR ( 'NONE', #6527, 1000.000000000000000 ) ;
#6304 = ORIENTED_EDGE ( 'NONE', *, *, #4866, .F. ) ;
#6305 = CIRCLE ( 'NONE', #8249, 0.7000000000001240800 ) ;
#6306 = CYLINDRICAL_SURFACE ( 'NONE', #56, 5.499999999999995600 ) ;
#6307 = VECTOR ( 'NONE', #8131, 1000.000000000000000 ) ;
#6308 = ORIENTED_EDGE ( 'NONE', *, *, #10332, .F. ) ;
#6309 = EDGE_CURVE ( 'NONE', #4264, #2090, #4873, .T. ) ;
#6310 = DIRECTION ( 'NONE',  ( 2.496005001405477600E-016, 0.0000000000000000000, 1.000000000000000000 ) ) ;
#6311 = VECTOR ( 'NONE', #3619, 1000.000000000000000 ) ;
#6312 = ORIENTED_EDGE ( 'NONE', *, *, #5293, .F. ) ;
#6313 = EDGE_CURVE ( 'NONE', #9497, #6027, #5003, .T. ) ;
#6314 = DIRECTION ( 'NONE',  ( 1.000000000000000000, -0.0000000000000000000, -0.0000000000000000000 ) ) ;
#6315 = DIRECTION ( 'NONE',  ( 0.0000000000000000000, 0.0000000000000000000, -1.000000000000000000 ) ) ;
#6317 = PLANE ( 'NONE',  #1681 ) ;
#6316 = LINE ( 'NONE', #10789, #4829 ) ;
#6318 = FACE_BOUND ( 'NONE', #6072, .T. ) ;
#6319 = ADVANCED_FACE ( 'NONE', ( #10750 ), #770, .F. ) ;
#6320 = ORIENTED_EDGE ( 'NONE', *, *, #5264, .T. ) ;
#6321 = DIRECTION ( 'NONE',  ( 0.0000000000000000000, 0.0000000000000000000, -1.000000000000000000 ) ) ;
#6322 = CARTESIAN_POINT ( 'NONE',  ( 8.350000000000001400, 0.4000000000000001900, 4.850000000000117800 ) ) ;
#6323 = PLANE ( 'NONE',  #3396 ) ;
#6324 = LINE ( 'NONE', #6516, #10582 ) ;
#6325 = ORIENTED_EDGE ( 'NONE', *, *, #10541, .F. ) ;
#6326 = EDGE_CURVE ( 'NONE', #1314, #842, #6095, .T. ) ;
#6327 = DIRECTION ( 'NONE',  ( -1.000000000000000000, 0.0000000000000000000, 1.618715529682868300E-015 ) ) ;
#6328 = ORIENTED_EDGE ( 'NONE', *, *, #3518, .T. ) ;
#6329 = DIRECTION ( 'NONE',  ( 0.0000000000000000000, 0.0000000000000000000, -1.000000000000000000 ) ) ;
#6330 =( GEOMETRIC_REPRESENTATION_CONTEXT ( 3 ) GLOBAL_UNCERTAINTY_ASSIGNED_CONTEXT ( ( #7586 ) ) GLOBAL_UNIT_ASSIGNED_CONTEXT ( ( #6624, #10990, #1459 ) ) REPRESENTATION_CONTEXT ( 'NONE', 'WORKASPACE' ) );
#6331 = ORIENTED_EDGE ( 'NONE', *, *, #10130, .T. ) ;
#6332 = CARTESIAN_POINT ( 'NONE',  ( 0.0000000000000000000, 0.4000000000000000200, 6.250000000000000000 ) ) ;
#6333 = ORIENTED_EDGE ( 'NONE', *, *, #4995, .F. ) ;
#6334 = CARTESIAN_POINT ( 'NONE',  ( -4.808410434011671300, 11.65487620520117000, 17.10436382422057000 ) ) ;
#6335 = LINE ( 'NONE', #8541, #142 ) ;
#6336 = ORIENTED_EDGE ( 'NONE', *, *, #3975, .F. ) ;
#6337 = CARTESIAN_POINT ( 'NONE',  ( -7.950000000000000200, 0.4000000000000001900, 11.35000000000011300 ) ) ;
#6338 = DIRECTION ( 'NONE',  ( -1.000000000000000000, 0.0000000000000000000, 0.0000000000000000000 ) ) ;
#6339 = EDGE_CURVE ( 'NONE', #2114, #7697, #7606, .T. ) ;
#6340 = ORIENTED_EDGE ( 'NONE', *, *, #5130, .T. ) ;
#6341 = AXIS2_PLACEMENT_3D ( 'NONE', #9592, #5407, #1179 ) ;
#6342 = ADVANCED_FACE ( 'NONE', ( #1412 ), #7336, .T. ) ;
#6343 = ORIENTED_EDGE ( 'NONE', *, *, #10430, .F. ) ;
#6345 = CARTESIAN_POINT ( 'NONE',  ( -8.350000000000001400, 0.3999999999999993000, 16.05000000000000100 ) ) ;
#6344 = DIRECTION ( 'NONE',  ( 0.0000000000000000000, 0.0000000000000000000, 1.000000000000000000 ) ) ;
#6346 = VERTEX_POINT ( 'NONE', #928 ) ;
#6347 = DIRECTION ( 'NONE',  ( -0.6723668074346643700, -0.7402181274868354600, 2.273603650596013800E-017 ) ) ;
#6348 = DIRECTION ( 'NONE',  ( 0.0000000000000000000, 0.0000000000000000000, 1.000000000000000000 ) ) ;
#6349 = DIRECTION ( 'NONE',  ( 0.0000000000000000000, 0.0000000000000000000, 1.000000000000000000 ) ) ;
#6350 = DIRECTION ( 'NONE',  ( 0.0000000000000000000, -0.0000000000000000000, -1.000000000000000000 ) ) ;
#6351 = ORIENTED_EDGE ( 'NONE', *, *, #3593, .F. ) ;
#6352 = CARTESIAN_POINT ( 'NONE',  ( 7.874999999999992900, 7.825000000000002000, -1.599999999999999900 ) ) ;
#6353 = ADVANCED_FACE ( 'NONE', ( #864 ), #1879, .F. ) ;
#6354 = EDGE_CURVE ( 'NONE', #2791, #3892, #4451, .T. ) ;
#6355 = ORIENTED_EDGE ( 'NONE', *, *, #10318, .T. ) ;
#6356 = ORIENTED_EDGE ( 'NONE', *, *, #9656, .T. ) ;
#6357 = AXIS2_PLACEMENT_3D ( 'NONE', #6580, #4055, #11017 ) ;
#6358 = CARTESIAN_POINT ( 'NONE',  ( -8.350000000000001400, 8.000000000000000000, 11.35000000000011300 ) ) ;
#6359 = DIRECTION ( 'NONE',  ( 0.7402181274868354600, -0.6723668074346643700, 0.0000000000000000000 ) ) ;
#6360 = ORIENTED_EDGE ( 'NONE', *, *, #1108, .T. ) ;
#6361 = DIRECTION ( 'NONE',  ( 0.0000000000000000000, 1.000000000000000000, 0.0000000000000000000 ) ) ;
#6362 = DIRECTION ( 'NONE',  ( 0.0000000000000000000, -1.000000000000000000, 0.0000000000000000000 ) ) ;
#6363 = PLANE ( 'NONE',  #8190 ) ;
#6364 = LINE ( 'NONE', #505, #5146 ) ;
#6365 = ORIENTED_EDGE ( 'NONE', *, *, #7280, .F. ) ;
#6366 = ORIENTED_EDGE ( 'NONE', *, *, #1707, .T. ) ;
#6367 = CARTESIAN_POINT ( 'NONE',  ( 8.347213595500074100, 8.000000000000000000, 9.550000000000000700 ) ) ;
#6368 = CARTESIAN_POINT ( 'NONE',  ( -8.350000000000001400, 8.000000000000000000, 9.950000000000114800 ) ) ;
#6369 = EDGE_CURVE ( 'NONE', #2311, #896, #3219, .T. ) ;
#6370 = ORIENTED_EDGE ( 'NONE', *, *, #3760, .F. ) ;
#6371 = CARTESIAN_POINT ( 'NONE',  ( -7.950000000000000200, 9.360147050873548500, 9.700000000000001100 ) ) ;
#6372 = PLANE ( 'NONE',  #141 ) ;
#6373 = CARTESIAN_POINT ( 'NONE',  ( 5.950000000000133400, 8.400000000000000400, 16.49999999999998900 ) ) ;
#6374 = EDGE_CURVE ( 'NONE', #10084, #9925, #9382, .T. ) ;
#6375 = ORIENTED_EDGE ( 'NONE', *, *, #10301, .F. ) ;
#6376 = PRODUCT_DEFINITION ( 'UNKNOWN', '', #9321, #4970 ) ;
#6377 = LINE ( 'NONE', #429, #8981 ) ;
#6378 = ORIENTED_EDGE ( 'NONE', *, *, #182, .T. ) ;
#6379 = CARTESIAN_POINT ( 'NONE',  ( -7.950000000000000200, 8.000000000000000000, 6.200000000000113900 ) ) ;
#6380 = ORIENTED_EDGE ( 'NONE', *, *, #419, .T. ) ;
#6381 = CARTESIAN_POINT ( 'NONE',  ( -5.108410434011671200, 11.65487620520117000, 2.200000000000114300 ) ) ;
#6382 = EDGE_LOOP ( 'NONE', ( #7094, #6884, #10862, #2947 ) ) ;
#6383 = DIRECTION ( 'NONE',  ( -1.000000000000000000, 0.0000000000000000000, 0.0000000000000000000 ) ) ;
#6384 = DIRECTION ( 'NONE',  ( -0.0000000000000000000, -0.0000000000000000000, 1.000000000000000000 ) ) ;
#6385 = EDGE_LOOP ( 'NONE', ( #11093, #8343, #9568, #2942, #7308, #2681 ) ) ;
#6386 = DIRECTION ( 'NONE',  ( 2.168404344971005900E-016, 0.0000000000000000000, 1.000000000000000000 ) ) ;
#6387 = ORIENTED_EDGE ( 'NONE', *, *, #1215, .T. ) ;
#6388 = DIRECTION ( 'NONE',  ( 0.0000000000000000000, -0.0000000000000000000, 1.000000000000000000 ) ) ;
#6389 = LINE ( 'NONE', #321, #8864 ) ;
#6390 = ORIENTED_EDGE ( 'NONE', *, *, #9553, .T. ) ;
#6391 = ORIENTED_EDGE ( 'NONE', *, *, #6518, .T. ) ;
#6392 = EDGE_CURVE ( 'NONE', #8118, #8790, #9253, .T. ) ;
#6393 = DIRECTION ( 'NONE',  ( -0.0000000000000000000, -0.0000000000000000000, 1.000000000000000000 ) ) ;
#6394 = PRESENTATION_LAYER_ASSIGNMENT (  '', '', ( #10082 ) ) ;
#6395 = AXIS2_PLACEMENT_3D ( 'NONE', #3350, #7685, #8599 ) ;
#6396 =( NAMED_UNIT ( * ) SI_UNIT ( $, .STERADIAN. ) SOLID_ANGLE_UNIT ( ) );
#6397 = ORIENTED_EDGE ( 'NONE', *, *, #6197, .T. ) ;
#6398 = CARTESIAN_POINT ( 'NONE',  ( -7.950000000000000200, 3.100000000000000500, 17.20000000000000300 ) ) ;
#6399 = ORIENTED_EDGE ( 'NONE', *, *, #8929, .F. ) ;
#6400 = CARTESIAN_POINT ( 'NONE',  ( -7.950000000000000200, 3.100000000000000500, 4.700000000000002000 ) ) ;
#6401 = FACE_OUTER_BOUND ( 'NONE', #5272, .T. ) ;
#6402 = LINE ( 'NONE', #6603, #5447 ) ;
#6403 = ORIENTED_EDGE ( 'NONE', *, *, #3737, .F. ) ;
#6404 = ADVANCED_FACE ( 'NONE', ( #1688 ), #5312, .F. ) ;
#6405 = CARTESIAN_POINT ( 'NONE',  ( -8.350000000000001400, 3.299999999999999800, 4.850000000000003200 ) ) ;
#6406 = VECTOR ( 'NONE', #10442, 999.9999999999998900 ) ;
#6407 = EDGE_CURVE ( 'NONE', #5758, #1453, #9106, .T. ) ;
#6408 = CARTESIAN_POINT ( 'NONE',  ( -8.350000000000001400, 1.600000000000000100, 16.20000000000000300 ) ) ;
#6409 = EDGE_CURVE ( 'NONE', #8811, #5334, #10083, .T. ) ;
#6410 = VERTEX_POINT ( 'NONE', #1731 ) ;
#6411 = CARTESIAN_POINT ( 'NONE',  ( -3.214999999999955900, 7.825000000000000200, 22.67500000000000800 ) ) ;
#6412 = EDGE_LOOP ( 'NONE', ( #7910, #8129, #4850, #11229 ) ) ;
#6413 = DIRECTION ( 'NONE',  ( 0.0000000000000000000, 0.0000000000000000000, -1.000000000000000000 ) ) ;
#6414 = VECTOR ( 'NONE', #6466, 1000.000000000000000 ) ;
#6415 = CYLINDRICAL_SURFACE ( 'NONE', #3651, 0.2999999999999999300 ) ;
#6416 = CARTESIAN_POINT ( 'NONE',  ( -4.808410434011671300, 11.69930618132521600, 4.564178903702766000 ) ) ;
#6417 = CARTESIAN_POINT ( 'NONE',  ( 0.0000000000000000000, 0.4000000000000000200, 0.0000000000000000000 ) ) ;
#6418 = ADVANCED_FACE ( 'NONE', ( #8558 ), #997, .F. ) ;
#6419 = AXIS2_PLACEMENT_3D ( 'NONE', #4888, #10133, #602 ) ;
#6420 = CARTESIAN_POINT ( 'NONE',  ( 3.171676389805457000, 8.884518554691604600, 10.79414586181074200 ) ) ;
#6421 = PRESENTATION_STYLE_ASSIGNMENT (( #4135 ) ) ;
#6422 = DIRECTION ( 'NONE',  ( 0.0000000000000000000, 0.0000000000000000000, -1.000000000000000000 ) ) ;
#6423 = ORIENTED_EDGE ( 'NONE', *, *, #1750, .T. ) ;
#6424 = VECTOR ( 'NONE', #2274, 1000.000000000000000 ) ;
#6425 = ORIENTED_EDGE ( 'NONE', *, *, #7985, .F. ) ;
#6426 = ORIENTED_EDGE ( 'NONE', *, *, #4042, .T. ) ;
#6427 = VECTOR ( 'NONE', #1520, 1000.000000000000000 ) ;
#6428 = LINE ( 'NONE', #1957, #11231 ) ;
#6429 = CARTESIAN_POINT ( 'NONE',  ( -9.999999999999996400, 3.099999999999956600, 9.949999999999999300 ) ) ;
#6430 = PRODUCT_DEFINITION_SHAPE ( 'NONE', 'NONE',  #1884 ) ;
#6431 = DIRECTION ( 'NONE',  ( 1.000000000000000000, 0.0000000000000000000, 0.0000000000000000000 ) ) ;
#6432 = VECTOR ( 'NONE', #7520, 1000.000000000000000 ) ;
#6433 = EDGE_CURVE ( 'NONE', #9482, #8535, #8137, .T. ) ;
#6434 = CARTESIAN_POINT ( 'NONE',  ( -4.018285314403382100, 12.85957751855992900, -7.690947237209195800 ) ) ;
#6435 = DIRECTION ( 'NONE',  ( 0.0000000000000000000, 1.000000000000000000, 0.0000000000000000000 ) ) ;
#6436 = VECTOR ( 'NONE', #8697, 1000.000000000000000 ) ;
#6437 = AXIS2_PLACEMENT_3D ( 'NONE', #2087, #6556, #1284 ) ;
#6438 = DIRECTION ( 'NONE',  ( -0.6723668074346643700, -0.7402181274868354600, 2.273603650596013800E-017 ) ) ;
#6439 = ORIENTED_EDGE ( 'NONE', *, *, #1961, .F. ) ;
#6440 = LINE ( 'NONE', #4386, #10943 ) ;
#6441 = VERTEX_POINT ( 'NONE', #3516 ) ;
#6442 = CARTESIAN_POINT ( 'NONE',  ( 8.350000000000001400, 3.299999999999956300, 11.19999999999999800 ) ) ;
#6443 = ORIENTED_EDGE ( 'NONE', *, *, #224, .T. ) ;
#6444 = VECTOR ( 'NONE', #10519, 1000.000000000000000 ) ;
#6445 = VECTOR ( 'NONE', #8272, 1000.000000000000000 ) ;
#6446 = VECTOR ( 'NONE', #5729, 1000.000000000000000 ) ;
#6447 = SURFACE_SIDE_STYLE ('',( #10594 ) ) ;
#6448 = CARTESIAN_POINT ( 'NONE',  ( -4.499999999999999100, 7.825000000000000200, 0.0000000000000000000 ) ) ;
#6449 = VECTOR ( 'NONE', #4322, 1000.000000000000100 ) ;
#6450 = CARTESIAN_POINT ( 'NONE',  ( 7.874999999999989300, 7.825000000000000200, -5.450000000000002000 ) ) ;
#6451 = EDGE_CURVE ( 'NONE', #3829, #9036, #10206, .T. ) ;
#6452 = CIRCLE ( 'NONE', #9487, 2.999999999999999100 ) ;
#6453 = DIRECTION ( 'NONE',  ( 2.168404344971005900E-016, 0.0000000000000000000, 1.000000000000000000 ) ) ;
#6454 = ORIENTED_EDGE ( 'NONE', *, *, #5521, .F. ) ;
#6455 = AXIS2_PLACEMENT_3D ( 'NONE', #5700, #3987, #1357 ) ;
#6456 = EDGE_CURVE ( 'NONE', #10630, #9911, #11022, .T. ) ;
#6457 = DIRECTION ( 'NONE',  ( -0.9920049496797155300, 0.1261989691358265900, 0.0000000000000000000 ) ) ;
#6458 = VECTOR ( 'NONE', #4903, 1000.000000000000000 ) ;
#6459 = CARTESIAN_POINT ( 'NONE',  ( 0.0000000000000000000, 7.825000000000000200, 0.0000000000000000000 ) ) ;
#6460 = DIRECTION ( 'NONE',  ( -0.0000000000000000000, -0.0000000000000000000, 1.000000000000000000 ) ) ;
#6461 = DIRECTION ( 'NONE',  ( 1.000000000000000000, -0.0000000000000000000, -0.0000000000000000000 ) ) ;
#6462 = VERTEX_POINT ( 'NONE', #10625 ) ;
#6463 = CARTESIAN_POINT ( 'NONE',  ( -9.999999999999996400, 3.299999999999999800, 3.450000000000000600 ) ) ;
#6464 = CARTESIAN_POINT ( 'NONE',  ( -4.499999999999996400, 7.825000000000000200, 0.05000000000000307700 ) ) ;
#6465 = VECTOR ( 'NONE', #7789, 1000.000000000000000 ) ;
#6466 = DIRECTION ( 'NONE',  ( -0.0000000000000000000, 1.000000000000000000, -0.0000000000000000000 ) ) ;
#6467 = ORIENTED_EDGE ( 'NONE', *, *, #2558, .F. ) ;
#6468 = CARTESIAN_POINT ( 'NONE',  ( 0.0000000000000000000, 0.4000000000000000200, 0.0000000000000000000 ) ) ;
#6469 = VECTOR ( 'NONE', #2955, 1000.000000000000000 ) ;
#6470 = VERTEX_POINT ( 'NONE', #6264 ) ;
#6471 = ADVANCED_FACE ( 'NONE', ( #8833, #7190 ), #1840, .T. ) ;
#6472 = EDGE_CURVE ( 'NONE', #6194, #2323, #3910, .T. ) ;
#6473 = DIRECTION ( 'NONE',  ( 1.000000000000000000, -0.0000000000000000000, -0.0000000000000000000 ) ) ;
#6474 = ORIENTED_EDGE ( 'NONE', *, *, #3578, .T. ) ;
#6475 = CARTESIAN_POINT ( 'NONE',  ( 3.462499999999994100, 13.82222592120723300, -6.400000000000001200 ) ) ;
#6476 = FACE_OUTER_BOUND ( 'NONE', #2629, .T. ) ;
#6477 = CARTESIAN_POINT ( 'NONE',  ( 7.950000000000000200, 0.3999999999999993000, 17.35000000000011500 ) ) ;
#6478 = CARTESIAN_POINT ( 'NONE',  ( 7.950000000000000200, 3.100000000000031600, 17.19999999999999900 ) ) ;
#6479 = AXIS2_PLACEMENT_3D ( 'NONE', #1676, #6024, #6146 ) ;
#6480 = VERTEX_POINT ( 'NONE', #885 ) ;
#6481 = CARTESIAN_POINT ( 'NONE',  ( -5.193917793152937000, 11.36732013843733200, 8.450000000000113000 ) ) ;
#6482 = FACE_OUTER_BOUND ( 'NONE', #407, .T. ) ;
#6483 = ORIENTED_EDGE ( 'NONE', *, *, #1929, .T. ) ;
#6484 = ADVANCED_FACE ( 'NONE', ( #2232 ), #11404, .F. ) ;
#6485 = VERTEX_POINT ( 'NONE', #9901 ) ;
#6486 = ORIENTED_EDGE ( 'NONE', *, *, #1816, .F. ) ;
#6487 = DIRECTION ( 'NONE',  ( 1.000000000000000000, 0.0000000000000000000, -2.168404344971008900E-016 ) ) ;
#6488 = DIRECTION ( 'NONE',  ( 0.0000000000000000000, -1.000000000000000000, 0.0000000000000000000 ) ) ;
#6489 = ORIENTED_EDGE ( 'NONE', *, *, #1406, .F. ) ;
#6490 = CARTESIAN_POINT ( 'NONE',  ( -4.578274166955052300E-015, 7.825000000000000200, -8.199999999999999300 ) ) ;
#6491 = EDGE_CURVE ( 'NONE', #5009, #11158, #10743, .T. ) ;
#6492 = DIRECTION ( 'NONE',  ( -1.000000000000000000, 0.0000000000000000000, 0.0000000000000000000 ) ) ;
#6493 = CLOSED_SHELL ( 'NONE', ( #6342, #744, #225, #904, #1233, #2954, #5500, #5825, #9682, #2717, #3017, #342, #11272, #8912, #7228, #9866, #355, #6098, #10088, #7032, #9972, #2360, #10577, #734, #1795, #3127, #5319, #5977, #1274, #1593, #163, #3887, #298, #2755, #413, #7504, #3781, #7137, #7902, #5463, #2530, #4625, #5023, #403, #1167, #1496, #2547, #6353, #6582, #2247, #3241, #86, #8183, #1741, #314, #7610, #9821, #5082 ) ) ;
#6494 = CARTESIAN_POINT ( 'NONE',  ( 7.900000000000114900, 8.400000000000000400, 2.200000000000000600 ) ) ;
#6495 = AXIS2_PLACEMENT_3D ( 'NONE', #8147, #9069, #2939 ) ;
#6496 = CARTESIAN_POINT ( 'NONE',  ( 3.783502169384938700E-014, 7.825000000000000200, 18.75000000000000000 ) ) ;
#6497 = ORIENTED_EDGE ( 'NONE', *, *, #8206, .T. ) ;
#6498 = DIRECTION ( 'NONE',  ( 1.000000000000000000, 0.0000000000000000000, 0.0000000000000000000 ) ) ;
#6499 = PLANE ( 'NONE',  #529 ) ;
#6500 = CARTESIAN_POINT ( 'NONE',  ( -3.210233636357284800, 8.000000000000000000, 22.67500000000000800 ) ) ;
#6501 = ORIENTED_EDGE ( 'NONE', *, *, #6179, .T. ) ;
#6502 = LINE ( 'NONE', #4163, #1269 ) ;
#6503 = ORIENTED_EDGE ( 'NONE', *, *, #5264, .F. ) ;
#6504 = ORIENTED_EDGE ( 'NONE', *, *, #4878, .T. ) ;
#6505 = CARTESIAN_POINT ( 'NONE',  ( -7.950000000000000200, -3.349999999999998800, 4.200000000000116500 ) ) ;
#6506 = EDGE_CURVE ( 'NONE', #5716, #5420, #6917, .T. ) ;
#6507 = PLANE ( 'NONE',  #7971 ) ;
#6508 = AXIS2_PLACEMENT_3D ( 'NONE', #1590, #8618, #4226 ) ;
#6509 = ORIENTED_EDGE ( 'NONE', *, *, #5571, .F. ) ;
#6510 = CARTESIAN_POINT ( 'NONE',  ( 7.950000000000000200, -1.843908891458577100, 5.100000000000000500 ) ) ;
#6511 = CARTESIAN_POINT ( 'NONE',  ( -4.832135734971188900, 11.53794763439791800, 16.20000000000011300 ) ) ;
#6512 = EDGE_LOOP ( 'NONE', ( #4611, #4287, #5805, #1290 ) ) ;
#6513 = CARTESIAN_POINT ( 'NONE',  ( -9.999999999999996400, 1.599999999999912600, 17.19999999999999900 ) ) ;
#6514 = CARTESIAN_POINT ( 'NONE',  ( 7.950000000000000200, 3.299999999999956300, 9.700000000000001100 ) ) ;
#6515 = ORIENTED_EDGE ( 'NONE', *, *, #2641, .T. ) ;
#6516 = CARTESIAN_POINT ( 'NONE',  ( -7.950000000000000200, 8.000000000000000000, 14.70000000000011700 ) ) ;
#6517 = EDGE_LOOP ( 'NONE', ( #9379, #11225 ) ) ;
#6518 = EDGE_CURVE ( 'NONE', #6629, #1184, #7867, .T. ) ;
#6519 = AXIS2_PLACEMENT_3D ( 'NONE', #11339, #6981, #2630 ) ;
#6520 = LINE ( 'NONE', #4023, #5409 ) ;
#6521 = ORIENTED_EDGE ( 'NONE', *, *, #2385, .F. ) ;
#6522 = EDGE_CURVE ( 'NONE', #7608, #8764, #10886, .T. ) ;
#6523 = CARTESIAN_POINT ( 'NONE',  ( 7.950000000000000200, 8.000000000000000000, 15.80000000000000100 ) ) ;
#6524 = EDGE_LOOP ( 'NONE', ( #1011, #9286, #11141, #5852, #2208, #9292, #701, #10855 ) ) ;
#6525 = ADVANCED_FACE ( 'NONE', ( #1544 ), #3343, .F. ) ;
#6526 = CARTESIAN_POINT ( 'NONE',  ( 7.299999999999998900, 0.0000000000000000000, 17.60000000000000100 ) ) ;
#6527 = DIRECTION ( 'NONE',  ( 0.0000000000000000000, 0.0000000000000000000, -1.000000000000000000 ) ) ;
#6528 = ORIENTED_EDGE ( 'NONE', *, *, #5821, .T. ) ;
#6529 = CARTESIAN_POINT ( 'NONE',  ( 8.309113651749971300, 1.883021205966708900, 17.20000000000000300 ) ) ;
#6530 = DIRECTION ( 'NONE',  ( -0.0000000000000000000, -0.0000000000000000000, 1.000000000000000000 ) ) ;
#6531 = EDGE_LOOP ( 'NONE', ( #10120, #9991, #5819, #9222 ) ) ;
#6532 = FACE_BOUND ( 'NONE', #4979, .T. ) ;
#6533 = ORIENTED_EDGE ( 'NONE', *, *, #4113, .F. ) ;
#6534 = ORIENTED_EDGE ( 'NONE', *, *, #4849, .T. ) ;
#6535 = DIRECTION ( 'NONE',  ( 0.0000000000000000000, 0.0000000000000000000, 1.000000000000000000 ) ) ;
#6536 = DIRECTION ( 'NONE',  ( -1.000000000000000000, 0.0000000000000000000, 5.782411586589356700E-016 ) ) ;
#6537 = DIRECTION ( 'NONE',  ( 1.000000000000000000, 0.0000000000000000000, 0.0000000000000000000 ) ) ;
#6538 = ADVANCED_FACE ( 'NONE', ( #10076 ), #8960, .F. ) ;
#6539 = DIRECTION ( 'NONE',  ( 0.0000000000000000000, 0.0000000000000000000, 1.000000000000000000 ) ) ;
#6540 = EDGE_CURVE ( 'NONE', #3472, #6410, #3076, .T. ) ;
#6541 = EDGE_CURVE ( 'NONE', #5116, #7849, #4314, .T. ) ;
#6542 =( GEOMETRIC_REPRESENTATION_CONTEXT ( 3 ) GLOBAL_UNCERTAINTY_ASSIGNED_CONTEXT ( ( #4857 ) ) GLOBAL_UNIT_ASSIGNED_CONTEXT ( ( #4639, #9082, #6396 ) ) REPRESENTATION_CONTEXT ( 'NONE', 'WORKASPACE' ) );
#6543 = ORIENTED_EDGE ( 'NONE', *, *, #2977, .T. ) ;
#6544 = VECTOR ( 'NONE', #487, 1000.000000000000000 ) ;
#6545 = VECTOR ( 'NONE', #4769, 1000.000000000000000 ) ;
#6546 = VERTEX_POINT ( 'NONE', #9983 ) ;
#6548 = DIRECTION ( 'NONE',  ( 1.000000000000000000, 0.0000000000000000000, 0.0000000000000000000 ) ) ;
#6547 = CARTESIAN_POINT ( 'NONE',  ( -5.000000000000004400, 3.600000000000000100, 11.24999999999999300 ) ) ;
#6549 = CARTESIAN_POINT ( 'NONE',  ( 0.0000000000000000000, 8.000000000000000000, 14.60000000000000000 ) ) ;
#6550 = CARTESIAN_POINT ( 'NONE',  ( 3.734106619283394000, 2.298210543063643900, -7.520620408876629500 ) ) ;
#6551 = CARTESIAN_POINT ( 'NONE',  ( 1.195506840486542300, 9.397451589815954500, 6.250000000000000000 ) ) ;
#6552 = VERTEX_POINT ( 'NONE', #1074 ) ;
#6553 = ORIENTED_EDGE ( 'NONE', *, *, #10605, .T. ) ;
#6554 = LINE ( 'NONE', #7718, #1864 ) ;
#6555 = EDGE_CURVE ( 'NONE', #932, #1512, #10473, .T. ) ;
#6556 = DIRECTION ( 'NONE',  ( 0.1261989691358270700, 0.9920049496797153100, 0.0000000000000000000 ) ) ;
#6557 = AXIS2_PLACEMENT_3D ( 'NONE', #8130, #5683, #9173 ) ;
#6558 = AXIS2_PLACEMENT_3D ( 'NONE', #4198, #572, #4165 ) ;
#6559 = VERTEX_POINT ( 'NONE', #1112 ) ;
#6560 = DIRECTION ( 'NONE',  ( 1.000000000000000000, -0.0000000000000000000, 0.0000000000000000000 ) ) ;
#6561 = DIRECTION ( 'NONE',  ( 0.0000000000000000000, 0.0000000000000000000, 1.000000000000000000 ) ) ;
#6563 = FACE_BOUND ( 'NONE', #170, .T. ) ;
#6562 = CARTESIAN_POINT ( 'NONE',  ( 7.950000000000000200, -3.350000000000042700, 10.45000000000011500 ) ) ;
#6564 = VERTEX_POINT ( 'NONE', #5533 ) ;
#6565 = CARTESIAN_POINT ( 'NONE',  ( -8.350000000000001400, 0.4000000000000001900, 9.550000000000114400 ) ) ;
#6566 = ORIENTED_EDGE ( 'NONE', *, *, #3078, .T. ) ;
#6567 = LINE ( 'NONE', #6448, #4234 ) ;
#6568 = VECTOR ( 'NONE', #3936, 1000.000000000000000 ) ;
#6569 = FACE_OUTER_BOUND ( 'NONE', #697, .T. ) ;
#6570 = EDGE_CURVE ( 'NONE', #1270, #7500, #6644, .T. ) ;
#6571 = CARTESIAN_POINT ( 'NONE',  ( 7.950000000000000200, -3.350000000000085800, 16.05000000000011400 ) ) ;
#6572 = PLANE ( 'NONE',  #3710 ) ;
#6573 = AXIS2_PLACEMENT_3D ( 'NONE', #6496, #10854, #10813 ) ;
#6574 = VECTOR ( 'NONE', #7469, 1000.000000000000000 ) ;
#6575 = ORIENTED_EDGE ( 'NONE', *, *, #109, .T. ) ;
#6576 = CARTESIAN_POINT ( 'NONE',  ( -3.210233636357284800, 8.000000000000000000, 22.67500000000000800 ) ) ;
#6577 = LINE ( 'NONE', #10689, #4245 ) ;
#6578 = VECTOR ( 'NONE', #4137, 1000.000000000000000 ) ;
#6579 = FACE_OUTER_BOUND ( 'NONE', #328, .T. ) ;
#6580 = CARTESIAN_POINT ( 'NONE',  ( -5.674208310909324200, 12.85453936187189900, 4.476393202250133800 ) ) ;
#6581 = LINE ( 'NONE', #640, #7803 ) ;
#6582 = ADVANCED_FACE ( 'NONE', ( #5136 ), #4183, .T. ) ;
#6583 = CARTESIAN_POINT ( 'NONE',  ( -9.999999999999996400, 3.299999999999999800, 15.95000000000000300 ) ) ;
#6584 = VECTOR ( 'NONE', #7668, 1000.000000000000000 ) ;
#6585 = ORIENTED_EDGE ( 'NONE', *, *, #4363, .F. ) ;
#6586 = EDGE_CURVE ( 'NONE', #9648, #8149, #3233, .T. ) ;
#6587 = FACE_OUTER_BOUND ( 'NONE', #8795, .T. ) ;
#6588 = AXIS2_PLACEMENT_3D ( 'NONE', #9139, #222, #382 ) ;
#6589 = VECTOR ( 'NONE', #8700, 1000.000000000000000 ) ;
#6590 = FACE_OUTER_BOUND ( 'NONE', #6776, .T. ) ;
#6591 = ORIENTED_EDGE ( 'NONE', *, *, #5510, .T. ) ;
#6592 = CARTESIAN_POINT ( 'NONE',  ( 7.950000000000000200, 9.360147050873548500, 16.05000000000011400 ) ) ;
#6593 = ADVANCED_FACE ( 'NONE', ( #5948 ), #3861, .F. ) ;
#6594 = VECTOR ( 'NONE', #9736, 1000.000000000000000 ) ;
#6595 = ORIENTED_EDGE ( 'NONE', *, *, #3974, .T. ) ;
#6596 = DIRECTION ( 'NONE',  ( 0.0000000000000000000, 0.0000000000000000000, -1.000000000000000000 ) ) ;
#6597 = CARTESIAN_POINT ( 'NONE',  ( -8.350000000000001400, 12.30000000000000100, 14.70000000000011700 ) ) ;
#6598 = CARTESIAN_POINT ( 'NONE',  ( -6.850000000000002300, 12.30000000000000100, 4.476393202250134700 ) ) ;
#6599 = LINE ( 'NONE', #6089, #5329 ) ;
#6600 = CARTESIAN_POINT ( 'NONE',  ( 3.462499999999989700, 1.827774078792768100, -7.274999999999975500 ) ) ;
#6601 = CARTESIAN_POINT ( 'NONE',  ( -9.999999999999996400, 8.000000000000000000, 17.60000000000000100 ) ) ;
#6602 = EDGE_CURVE ( 'NONE', #6088, #2517, #9518, .T. ) ;
#6603 = CARTESIAN_POINT ( 'NONE',  ( -7.950000000000000200, 0.4000000000000001900, 9.550000000000114400 ) ) ;
#6604 = EDGE_CURVE ( 'NONE', #2019, #8814, #3631, .T. ) ;
#6605 = DIRECTION ( 'NONE',  ( -1.000000000000000000, 0.0000000000000000000, 0.0000000000000000000 ) ) ;
#6606 = ORIENTED_EDGE ( 'NONE', *, *, #1781, .T. ) ;
#6607 = CARTESIAN_POINT ( 'NONE',  ( -4.578274166955052300E-015, 7.825000000000000200, 12.49999999999999800 ) ) ;
#6608 = VECTOR ( 'NONE', #9961, 1000.000000000000000 ) ;
#6609 = ORIENTED_EDGE ( 'NONE', *, *, #6665, .F. ) ;
#6610 = DIRECTION ( 'NONE',  ( -5.583261179213479200E-016, -0.0000000000000000000, -1.000000000000000000 ) ) ;
#6611 = DIRECTION ( 'NONE',  ( 0.0000000000000000000, 0.0000000000000000000, 1.000000000000000000 ) ) ;
#6612 = DIRECTION ( 'NONE',  ( -1.000000000000000000, 0.0000000000000000000, 0.0000000000000000000 ) ) ;
#6613 = ORIENTED_EDGE ( 'NONE', *, *, #8542, .T. ) ;
#6614 = DIRECTION ( 'NONE',  ( 0.0000000000000000000, 0.0000000000000000000, 1.000000000000000000 ) ) ;
#6615 = EDGE_LOOP ( 'NONE', ( #9963, #1403, #3591, #9098, #2693, #7554, #2562, #7995 ) ) ;
#6616 = CARTESIAN_POINT ( 'NONE',  ( 6.924999999999988300, 7.824999999999998400, -6.400000000000006600 ) ) ;
#6617 = ORIENTED_EDGE ( 'NONE', *, *, #9470, .T. ) ;
#6618 = VECTOR ( 'NONE', #5903, 1000.000000000000000 ) ;
#6619 = ORIENTED_EDGE ( 'NONE', *, *, #9401, .T. ) ;
#6620 = EDGE_CURVE ( 'NONE', #288, #2614, #3766, .T. ) ;
#6622 = DIRECTION ( 'NONE',  ( 0.0000000000000000000, -0.5766660201766968800, -0.8169799882332305900 ) ) ;
#6621 = DIRECTION ( 'NONE',  ( -0.0000000000000000000, -0.0000000000000000000, 1.000000000000000000 ) ) ;
#6623 = VERTEX_POINT ( 'NONE', #6337 ) ;
#6624 =( LENGTH_UNIT ( ) NAMED_UNIT ( * ) SI_UNIT ( .MILLI., .METRE. ) );
#6625 = PLANE ( 'NONE',  #3141 ) ;
#6626 = DIRECTION ( 'NONE',  ( 1.000000000000000000, 0.0000000000000000000, 0.0000000000000000000 ) ) ;
#6627 = AXIS2_PLACEMENT_3D ( 'NONE', #8270, #386, #3908 ) ;
#6628 = CARTESIAN_POINT ( 'NONE',  ( -8.350000000000001400, 12.30000000000000100, 2.200000000000114300 ) ) ;
#6629 = VERTEX_POINT ( 'NONE', #3046 ) ;
#6630 = DIRECTION ( 'NONE',  ( -1.000000000000000000, 0.0000000000000000000, -0.0000000000000000000 ) ) ;
#6631 = CIRCLE ( 'NONE', #4420, 4.500000000000000000 ) ;
#6632 = ORIENTED_EDGE ( 'NONE', *, *, #10841, .T. ) ;
#6633 = VERTEX_POINT ( 'NONE', #5802 ) ;
#6634 = EDGE_LOOP ( 'NONE', ( #4328, #10215, #9921, #7199 ) ) ;
#6635 = CARTESIAN_POINT ( 'NONE',  ( -8.450000000000001100, 8.223606797749978300, 4.476393202250135600 ) ) ;
#6636 = PLANE ( 'NONE',  #4953 ) ;
#6637 = EDGE_CURVE ( 'NONE', #2345, #8809, #5680, .T. ) ;
#6638 = ADVANCED_FACE ( 'NONE', ( #7734 ), #3156, .T. ) ;
#6639 = ORIENTED_EDGE ( 'NONE', *, *, #1628, .F. ) ;
#6640 = CARTESIAN_POINT ( 'NONE',  ( -9.999999999999996400, 1.600000000000000100, 3.700000000000000600 ) ) ;
#6641 = CARTESIAN_POINT ( 'NONE',  ( -3.300000000000007400, 3.600000000000000100, 9.449999999999994000 ) ) ;
#6642 = DIRECTION ( 'NONE',  ( -1.579750383876801700E-015, -0.0000000000000000000, -1.000000000000000000 ) ) ;
#6643 = MECHANICAL_DESIGN_GEOMETRIC_PRESENTATION_REPRESENTATION (  '', ( #299 ), #6201 ) ;
#6644 = LINE ( 'NONE', #8976, #10346 ) ;
#6645 = VERTEX_POINT ( 'NONE', #4889 ) ;
#6646 = VERTEX_POINT ( 'NONE', #2260 ) ;
#6647 = DIRECTION ( 'NONE',  ( 0.0000000000000000000, 0.0000000000000000000, -1.000000000000000000 ) ) ;
#6648 = ORIENTED_EDGE ( 'NONE', *, *, #8796, .T. ) ;
#6649 = DIRECTION ( 'NONE',  ( 2.111837275102199700E-016, -0.0000000000000000000, -1.000000000000000000 ) ) ;
#6650 = DIRECTION ( 'NONE',  ( 2.496005001405477600E-016, 0.0000000000000000000, 1.000000000000000000 ) ) ;
#6651 = VECTOR ( 'NONE', #2349, 1000.000000000000000 ) ;
#6652 = EDGE_CURVE ( 'NONE', #2655, #8823, #5398, .T. ) ;
#6653 = VERTEX_POINT ( 'NONE', #3083 ) ;
#6654 = EDGE_LOOP ( 'NONE', ( #8237, #138, #1814, #7522 ) ) ;
#6655 = AXIS2_PLACEMENT_3D ( 'NONE', #7657, #2391, #8537 ) ;
#6656 = DIRECTION ( 'NONE',  ( -5.583261179213479200E-016, -0.0000000000000000000, -1.000000000000000000 ) ) ;
#6657 = ORIENTED_EDGE ( 'NONE', *, *, #9368, .T. ) ;
#6658 = CARTESIAN_POINT ( 'NONE',  ( -7.950000000000000200, -1.843908891458577100, 9.550000000000114400 ) ) ;
#6659 = DIRECTION ( 'NONE',  ( 0.0000000000000000000, 1.000000000000000000, 0.0000000000000000000 ) ) ;
#6660 = ORIENTED_EDGE ( 'NONE', *, *, #4376, .F. ) ;
#6661 = LINE ( 'NONE', #1701, #1833 ) ;
#6662 = ORIENTED_EDGE ( 'NONE', *, *, #5794, .F. ) ;
#6663 = ORIENTED_EDGE ( 'NONE', *, *, #5776, .F. ) ;
#6664 = CARTESIAN_POINT ( 'NONE',  ( -8.350000000000001400, 9.360147050873548500, 4.850000000000003200 ) ) ;
#6665 = EDGE_CURVE ( 'NONE', #5563, #7736, #3487, .T. ) ;
#6666 = ORIENTED_EDGE ( 'NONE', *, *, #11128, .F. ) ;
#6667 = AXIS2_PLACEMENT_3D ( 'NONE', #10482, #6851, #2653 ) ;
#6668 = EDGE_CURVE ( 'NONE', #11341, #11407, #446, .T. ) ;
#6669 = CARTESIAN_POINT ( 'NONE',  ( -4.837073890375361200, 11.78284682717160900, 10.17360679775009300 ) ) ;
#6670 = ORIENTED_EDGE ( 'NONE', *, *, #4523, .F. ) ;
#6671 = ORIENTED_EDGE ( 'NONE', *, *, #3770, .F. ) ;
#6672 = CARTESIAN_POINT ( 'NONE',  ( -8.350000000000001400, 8.000000000000000000, 16.20000000000011300 ) ) ;
#6673 = CYLINDRICAL_SURFACE ( 'NONE', #9237, 1.099999999999996800 ) ;
#6674 = ORIENTED_EDGE ( 'NONE', *, *, #7058, .T. ) ;
#6675 = DIRECTION ( 'NONE',  ( 0.0000000000000000000, 0.0000000000000000000, 1.000000000000000000 ) ) ;
#6676 = ORIENTED_EDGE ( 'NONE', *, *, #5, .F. ) ;
#6677 = MANIFOLD_SOLID_BREP ( 'Pin SN', #4482 ) ;
#6678 = DIRECTION ( 'NONE',  ( -0.0000000000000000000, -0.0000000000000000000, 1.000000000000000000 ) ) ;
#6679 = DIRECTION ( 'NONE',  ( 0.0000000000000000000, -1.000000000000000000, 0.0000000000000000000 ) ) ;
#6680 = ORIENTED_EDGE ( 'NONE', *, *, #7528, .F. ) ;
#6681 = CYLINDRICAL_SURFACE ( 'NONE', #6721, 0.5999999999999997600 ) ;
#6682 = LINE ( 'NONE', #8474, #1725 ) ;
#6683 = ORIENTED_EDGE ( 'NONE', *, *, #8385, .T. ) ;
#6684 = DIRECTION ( 'NONE',  ( 0.0000000000000000000, -1.000000000000000000, 0.0000000000000000000 ) ) ;
#6685 = EDGE_CURVE ( 'NONE', #8584, #11154, #7054, .T. ) ;
#6686 = EDGE_CURVE ( 'NONE', #11373, #3365, #7599, .T. ) ;
#6687 = AXIS2_PLACEMENT_3D ( 'NONE', #10275, #668, #8642 ) ;
#6688 = ADVANCED_FACE ( 'NONE', ( #2365 ), #2224, .T. ) ;
#6689 = EDGE_LOOP ( 'NONE', ( #9632, #4446, #5940, #3665, #3238 ) ) ;
#6690 = LINE ( 'NONE', #8221, #911 ) ;
#6691 = FACE_BOUND ( 'NONE', #1355, .T. ) ;
#6692 = CARTESIAN_POINT ( 'NONE',  ( -6.850000000000002300, 12.30000000000000100, 18.70000000000011700 ) ) ;
#6693 = CARTESIAN_POINT ( 'NONE',  ( -8.450000000000002800, 12.30000000000000100, 16.20000000000011300 ) ) ;
#6694 = DIRECTION ( 'NONE',  ( -0.9920049496797155300, 0.1261989691358265900, 0.0000000000000000000 ) ) ;
#6695 = FACE_OUTER_BOUND ( 'NONE', #10193, .T. ) ;
#6696 = ORIENTED_EDGE ( 'NONE', *, *, #5341, .F. ) ;
#6697 = EDGE_CURVE ( 'NONE', #3259, #3066, #9374, .T. ) ;
#6698 = VECTOR ( 'NONE', #6929, 1000.000000000000100 ) ;
#6699 = CARTESIAN_POINT ( 'NONE',  ( 3.462499999999989700, 1.827774078792768100, -7.274999999999975500 ) ) ;
#6700 = ORIENTED_EDGE ( 'NONE', *, *, #5385, .T. ) ;
#6701 = AXIS2_PLACEMENT_3D ( 'NONE', #8076, #3762, #1126 ) ;
#6702 = CONICAL_SURFACE ( 'NONE', #1694, 1.000000000000005600, 1.396263401595467800 ) ;
#6703 = VECTOR ( 'NONE', #3524, 1000.000000000000000 ) ;
#6704 = AXIS2_PLACEMENT_3D ( 'NONE', #6490, #5598, #320 ) ;
#6705 = VECTOR ( 'NONE', #7187, 1000.000000000000000 ) ;
#6706 = VECTOR ( 'NONE', #4152, 1000.000000000000000 ) ;
#6707 = CARTESIAN_POINT ( 'NONE',  ( -9.999999999999996400, 1.599999999999912600, 17.44999999999999600 ) ) ;
#6708 = LINE ( 'NONE', #3605, #4239 ) ;
#6709 = DIRECTION ( 'NONE',  ( -1.000000000000000000, 0.0000000000000000000, 5.583261179213477200E-016 ) ) ;
#6710 = CARTESIAN_POINT ( 'NONE',  ( -7.950000000000000200, 1.599999999999999900, 4.950000000000000200 ) ) ;
#6711 = CYLINDRICAL_SURFACE ( 'NONE', #5911, 7.674999999999998000 ) ;
#6712 = CARTESIAN_POINT ( 'NONE',  ( -8.350000000000001400, 1.600000000000000100, 11.20000000000000100 ) ) ;
#6713 = ORIENTED_EDGE ( 'NONE', *, *, #5215, .T. ) ;
#6714 = EDGE_LOOP ( 'NONE', ( #6515, #3736, #1213, #1514 ) ) ;
#6715 = DIRECTION ( 'NONE',  ( 0.0000000000000000000, 0.0000000000000000000, 1.000000000000000000 ) ) ;
#6716 = LINE ( 'NONE', #1243, #6445 ) ;
#6717 = FACE_OUTER_BOUND ( 'NONE', #587, .T. ) ;
#6718 = EDGE_CURVE ( 'NONE', #5166, #483, #2089, .T. ) ;
#6719 = LINE ( 'NONE', #8019, #6705 ) ;
#6720 = LINE ( 'NONE', #626, #6706 ) ;
#6721 = AXIS2_PLACEMENT_3D ( 'NONE', #9937, #6457, #4853 ) ;
#6722 = EDGE_CURVE ( 'NONE', #11281, #3502, #7724, .T. ) ;
#6723 = DIRECTION ( 'NONE',  ( 1.000000000000000000, 0.0000000000000000000, 0.0000000000000000000 ) ) ;
#6724 = CARTESIAN_POINT ( 'NONE',  ( -1.449034526683843800, 9.733879744213474800, 16.35283320606802000 ) ) ;
#6725 = CARTESIAN_POINT ( 'NONE',  ( 7.900000000000114900, 8.400000000000000400, 12.45000000000000300 ) ) ;
#6726 = VECTOR ( 'NONE', #8470, 1000.000000000000000 ) ;
#6727 = ORIENTED_EDGE ( 'NONE', *, *, #1003, .F. ) ;
#6728 = CARTESIAN_POINT ( 'NONE',  ( 7.900000000000114900, 7.949999999999998400, 17.60000000000000100 ) ) ;
#6729 = LINE ( 'NONE', #8563, #811 ) ;
#6730 = CARTESIAN_POINT ( 'NONE',  ( 6.821110876396481600, 10.56081502909854400, 12.45000000000011300 ) ) ;
#6731 = CARTESIAN_POINT ( 'NONE',  ( -5.493317281818449700, 12.93985310985218700, 9.950000000000114800 ) ) ;
#6732 = EDGE_CURVE ( 'NONE', #7262, #10869, #9507, .T. ) ;
#6733 = VECTOR ( 'NONE', #2965, 1000.000000000000000 ) ;
#6734 = CARTESIAN_POINT ( 'NONE',  ( 1.224791270491731200, 9.627646017810292300, 4.200000000000113900 ) ) ;
#6735 = VERTEX_POINT ( 'NONE', #2182 ) ;
#6736 = AXIS2_PLACEMENT_3D ( 'NONE', #1513, #7702, #6868 ) ;
#6737 = CARTESIAN_POINT ( 'NONE',  ( 8.350000000000001400, 0.3999999999999993000, 3.550000000000115700 ) ) ;
#6738 = EDGE_CURVE ( 'NONE', #9337, #7224, #11155, .T. ) ;
#6739 =( BOUNDED_CURVE ( )  B_SPLINE_CURVE ( 3, ( #2230, #9409, #10220, #8387 ),
 .UNSPECIFIED., .F., .F. ) 
 B_SPLINE_CURVE_WITH_KNOTS ( ( 4, 4 ),
 ( 3.871320309816757900, 4.271693344256119600 ),
 .UNSPECIFIED. ) 
 CURVE ( )  GEOMETRIC_REPRESENTATION_ITEM ( )  RATIONAL_B_SPLINE_CURVE ( ( 1.000000000000000000, 0.9866863370284217900, 0.9866863370284217900, 1.000000000000000000 ) ) 
 REPRESENTATION_ITEM ( '' )  );
#6740 = CYLINDRICAL_SURFACE ( 'NONE', #11320, 0.2999999999999999300 ) ;
#6741 = ORIENTED_EDGE ( 'NONE', *, *, #4865, .F. ) ;
#6742 = CARTESIAN_POINT ( 'NONE',  ( 0.0000000000000000000, 7.825000000000000200, 20.85000000000000100 ) ) ;
#6743 = ORIENTED_EDGE ( 'NONE', *, *, #4022, .F. ) ;
#6744 = CARTESIAN_POINT ( 'NONE',  ( 7.300000000000002500, 0.0000000000000000000, 5.100000000000000500 ) ) ;
#6745 = EDGE_LOOP ( 'NONE', ( #5735, #4703, #9342, #2795 ) ) ;
#6746 = CARTESIAN_POINT ( 'NONE',  ( -4.104359146306979500, 10.57570944474777400, 8.450000000000113000 ) ) ;
#6747 = ADVANCED_FACE ( 'NONE', ( #2497, #7181 ), #10253, .F. ) ;
#6748 = DIRECTION ( 'NONE',  ( 0.0000000000000000000, 0.0000000000000000000, 1.000000000000000000 ) ) ;
#6749 = DIRECTION ( 'NONE',  ( 0.0000000000000000000, 0.0000000000000000000, -1.000000000000000000 ) ) ;
#6750 = LINE ( 'NONE', #7519, #10184 ) ;
#6751 = ORIENTED_EDGE ( 'NONE', *, *, #1750, .F. ) ;
#6752 = EDGE_CURVE ( 'NONE', #8809, #2345, #6631, .T. ) ;
#6753 = VERTEX_POINT ( 'NONE', #570 ) ;
#6754 = DIRECTION ( 'NONE',  ( 0.9044551454543665600, 0.4265687399014614900, 0.0000000000000000000 ) ) ;
#6755 = EDGE_CURVE ( 'NONE', #8192, #7918, #436, .T. ) ;
#6756 = ORIENTED_EDGE ( 'NONE', *, *, #10264, .F. ) ;
#6757 = AXIS2_PLACEMENT_3D ( 'NONE', #3379, #8739, #9513 ) ;
#6758 = DIRECTION ( 'NONE',  ( 0.0000000000000000000, 0.0000000000000000000, 1.000000000000000000 ) ) ;
#6759 = EDGE_LOOP ( 'NONE', ( #6743, #2478, #10057, #4812 ) ) ;
#6760 = CARTESIAN_POINT ( 'NONE',  ( -3.214999999999955900, 7.825000000000000200, 22.67500000000000800 ) ) ;
#6761 = CARTESIAN_POINT ( 'NONE',  ( 1.105825268713746200E-015, 7.825000000000000200, 0.05000000000000143200 ) ) ;
#6762 = VERTEX_POINT ( 'NONE', #6760 ) ;
#6763 = CARTESIAN_POINT ( 'NONE',  ( -5.402871767273012400, 12.98250998384233400, 9.950000000000114800 ) ) ;
#6764 = CARTESIAN_POINT ( 'NONE',  ( 6.648974508221139800, 9.207712619315408600, 8.450000000000113000 ) ) ;
#6765 = ORIENTED_EDGE ( 'NONE', *, *, #4653, .F. ) ;
#6766 = EDGE_CURVE ( 'NONE', #9569, #8682, #2931, .T. ) ;
#6768 = CARTESIAN_POINT ( 'NONE',  ( 10.00000000000000000, 0.0000000000000000000, 11.35000000000000100 ) ) ;
#6767 =( NAMED_UNIT ( * ) SI_UNIT ( $, .STERADIAN. ) SOLID_ANGLE_UNIT ( ) );
#6769 = DIRECTION ( 'NONE',  ( 0.0000000000000000000, -1.000000000000000000, -0.0000000000000000000 ) ) ;
#6770 = VECTOR ( 'NONE', #3968, 1000.000000000000000 ) ;
#6771 = ORIENTED_EDGE ( 'NONE', *, *, #10719, .T. ) ;
#6772 = CARTESIAN_POINT ( 'NONE',  ( 4.750000000000001800, 8.400000000000000400, 2.199999999999999300 ) ) ;
#6773 = DIRECTION ( 'NONE',  ( -0.0000000000000000000, -0.0000000000000000000, 1.000000000000000000 ) ) ;
#6774 = VERTEX_POINT ( 'NONE', #4999 ) ;
#6775 = AXIS2_PLACEMENT_3D ( 'NONE', #5557, #9847, #2877 ) ;
#6776 = EDGE_LOOP ( 'NONE', ( #5039, #9254, #644, #157 ) ) ;
#6777 = LINE ( 'NONE', #11150, #4733 ) ;
#6778 = VERTEX_POINT ( 'NONE', #5110 ) ;
#6779 = CARTESIAN_POINT ( 'NONE',  ( 1.105825268713746200E-015, 7.825000000000000200, -4.499999999999999100 ) ) ;
#6780 = EDGE_CURVE ( 'NONE', #590, #37, #4444, .T. ) ;
#6781 = ORIENTED_EDGE ( 'NONE', *, *, #8989, .F. ) ;
#6782 = DIRECTION ( 'NONE',  ( -5.583261179213479200E-016, -0.0000000000000000000, -1.000000000000000000 ) ) ;
#6783 = EDGE_CURVE ( 'NONE', #11373, #1210, #9233, .T. ) ;
#6784 = DIRECTION ( 'NONE',  ( 1.000000000000000000, 0.0000000000000000000, 0.0000000000000000000 ) ) ;
#6785 = AXIS2_PLACEMENT_3D ( 'NONE', #2184, #8338, #4890 ) ;
#6786 = ORIENTED_EDGE ( 'NONE', *, *, #3803, .F. ) ;
#6787 = CARTESIAN_POINT ( 'NONE',  ( -8.350000000000001400, 8.000000000000000000, 14.70000000000011700 ) ) ;
#6788 = CIRCLE ( 'NONE', #7258, 1.600000000000000800 ) ;
#6789 = ORIENTED_EDGE ( 'NONE', *, *, #8279, .F. ) ;
#6790 = VERTEX_POINT ( 'NONE', #10294 ) ;
#6791 = CARTESIAN_POINT ( 'NONE',  ( -5.000000000000004400, 0.7000000000000000700, 11.24999999999999300 ) ) ;
#6792 = DIRECTION ( 'NONE',  ( 1.000000000000000000, 0.0000000000000000000, 0.0000000000000000000 ) ) ;
#6793 = DIRECTION ( 'NONE',  ( -0.9044551454543676700, -0.4265687399014589400, 0.0000000000000000000 ) ) ;
#6794 = VERTEX_POINT ( 'NONE', #5033 ) ;
#6795 = CARTESIAN_POINT ( 'NONE',  ( -7.950000000000000200, 0.4000000000000001900, 5.100000000000114200 ) ) ;
#6796 = EDGE_CURVE ( 'NONE', #9666, #211, #6502, .T. ) ;
#6797 = CARTESIAN_POINT ( 'NONE',  ( -8.350000000000001400, 8.000000000000000000, 4.700000000000113900 ) ) ;
#6798 = ORIENTED_EDGE ( 'NONE', *, *, #5521, .T. ) ;
#6799 = AXIS2_PLACEMENT_3D ( 'NONE', #10168, #1436, #9244 ) ;
#6800 = LINE ( 'NONE', #3147, #9537 ) ;
#6801 = VERTEX_POINT ( 'NONE', #7711 ) ;
#6802 = ADVANCED_FACE ( 'NONE', ( #1532 ), #301, .T. ) ;
#6803 = ORIENTED_EDGE ( 'NONE', *, *, #10363, .F. ) ;
#6804 = PLANE ( 'NONE',  #5421 ) ;
#6805 = DIRECTION ( 'NONE',  ( 1.000000000000000000, 0.0000000000000000000, -1.480560576936105300E-015 ) ) ;
#6806 = DIRECTION ( 'NONE',  ( -5.583261179213479200E-016, -0.0000000000000000000, -1.000000000000000000 ) ) ;
#6807 = DIRECTION ( 'NONE',  ( 0.0000000000000000000, 0.0000000000000000000, 1.000000000000000000 ) ) ;
#6808 = EDGE_LOOP ( 'NONE', ( #11189, #9745, #696, #7028 ) ) ;
#6809 = ORIENTED_EDGE ( 'NONE', *, *, #4323, .F. ) ;
#6810 = FACE_OUTER_BOUND ( 'NONE', #11173, .T. ) ;
#6811 = VECTOR ( 'NONE', #6057, 1000.000000000000000 ) ;
#6812 = EDGE_LOOP ( 'NONE', ( #11068, #8179, #6439, #3279 ) ) ;
#6813 = DIRECTION ( 'NONE',  ( 1.000000000000000000, -0.0000000000000000000, -0.0000000000000000000 ) ) ;
#6814 =( BOUNDED_CURVE ( )  B_SPLINE_CURVE ( 3, ( #5229, #4391, #8657, #6913 ),
 .UNSPECIFIED., .F., .F. ) 
 B_SPLINE_CURVE_WITH_KNOTS ( ( 4, 4 ),
 ( 2.530727415391780300, 3.141592653589793100 ),
 .UNSPECIFIED. ) 
 CURVE ( )  GEOMETRIC_REPRESENTATION_ITEM ( )  RATIONAL_B_SPLINE_CURVE ( ( 1.000000000000000000, 0.9691446338321514400, 0.9691446338321514400, 1.000000000000000000 ) ) 
 REPRESENTATION_ITEM ( '' )  );
#6815 = EDGE_CURVE ( 'NONE', #9482, #1331, #4722, .T. ) ;
#6816 = EDGE_CURVE ( 'NONE', #2147, #3445, #11292, .T. ) ;
#6817 =( GEOMETRIC_REPRESENTATION_CONTEXT ( 3 ) GLOBAL_UNCERTAINTY_ASSIGNED_CONTEXT ( ( #6035 ) ) GLOBAL_UNIT_ASSIGNED_CONTEXT ( ( #8826, #6224, #7981 ) ) REPRESENTATION_CONTEXT ( 'NONE', 'WORKASPACE' ) );
#6818 = PLANE ( 'NONE',  #4760 ) ;
#6819 = ORIENTED_EDGE ( 'NONE', *, *, #7790, .T. ) ;
#6820 = CARTESIAN_POINT ( 'NONE',  ( -1.788317974637186200, 9.443748174786378500, 10.69247939767546300 ) ) ;
#6821 = VERTEX_POINT ( 'NONE', #5072 ) ;
#6822 = VECTOR ( 'NONE', #7385, 1000.000000000000000 ) ;
#6823 = LINE ( 'NONE', #7813, #216 ) ;
#6824 = CARTESIAN_POINT ( 'NONE',  ( 8.309113651749971300, 1.883021205966706400, 16.19999999999999600 ) ) ;
#6825 = CARTESIAN_POINT ( 'NONE',  ( -1.788317974637186700, 9.443748174786378500, 3.957520602324764900 ) ) ;
#6826 = DIRECTION ( 'NONE',  ( 1.000000000000000000, 0.0000000000000000000, 0.0000000000000000000 ) ) ;
#6827 = VECTOR ( 'NONE', #3432, 1000.000000000000000 ) ;
#6828 = DIRECTION ( 'NONE',  ( 1.000000000000000000, -0.0000000000000000000, -0.0000000000000000000 ) ) ;
#6829 = LINE ( 'NONE', #7952, #1198 ) ;
#6830 = CARTESIAN_POINT ( 'NONE',  ( 7.299999999999998900, 0.0000000000000000000, 9.550000000000000700 ) ) ;
#6831 = CYLINDRICAL_SURFACE ( 'NONE', #2750, 1.000000000000001800 ) ;
#6832 = ORIENTED_EDGE ( 'NONE', *, *, #3138, .T. ) ;
#6833 = CARTESIAN_POINT ( 'NONE',  ( 7.950000000000000200, 3.299999999999999800, 3.450000000000000600 ) ) ;
#6834 = EDGE_LOOP ( 'NONE', ( #6962, #6086, #7568, #4243 ) ) ;
#6835 = DIRECTION ( 'NONE',  ( 0.0000000000000000000, 0.0000000000000000000, -1.000000000000000000 ) ) ;
#6836 = LINE ( 'NONE', #2950, #8888 ) ;
#6837 = LINE ( 'NONE', #3052, #3001 ) ;
#6838 = EDGE_CURVE ( 'NONE', #7953, #7111, #7994, .T. ) ;
#6839 =( LENGTH_UNIT ( ) NAMED_UNIT ( * ) SI_UNIT ( .MILLI., .METRE. ) );
#6840 = AXIS2_PLACEMENT_3D ( 'NONE', #11401, #8671, #4405 ) ;
#6841 = CARTESIAN_POINT ( 'NONE',  ( 7.299999999999998900, 8.000000000000000000, 17.60000000000000100 ) ) ;
#6842 = FACE_OUTER_BOUND ( 'NONE', #7730, .T. ) ;
#6843 = AXIS2_PLACEMENT_3D ( 'NONE', #6429, #2818, #9755 ) ;
#6845 = DIRECTION ( 'NONE',  ( 5.471677050907138700E-016, 2.346163575745168000E-030, -1.000000000000000000 ) ) ;
#6844 = FILL_AREA_STYLE ('',( #6967 ) ) ;
#6846 = LINE ( 'NONE', #2500, #1463 ) ;
#6847 = EDGE_LOOP ( 'NONE', ( #7706, #10251, #115, #6648 ) ) ;
#6848 = CARTESIAN_POINT ( 'NONE',  ( 0.0000000000000000000, 0.4000000000000000200, 0.0000000000000000000 ) ) ;
#6849 = FACE_OUTER_BOUND ( 'NONE', #7203, .T. ) ;
#6850 = FACE_OUTER_BOUND ( 'NONE', #2254, .T. ) ;
#6851 = DIRECTION ( 'NONE',  ( -0.0000000000000000000, -0.0000000000000000000, 1.000000000000000000 ) ) ;
#6852 = CARTESIAN_POINT ( 'NONE',  ( 7.950000000000000200, 1.599999999999956600, 11.10000000000011700 ) ) ;
#6853 = LINE ( 'NONE', #7827, #9585 ) ;
#6854 = CYLINDRICAL_SURFACE ( 'NONE', #2071, 0.3000000000000001600 ) ;
#6855 = ADVANCED_FACE ( 'NONE', ( #5388 ), #536, .T. ) ;
#6856 = EDGE_CURVE ( 'NONE', #2361, #10695, #9773, .T. ) ;
#6857 = ORIENTED_EDGE ( 'NONE', *, *, #7058, .F. ) ;
#6858 = CARTESIAN_POINT ( 'NONE',  ( 0.6159824281283192700, 1.827774078792768500, -7.931112897494088500 ) ) ;
#6859 = DIRECTION ( 'NONE',  ( -1.579750383876801700E-015, -0.0000000000000000000, -1.000000000000000000 ) ) ;
#6860 = LINE ( 'NONE', #9279, #11109 ) ;
#6861 = ORIENTED_EDGE ( 'NONE', *, *, #10070, .T. ) ;
#6862 = CARTESIAN_POINT ( 'NONE',  ( -7.299999999999995400, 0.0000000000000000000, 17.60000000000000100 ) ) ;
#6863 = LINE ( 'NONE', #6202, #3989 ) ;
#6864 = LINE ( 'NONE', #6914, #6589 ) ;
#6865 = ADVANCED_FACE ( 'NONE', ( #4860 ), #10338, .T. ) ;
#6866 = CARTESIAN_POINT ( 'NONE',  ( 3.469446951953614200E-015, 8.000000000000000000, 10.42500000000000200 ) ) ;
#6867 = CARTESIAN_POINT ( 'NONE',  ( -7.299999999999995400, 0.0000000000000000000, 11.35000000000000100 ) ) ;
#6868 = DIRECTION ( 'NONE',  ( -1.000000000000000000, 0.0000000000000000000, 0.0000000000000000000 ) ) ;
#6869 = EDGE_LOOP ( 'NONE', ( #5566, #756, #4996, #8545 ) ) ;
#6870 = CIRCLE ( 'NONE', #1612, 3.214999999999999900 ) ;
#6871 = ORIENTED_EDGE ( 'NONE', *, *, #433, .T. ) ;
#6872 = EDGE_CURVE ( 'NONE', #3791, #2949, #4175, .T. ) ;
#6873 = CARTESIAN_POINT ( 'NONE',  ( -4.808410434011671300, 11.69930618132521600, 16.33582109629746200 ) ) ;
#6874 = AXIS2_PLACEMENT_3D ( 'NONE', #8082, #8958, #7472 ) ;
#6875 = FACE_OUTER_BOUND ( 'NONE', #4936, .T. ) ;
#6876 = DIRECTION ( 'NONE',  ( -0.0000000000000000000, -1.000000000000000000, -0.0000000000000000000 ) ) ;
#6877 = DIRECTION ( 'NONE',  ( 1.000000000000000000, -0.0000000000000000000, -0.0000000000000000000 ) ) ;
#6878 = ORIENTED_EDGE ( 'NONE', *, *, #8282, .T. ) ;
#6879 = DIRECTION ( 'NONE',  ( 0.0000000000000000000, 0.0000000000000000000, -1.000000000000000000 ) ) ;
#6880 = LINE ( 'NONE', #3342, #9611 ) ;
#6881 = ORIENTED_EDGE ( 'NONE', *, *, #2887, .T. ) ;
#6882 = PLANE ( 'NONE',  #3043 ) ;
#6883 = VECTOR ( 'NONE', #12, 1000.000000000000100 ) ;
#6884 = ORIENTED_EDGE ( 'NONE', *, *, #4981, .F. ) ;
#6885 = ORIENTED_EDGE ( 'NONE', *, *, #4675, .T. ) ;
#6886 = DIRECTION ( 'NONE',  ( 0.0000000000000000000, 0.0000000000000000000, -1.000000000000000000 ) ) ;
#6887 = EDGE_CURVE ( 'NONE', #1401, #9274, #7457, .T. ) ;
#6888 = DIRECTION ( 'NONE',  ( -0.4265687399014593800, 0.9044551454543674500, 0.0000000000000000000 ) ) ;
#6889 = DIRECTION ( 'NONE',  ( 0.0000000000000000000, -1.000000000000000000, 0.0000000000000000000 ) ) ;
#6890 = ORIENTED_EDGE ( 'NONE', *, *, #975, .F. ) ;
#6891 = ORIENTED_EDGE ( 'NONE', *, *, #6167, .T. ) ;
#6892 = CARTESIAN_POINT ( 'NONE',  ( 3.004255071646475500, 8.796433938085819200, 10.32588816405454100 ) ) ;
#6893 = DIRECTION ( 'NONE',  ( 0.0000000000000000000, -0.0000000000000000000, 1.000000000000000000 ) ) ;
#6894 = ORIENTED_EDGE ( 'NONE', *, *, #2012, .F. ) ;
#6895 = ORIENTED_EDGE ( 'NONE', *, *, #3255, .T. ) ;
#6896 = PLANE ( 'NONE',  #4935 ) ;
#6897 = ORIENTED_EDGE ( 'NONE', *, *, #326, .F. ) ;
#6898 = CARTESIAN_POINT ( 'NONE',  ( 0.0000000000000000000, 7.825000000000000200, 6.249999999999999100 ) ) ;
#6899 = VERTEX_POINT ( 'NONE', #3537 ) ;
#6900 = DIRECTION ( 'NONE',  ( -1.000000000000000000, 0.0000000000000000000, 6.608470384673556900E-016 ) ) ;
#6901 = CARTESIAN_POINT ( 'NONE',  ( -4.265326036467361100E-015, 7.825000000000000200, -7.899999999999990600 ) ) ;
#6902 = CIRCLE ( 'NONE', #6757, 7.874999999999994700 ) ;
#6903 = ORIENTED_EDGE ( 'NONE', *, *, #8263, .F. ) ;
#6904 = EDGE_CURVE ( 'NONE', #8950, #1382, #10875, .T. ) ;
#6905 = DIRECTION ( 'NONE',  ( -1.579750383876801700E-015, -0.0000000000000000000, -1.000000000000000000 ) ) ;
#6906 = ORIENTED_EDGE ( 'NONE', *, *, #8793, .T. ) ;
#6907 = EDGE_CURVE ( 'NONE', #9119, #3672, #6902, .T. ) ;
#6908 = AXIS2_PLACEMENT_3D ( 'NONE', #2244, #7442, #3145 ) ;
#6909 = ADVANCED_FACE ( 'NONE', ( #581 ), #8656, .T. ) ;
#6910 = CARTESIAN_POINT ( 'NONE',  ( 7.299999999999998900, 8.000000000000000000, 11.35000000000000100 ) ) ;
#6911 = ORIENTED_EDGE ( 'NONE', *, *, #8367, .T. ) ;
#6912 = DIRECTION ( 'NONE',  ( 1.000000000000000000, 0.0000000000000000000, 0.0000000000000000000 ) ) ;
#6913 = CARTESIAN_POINT ( 'NONE',  ( -1.740153877978051700, 9.399998989646013200, 10.45000000000011500 ) ) ;
#6914 = CARTESIAN_POINT ( 'NONE',  ( -8.350000000000001400, 0.3999999999999993000, 11.10000000000000300 ) ) ;
#6915 = CARTESIAN_POINT ( 'NONE',  ( -9.999999999999996400, 1.600000000000000100, 9.950000000000001100 ) ) ;
#6916 = CARTESIAN_POINT ( 'NONE',  ( 7.673004626611402500, 8.000000000000000000, 20.85000000000000100 ) ) ;
#6917 = LINE ( 'NONE', #1919, #1821 ) ;
#6918 = ORIENTED_EDGE ( 'NONE', *, *, #3307, .F. ) ;
#6919 = DIRECTION ( 'NONE',  ( -0.0000000000000000000, 0.0000000000000000000, -1.000000000000000000 ) ) ;
#6920 = ORIENTED_EDGE ( 'NONE', *, *, #4914, .T. ) ;
#6921 = ADVANCED_FACE ( 'NONE', ( #4574, #8549 ), #11352, .T. ) ;
#6922 = PLANE ( 'NONE',  #10826 ) ;
#6923 = EDGE_CURVE ( 'NONE', #1170, #5410, #5671, .T. ) ;
#6924 = DIRECTION ( 'NONE',  ( 0.0000000000000000000, 5.782411586589357600E-016, -1.000000000000000000 ) ) ;
#6925 = ORIENTED_EDGE ( 'NONE', *, *, #7328, .T. ) ;
#6926 = CARTESIAN_POINT ( 'NONE',  ( 8.350000000000001400, 3.299999999999912800, 15.94999999999999900 ) ) ;
#6927 = PLANE ( 'NONE',  #5253 ) ;
#6928 = DIRECTION ( 'NONE',  ( 5.471677050907138700E-016, 2.346163575745168000E-030, -1.000000000000000000 ) ) ;
#6929 = DIRECTION ( 'NONE',  ( -0.4265687399014589400, 0.9044551454543676700, -0.0000000000000000000 ) ) ;
#6930 = AXIS2_PLACEMENT_3D ( 'NONE', #11021, #4021, #10150 ) ;
#6931 = VECTOR ( 'NONE', #1615, 1000.000000000000100 ) ;
#6932 = EDGE_LOOP ( 'NONE', ( #6387, #10410, #2368, #10364, #134, #4454 ) ) ;
#6933 = ORIENTED_EDGE ( 'NONE', *, *, #2468, .T. ) ;
#6934 = CARTESIAN_POINT ( 'NONE',  ( 3.646209105255879600E-015, 7.825000000000000200, 0.05000000000000056500 ) ) ;
#6935 = ADVANCED_FACE ( 'NONE', ( #4300 ), #10543, .F. ) ;
#6936 = ORIENTED_EDGE ( 'NONE', *, *, #8943, .F. ) ;
#6937 = CARTESIAN_POINT ( 'NONE',  ( -8.350000000000001400, 0.4000000000000001900, 15.80000000000011600 ) ) ;
#6938 = ORIENTED_EDGE ( 'NONE', *, *, #8705, .T. ) ;
#6939 = LINE ( 'NONE', #7025, #11183 ) ;
#6940 = EDGE_CURVE ( 'NONE', #10718, #3240, #11012, .T. ) ;
#6941 = ORIENTED_EDGE ( 'NONE', *, *, #1297, .T. ) ;
#6942 = CARTESIAN_POINT ( 'NONE',  ( 6.369214685596615400, 8.787648402647278100, -7.690947237209209100 ) ) ;
#6943 = CARTESIAN_POINT ( 'NONE',  ( -7.950000000000000200, 0.3999999999999993000, 16.05000000000000100 ) ) ;
#6944 = ORIENTED_EDGE ( 'NONE', *, *, #7030, .T. ) ;
#6945 = AXIS2_PLACEMENT_3D ( 'NONE', #7946, #7909, #57 ) ;
#6946 = CARTESIAN_POINT ( 'NONE',  ( 7.950000000000000200, 3.299999999999912800, 17.44999999999999600 ) ) ;
#6947 = EDGE_LOOP ( 'NONE', ( #3743, #4768, #1523, #8248 ) ) ;
#6948 = VERTEX_POINT ( 'NONE', #4309 ) ;
#6949 = CARTESIAN_POINT ( 'NONE',  ( -9.999999999999996400, -3.349999999999998800, 17.35000000000011900 ) ) ;
#6950 = FACE_OUTER_BOUND ( 'NONE', #8835, .T. ) ;
#6951 = LINE ( 'NONE', #2401, #8038 ) ;
#6952 = VERTEX_POINT ( 'NONE', #5187 ) ;
#6953 = CARTESIAN_POINT ( 'NONE',  ( -9.999999999999996400, 1.599999999999912600, 16.19999999999999900 ) ) ;
#6954 = CARTESIAN_POINT ( 'NONE',  ( -3.462500000000002600, 13.82222592120722900, -7.274999999999981700 ) ) ;
#6955 = ORIENTED_EDGE ( 'NONE', *, *, #3760, .T. ) ;
#6956 = DIRECTION ( 'NONE',  ( -0.0000000000000000000, -0.0000000000000000000, 1.000000000000000000 ) ) ;
#6957 = CARTESIAN_POINT ( 'NONE',  ( 4.999999999999997300, 3.600000000000000100, 11.24999999999999300 ) ) ;
#6958 = CARTESIAN_POINT ( 'NONE',  ( -8.450000000000001100, 8.223606797749978300, 16.20000000000011300 ) ) ;
#6959 = EDGE_CURVE ( 'NONE', #8927, #8922, #8278, .T. ) ;
#6960 = CARTESIAN_POINT ( 'NONE',  ( 6.997055580779380600, 9.566654908446548000, 14.70000000000011700 ) ) ;
#6961 = AXIS2_PLACEMENT_3D ( 'NONE', #1760, #8748, #3590 ) ;
#6962 = ORIENTED_EDGE ( 'NONE', *, *, #9401, .F. ) ;
#6963 = ORIENTED_EDGE ( 'NONE', *, *, #801, .F. ) ;
#6964 = VECTOR ( 'NONE', #10025, 1000.000000000000000 ) ;
#6965 = LINE ( 'NONE', #9052, #9005 ) ;
#6966 = ORIENTED_EDGE ( 'NONE', *, *, #7019, .F. ) ;
#6968 = CARTESIAN_POINT ( 'NONE',  ( 7.950000000000000200, 8.000000000000000000, 5.100000000000000500 ) ) ;
#6967 = FILL_AREA_STYLE_COLOUR ( '', #8879 ) ;
#6969 = DIRECTION ( 'NONE',  ( -0.0000000000000000000, -0.0000000000000000000, 1.000000000000000000 ) ) ;
#6970 = CARTESIAN_POINT ( 'NONE',  ( 7.300000000000002500, 8.000000000000000000, 5.100000000000000500 ) ) ;
#6971 = CARTESIAN_POINT ( 'NONE',  ( -4.104359146306976800, 10.57570944474777400, 18.12874079730326200 ) ) ;
#6972 = ADVANCED_FACE ( 'NONE', ( #5271 ), #8624, .T. ) ;
#6973 = EDGE_LOOP ( 'NONE', ( #5536, #8802, #6081, #11134 ) ) ;
#6974 = EDGE_LOOP ( 'NONE', ( #8065, #3021, #1168, #9673 ) ) ;
#6975 = LINE ( 'NONE', #7973, #5879 ) ;
#6976 = EDGE_CURVE ( 'NONE', #2551, #3103, #2645, .T. ) ;
#6977 = LINE ( 'NONE', #3738, #5992 ) ;
#6978 = EDGE_CURVE ( 'NONE', #10458, #7841, #1943, .T. ) ;
#6979 = CIRCLE ( 'NONE', #2038, 0.9999999999999983300 ) ;
#6980 = CARTESIAN_POINT ( 'NONE',  ( 8.350000000000116900, 7.949999999999998400, 11.35000000000000100 ) ) ;
#6981 = DIRECTION ( 'NONE',  ( -0.0000000000000000000, -2.312964634635742700E-015, -1.000000000000000000 ) ) ;
#6982 = CARTESIAN_POINT ( 'NONE',  ( 6.699454095875470500, 9.604514599187295300, 14.70000000000011500 ) ) ;
#6983 = AXIS2_PLACEMENT_3D ( 'NONE', #3097, #4752, #9108 ) ;
#6984 = VECTOR ( 'NONE', #9426, 1000.000000000000000 ) ;
#6985 = ORIENTED_EDGE ( 'NONE', *, *, #4557, .F. ) ;
#6986 = FACE_OUTER_BOUND ( 'NONE', #1253, .T. ) ;
#6987 = VECTOR ( 'NONE', #9823, 1000.000000000000000 ) ;
#6988 = DIRECTION ( 'NONE',  ( -1.000000000000000000, 0.0000000000000000000, 0.0000000000000000000 ) ) ;
#6989 = VECTOR ( 'NONE', #10816, 1000.000000000000000 ) ;
#6990 = CIRCLE ( 'NONE', #11103, 1.000000000000005600 ) ;
#6991 = LINE ( 'NONE', #150, #3965 ) ;
#6992 = DIRECTION ( 'NONE',  ( 0.0000000000000000000, 1.000000000000000000, 0.0000000000000000000 ) ) ;
#6993 = DIRECTION ( 'NONE',  ( -1.000000000000000000, 0.0000000000000000000, 0.0000000000000000000 ) ) ;
#6994 = ORIENTED_EDGE ( 'NONE', *, *, #11249, .T. ) ;
#6995 = ORIENTED_EDGE ( 'NONE', *, *, #1023, .T. ) ;
#6996 = CARTESIAN_POINT ( 'NONE',  ( 1.462358590181706000, 13.82222592120723400, -7.850692383355187200 ) ) ;
#6997 = EDGE_CURVE ( 'NONE', #2626, #10078, #3064, .T. ) ;
#6998 = ADVANCED_FACE ( 'NONE', ( #10600 ), #3323, .T. ) ;
#6999 = LINE ( 'NONE', #7130, #2718 ) ;
#7000 = DIRECTION ( 'NONE',  ( -0.0000000000000000000, -0.0000000000000000000, 1.000000000000000000 ) ) ;
#7001 = PRODUCT ( 'ACJM-IH', 'ACJM-IH', '', ( #3626 ) ) ;
#7002 = ORIENTED_EDGE ( 'NONE', *, *, #8428, .T. ) ;
#7003 = CARTESIAN_POINT ( 'NONE',  ( 7.950000000000000200, 0.3999999999999993000, 16.05000000000011400 ) ) ;
#7004 = VECTOR ( 'NONE', #2820, 1000.000000000000100 ) ;
#7005 = FACE_BOUND ( 'NONE', #8982, .T. ) ;
#7006 = CARTESIAN_POINT ( 'NONE',  ( -2.610512356868664300, 10.78889192452703600, 12.08250000000011100 ) ) ;
#7007 = LINE ( 'NONE', #961, #7552 ) ;
#7008 = LINE ( 'NONE', #8575, #2025 ) ;
#7009 = DIRECTION ( 'NONE',  ( 0.0000000000000000000, 0.0000000000000000000, -1.000000000000000000 ) ) ;
#7010 = ORIENTED_EDGE ( 'NONE', *, *, #2594, .T. ) ;
#7011 = CARTESIAN_POINT ( 'NONE',  ( -9.999999999999996400, 3.299999999999956300, 9.700000000000001100 ) ) ;
#7012 = DIRECTION ( 'NONE',  ( 0.0000000000000000000, -0.5766660201766968800, -0.8169799882332305900 ) ) ;
#7013 = CIRCLE ( 'NONE', #874, 0.2000000000001245500 ) ;
#7014 = DIRECTION ( 'NONE',  ( -1.000000000000000000, 0.0000000000000000000, 0.0000000000000000000 ) ) ;
#7015 = DIRECTION ( 'NONE',  ( 0.9848077530122088000, 1.206041662501898600E-016, -0.1736481776669262800 ) ) ;
#7016 = VERTEX_POINT ( 'NONE', #3691 ) ;
#7017 = EDGE_CURVE ( 'NONE', #8655, #6790, #6, .T. ) ;
#7018 = TOROIDAL_SURFACE ( 'NONE', #2648, 0.1999999999999994300, 0.5000000000000000000 ) ;
#7019 = EDGE_CURVE ( 'NONE', #2323, #7895, #2922, .T. ) ;
#7020 = CARTESIAN_POINT ( 'NONE',  ( 3.171676389805457000, 8.884518554691602800, 10.10585413818948900 ) ) ;
#7021 = AXIS2_PLACEMENT_3D ( 'NONE', #9083, #4808, #7365 ) ;
#7022 = AXIS2_PLACEMENT_3D ( 'NONE', #3265, #8440, #4008 ) ;
#7023 = FACE_OUTER_BOUND ( 'NONE', #449, .T. ) ;
#7024 = ORIENTED_EDGE ( 'NONE', *, *, #604, .F. ) ;
#7025 = CARTESIAN_POINT ( 'NONE',  ( -4.174786139660028500, 11.61146323279055700, 13.81656896466870200 ) ) ;
#7026 = DIRECTION ( 'NONE',  ( 0.0000000000000000000, -1.000000000000000000, 0.0000000000000000000 ) ) ;
#7027 = LINE ( 'NONE', #7235, #9741 ) ;
#7028 = ORIENTED_EDGE ( 'NONE', *, *, #1730, .T. ) ;
#7029 = CARTESIAN_POINT ( 'NONE',  ( -6.850000000000002300, 12.30000000000000100, 6.200000000000113900 ) ) ;
#7030 = EDGE_CURVE ( 'NONE', #3401, #7977, #10462, .T. ) ;
#7031 = VECTOR ( 'NONE', #213, 1000.000000000000000 ) ;
#7032 = ADVANCED_FACE ( 'NONE', ( #5930 ), #128, .F. ) ;
#7033 = ORIENTED_EDGE ( 'NONE', *, *, #5609, .F. ) ;
#7034 = AXIS2_PLACEMENT_3D ( 'NONE', #5856, #665, #588 ) ;
#7035 = CARTESIAN_POINT ( 'NONE',  ( 2.932833640862345900, 13.82222592120723300, -7.551530591933465400 ) ) ;
#7036 = DIRECTION ( 'NONE',  ( 0.0000000000000000000, -0.0000000000000000000, 1.000000000000000000 ) ) ;
#7037 = VECTOR ( 'NONE', #2049, 1000.000000000000000 ) ;
#7038 = ORIENTED_EDGE ( 'NONE', *, *, #1176, .T. ) ;
#7039 = CARTESIAN_POINT ( 'NONE',  ( -7.299999999999995400, 0.0000000000000000000, 5.100000000000000500 ) ) ;
#7040 = ORIENTED_EDGE ( 'NONE', *, *, #6904, .F. ) ;
#7041 = EDGE_LOOP ( 'NONE', ( #1652, #5978, #1552, #10924 ) ) ;
#7042 = DIRECTION ( 'NONE',  ( -0.0000000000000000000, -0.0000000000000000000, 1.000000000000000000 ) ) ;
#7043 = ORIENTED_EDGE ( 'NONE', *, *, #8480, .T. ) ;
#7044 = DIRECTION ( 'NONE',  ( -0.0000000000000000000, 0.0000000000000000000, -1.000000000000000000 ) ) ;
#7045 = DIRECTION ( 'NONE',  ( -1.000000000000000000, 0.0000000000000000000, 0.0000000000000000000 ) ) ;
#7046 = DIRECTION ( 'NONE',  ( -0.0000000000000000000, 0.0000000000000000000, -1.000000000000000000 ) ) ;
#7047 = COLOUR_RGB ( '',0.2509803921568627400, 0.2509803921568627400, 0.2509803921568627400 ) ;
#7048 = EDGE_CURVE ( 'NONE', #10203, #9881, #10329, .T. ) ;
#7049 = VERTEX_POINT ( 'NONE', #9845 ) ;
#7050 = ORIENTED_EDGE ( 'NONE', *, *, #15, .F. ) ;
#7051 = EDGE_CURVE ( 'NONE', #1107, #2266, #10056, .T. ) ;
#7052 = ORIENTED_EDGE ( 'NONE', *, *, #3200, .T. ) ;
#7053 = ADVANCED_FACE ( 'NONE', ( #10729 ), #979, .T. ) ;
#7054 = LINE ( 'NONE', #5726, #4993 ) ;
#7055 = ORIENTED_EDGE ( 'NONE', *, *, #8153, .F. ) ;
#7056 = ORIENTED_EDGE ( 'NONE', *, *, #1072, .T. ) ;
#7057 = ORIENTED_EDGE ( 'NONE', *, *, #1105, .T. ) ;
#7058 = EDGE_CURVE ( 'NONE', #160, #8710, #7984, .T. ) ;
#7059 = AXIS2_PLACEMENT_3D ( 'NONE', #7982, #2731, #9780 ) ;
#7060 = VECTOR ( 'NONE', #8830, 1000.000000000000100 ) ;
#7061 = ORIENTED_EDGE ( 'NONE', *, *, #10457, .F. ) ;
#7062 = ORIENTED_EDGE ( 'NONE', *, *, #1641, .F. ) ;
#7063 = AXIS2_PLACEMENT_3D ( 'NONE', #11196, #10846, #4915 ) ;
#7064 = CARTESIAN_POINT ( 'NONE',  ( -5.855099340000199600, 12.76922561389160500, 2.200000000000114300 ) ) ;
#7065 = EDGE_LOOP ( 'NONE', ( #2837, #7882, #6660, #8445, #2853, #5004 ) ) ;
#7066 = B_SPLINE_CURVE_WITH_KNOTS ( 'NONE', 3,
 ( #908, #7035, #10433, #6996, #6020, #5189, #5267, #6065, #3539, #6101, #792, #7826, #8818, #5301, #1756, #6954 ),
 .UNSPECIFIED., .F., .F.,
 ( 4, 2, 2, 2, 2, 2, 2, 4 ),
 ( 0.02096026658544192900, 0.02271438011375424800, 0.02359143687791040400, 0.02402996525998848200, 0.02446849364206656400, 0.02622260717037888000, 0.02709966393453503900, 0.02797672069869119900 ),
 .UNSPECIFIED. ) ;
#7067 = PLANE ( 'NONE',  #687 ) ;
#7068 = CYLINDRICAL_SURFACE ( 'NONE', #4326, 1.000000000000000900 ) ;
#7069 = ORIENTED_EDGE ( 'NONE', *, *, #3369, .T. ) ;
#7070 = CARTESIAN_POINT ( 'NONE',  ( 4.999999999999995600, 3.600000000000000100, 18.75000000000000400 ) ) ;
#7071 = VERTEX_POINT ( 'NONE', #7140 ) ;
#7072 = EDGE_CURVE ( 'NONE', #2214, #9681, #7713, .T. ) ;
#7073 =( LENGTH_UNIT ( ) NAMED_UNIT ( * ) SI_UNIT ( .MILLI., .METRE. ) );
#7074 = AXIS2_PLACEMENT_3D ( 'NONE', #5313, #4547, #8910 ) ;
#7075 = ORIENTED_EDGE ( 'NONE', *, *, #5018, .F. ) ;
#7076 = DIRECTION ( 'NONE',  ( -0.0000000000000000000, -0.0000000000000000000, 1.000000000000000000 ) ) ;
#7077 = AXIS2_PLACEMENT_3D ( 'NONE', #5430, #6347, #7236 ) ;
#7078 = ADVANCED_FACE ( 'NONE', ( #8125 ), #6284, .F. ) ;
#7079 = ORIENTED_EDGE ( 'NONE', *, *, #6783, .T. ) ;
#7080 = FACE_OUTER_BOUND ( 'NONE', #9835, .T. ) ;
#7081 = ORIENTED_EDGE ( 'NONE', *, *, #6339, .F. ) ;
#7082 = CARTESIAN_POINT ( 'NONE',  ( -7.673004626611400700, 8.000000000000000000, 8.349999999999999600 ) ) ;
#7083 = ORIENTED_EDGE ( 'NONE', *, *, #123, .T. ) ;
#7084 = CARTESIAN_POINT ( 'NONE',  ( -8.350000000000001400, 9.360147050873548500, 11.10000000000000300 ) ) ;
#7085 = EDGE_CURVE ( 'NONE', #8056, #4564, #5381, .T. ) ;
#7086 = ORIENTED_EDGE ( 'NONE', *, *, #9297, .F. ) ;
#7087 = ORIENTED_EDGE ( 'NONE', *, *, #1899, .T. ) ;
#7088 = AXIS2_PLACEMENT_3D ( 'NONE', #3371, #1706, #1669 ) ;
#7089 = CYLINDRICAL_SURFACE ( 'NONE', #673, 5.499999999999994700 ) ;
#7090 = LINE ( 'NONE', #6529, #10391 ) ;
#7091 = ORIENTED_EDGE ( 'NONE', *, *, #1765, .F. ) ;
#7092 = CARTESIAN_POINT ( 'NONE',  ( -7.950000000000000200, 8.000000000000000000, 18.70000000000011700 ) ) ;
#7093 = CARTESIAN_POINT ( 'NONE',  ( -8.350000000000001400, 1.599999999999999900, 4.850000000000003200 ) ) ;
#7094 = ORIENTED_EDGE ( 'NONE', *, *, #7293, .F. ) ;
#7095 = CARTESIAN_POINT ( 'NONE',  ( -9.999999999999996400, 3.299999999999912800, 15.94999999999999900 ) ) ;
#7096 = VERTEX_POINT ( 'NONE', #2675 ) ;
#7097 = CARTESIAN_POINT ( 'NONE',  ( -1.176764153946479500, 9.486566750274775500, 16.65413740836358500 ) ) ;
#7098 = LINE ( 'NONE', #8561, #8597 ) ;
#7099 = ADVANCED_FACE ( 'NONE', ( #8810 ), #906, .F. ) ;
#7100 = CARTESIAN_POINT ( 'NONE',  ( 8.347213595500074100, 8.000000000000000000, 2.200000000000000600 ) ) ;
#7101 = EDGE_CURVE ( 'NONE', #7918, #9569, #7316, .T. ) ;
#7102 = PLANE ( 'NONE',  #10333 ) ;
#7103 = AXIS2_PLACEMENT_3D ( 'NONE', #1744, #8773, #4418 ) ;
#7104 = EDGE_CURVE ( 'NONE', #9236, #10723, #1119, .T. ) ;
#7105 = ORIENTED_EDGE ( 'NONE', *, *, #11314, .F. ) ;
#7106 = DIRECTION ( 'NONE',  ( 1.000000000000000000, 0.0000000000000000000, 0.0000000000000000000 ) ) ;
#7107 = LINE ( 'NONE', #8060, #919 ) ;
#7108 = LINE ( 'NONE', #10270, #9162 ) ;
#7109 = ORIENTED_EDGE ( 'NONE', *, *, #4743, .T. ) ;
#7110 = PLANE ( 'NONE',  #2940 ) ;
#7111 = VERTEX_POINT ( 'NONE', #46 ) ;
#7112 = DIRECTION ( 'NONE',  ( 0.6846169860849556900, 0.3601944209030646400, 0.6336872742246426600 ) ) ;
#7113 = FACE_OUTER_BOUND ( 'NONE', #7185, .T. ) ;
#7114 = LINE ( 'NONE', #7462, #1469 ) ;
#7115 = DIRECTION ( 'NONE',  ( 0.0000000000000000000, 0.0000000000000000000, -1.000000000000000000 ) ) ;
#7116 = FILL_AREA_STYLE_COLOUR ( '', #4503 ) ;
#7117 = VECTOR ( 'NONE', #5788, 1000.000000000000000 ) ;
#7118 = VECTOR ( 'NONE', #8606, 1000.000000000000000 ) ;
#7119 = DIRECTION ( 'NONE',  ( -0.4265687399014594400, 0.9044551454543675600, -0.0000000000000000000 ) ) ;
#7120 = VECTOR ( 'NONE', #4178, 1000.000000000000000 ) ;
#7121 = ORIENTED_EDGE ( 'NONE', *, *, #7954, .F. ) ;
#7122 = VERTEX_POINT ( 'NONE', #8853 ) ;
#7123 = VECTOR ( 'NONE', #4270, 1000.000000000000100 ) ;
#7124 = VECTOR ( 'NONE', #9457, 1000.000000000000000 ) ;
#7125 = EDGE_CURVE ( 'NONE', #11154, #6480, #10868, .T. ) ;
#7126 = LINE ( 'NONE', #8349, #4805 ) ;
#7127 = CARTESIAN_POINT ( 'NONE',  ( -8.350000000000001400, 0.3999999999999993000, 9.800000000000000700 ) ) ;
#7128 = EDGE_CURVE ( 'NONE', #9217, #10009, #6077, .T. ) ;
#7129 = VECTOR ( 'NONE', #10491, 1000.000000000000000 ) ;
#7130 = CARTESIAN_POINT ( 'NONE',  ( -8.350000000000001400, 3.299999999999999800, 17.35000000000000500 ) ) ;
#7131 = VECTOR ( 'NONE', #491, 1000.000000000000000 ) ;
#7132 = AXIS2_PLACEMENT_3D ( 'NONE', #1754, #8781, #9663 ) ;
#7133 = ORIENTED_EDGE ( 'NONE', *, *, #2537, .F. ) ;
#7134 = VECTOR ( 'NONE', #1476, 1000.000000000000000 ) ;
#7135 = DIRECTION ( 'NONE',  ( -0.0000000000000000000, -0.0000000000000000000, 1.000000000000000000 ) ) ;
#7136 = ORIENTED_EDGE ( 'NONE', *, *, #6959, .T. ) ;
#7137 = ADVANCED_FACE ( 'NONE', ( #7448 ), #4567, .T. ) ;
#7138 = CIRCLE ( 'NONE', #8832, 0.5000000000000004400 ) ;
#7139 = FACE_OUTER_BOUND ( 'NONE', #1244, .T. ) ;
#7140 = CARTESIAN_POINT ( 'NONE',  ( -7.299999999999995400, 8.000000000000000000, 11.35000000000000100 ) ) ;
#7141 = CARTESIAN_POINT ( 'NONE',  ( 8.350000000000001400, 0.4000000000000001900, 9.550000000000000700 ) ) ;
#7142 = DIRECTION ( 'NONE',  ( 5.583261179213479200E-016, 0.0000000000000000000, 1.000000000000000000 ) ) ;
#7143 = EDGE_CURVE ( 'NONE', #9227, #945, #4029, .T. ) ;
#7144 = CARTESIAN_POINT ( 'NONE',  ( -4.578274166955052300E-015, 7.825000000000000200, -8.199999999999999300 ) ) ;
#7145 = DIRECTION ( 'NONE',  ( -0.9920049496797155300, 0.1261989691358265900, 0.0000000000000000000 ) ) ;
#7146 = PRODUCT ( 'ACJM-IH', 'ACJM-IH', '', ( #2770 ) ) ;
#7147 = CIRCLE ( 'NONE', #5373, 4.500000000000000000 ) ;
#7148 = CARTESIAN_POINT ( 'NONE',  ( -9.999999999999996400, -3.350000000000085800, 17.35000000000011500 ) ) ;
#7149 = ORIENTED_EDGE ( 'NONE', *, *, #9064, .F. ) ;
#7150 = AXIS2_PLACEMENT_3D ( 'NONE', #9180, #4781, #8380 ) ;
#7151 = VERTEX_POINT ( 'NONE', #3883 ) ;
#7152 = CARTESIAN_POINT ( 'NONE',  ( -4.832135734971188900, 11.53794763439791800, 18.70000000000011700 ) ) ;
#7153 = FACE_OUTER_BOUND ( 'NONE', #2743, .T. ) ;
#7154 = DIRECTION ( 'NONE',  ( -0.0000000000000000000, -0.0000000000000000000, 1.000000000000000000 ) ) ;
#7155 = DIRECTION ( 'NONE',  ( -1.000000000000000000, 0.0000000000000000000, 0.0000000000000000000 ) ) ;
#7156 = FILL_AREA_STYLE ('',( #7116 ) ) ;
#7157 = LINE ( 'NONE', #4236, #4833 ) ;
#7158 = ORIENTED_EDGE ( 'NONE', *, *, #10861, .F. ) ;
#7159 = EDGE_CURVE ( 'NONE', #843, #5649, #4434, .T. ) ;
#7160 = AXIS2_PLACEMENT_3D ( 'NONE', #8435, #6679, #5027 ) ;
#7161 = LINE ( 'NONE', #1639, #4838 ) ;
#7162 = EDGE_LOOP ( 'NONE', ( #1120, #8452, #6789, #5560, #8702, #8462 ) ) ;
#7163 = ORIENTED_EDGE ( 'NONE', *, *, #3859, .T. ) ;
#7164 = CARTESIAN_POINT ( 'NONE',  ( 10.00000000000000200, 0.0000000000000000000, 0.0000000000000000000 ) ) ;
#7165 = EDGE_LOOP ( 'NONE', ( #1247, #1689, #5104, #7263 ) ) ;
#7166 = ORIENTED_EDGE ( 'NONE', *, *, #8370, .F. ) ;
#7167 = CARTESIAN_POINT ( 'NONE',  ( -3.927680589516822100, 11.96451637429937500, 8.450000000000113000 ) ) ;
#7168 = CARTESIAN_POINT ( 'NONE',  ( -3.214999999999958600, 7.825000000000000200, 20.85000000000000100 ) ) ;
#7169 = ORIENTED_EDGE ( 'NONE', *, *, #2846, .F. ) ;
#7170 = DIRECTION ( 'NONE',  ( 0.5000000000000003300, 0.8660254037844383700, -7.515047549358016300E-016 ) ) ;
#7171 = MANIFOLD_SOLID_BREP ( 'Washer 1', #9617 ) ;
#7172 = FACE_OUTER_BOUND ( 'NONE', #6615, .T. ) ;
#7173 = ORIENTED_EDGE ( 'NONE', *, *, #617, .F. ) ;
#7174 = EDGE_CURVE ( 'NONE', #10624, #9576, #5524, .T. ) ;
#7175 = EDGE_LOOP ( 'NONE', ( #2400, #10504, #7211, #10189 ) ) ;
#7176 = AXIS2_PLACEMENT_3D ( 'NONE', #8822, #2526, #8706 ) ;
#7177 = ORIENTED_EDGE ( 'NONE', *, *, #4878, .F. ) ;
#7178 = DIRECTION ( 'NONE',  ( -0.0000000000000000000, 0.0000000000000000000, -1.000000000000000000 ) ) ;
#7179 = CARTESIAN_POINT ( 'NONE',  ( -4.832135734971188900, 11.53794763439791800, 8.450000000000113000 ) ) ;
#7180 = CARTESIAN_POINT ( 'NONE',  ( -4.265326036467367400E-015, 7.825000000000000200, -7.899999999999994100 ) ) ;
#7181 = FACE_BOUND ( 'NONE', #11174, .T. ) ;
#7182 = EDGE_LOOP ( 'NONE', ( #7898, #7683, #5102, #6000 ) ) ;
#7183 = CARTESIAN_POINT ( 'NONE',  ( 0.0000000000000000000, 0.4000000000000000200, 12.50000000000000000 ) ) ;
#7184 = ORIENTED_EDGE ( 'NONE', *, *, #11162, .T. ) ;
#7185 = EDGE_LOOP ( 'NONE', ( #3204, #11026, #5125, #1862 ) ) ;
#7186 = PLANE ( 'NONE',  #3536 ) ;
#7187 = DIRECTION ( 'NONE',  ( -0.0000000000000000000, 1.000000000000000000, -0.0000000000000000000 ) ) ;
#7188 = EDGE_CURVE ( 'NONE', #4720, #8182, #4987, .T. ) ;
#7189 = DIRECTION ( 'NONE',  ( -1.000000000000000000, 0.0000000000000000000, 2.496005001405477600E-016 ) ) ;
#7190 = FACE_BOUND ( 'NONE', #10968, .T. ) ;
#7191 = ORIENTED_EDGE ( 'NONE', *, *, #9501, .T. ) ;
#7192 = EDGE_CURVE ( 'NONE', #9274, #5596, #847, .T. ) ;
#7193 = ORIENTED_EDGE ( 'NONE', *, *, #1929, .F. ) ;
#7194 = ADVANCED_FACE ( 'NONE', ( #4710 ), #10878, .T. ) ;
#7195 = EDGE_LOOP ( 'NONE', ( #5139, #2392, #9541, #3192 ) ) ;
#7196 = CARTESIAN_POINT ( 'NONE',  ( 7.950000000000000200, 9.360147050873548500, 10.94999999999999900 ) ) ;
#7197 = CARTESIAN_POINT ( 'NONE',  ( -7.950000000000000200, 3.299999999999999800, 4.950000000000000200 ) ) ;
#7198 = VECTOR ( 'NONE', #849, 1000.000000000000000 ) ;
#7199 = ORIENTED_EDGE ( 'NONE', *, *, #8002, .T. ) ;
#7200 = ORIENTED_EDGE ( 'NONE', *, *, #1506, .T. ) ;
#7201 = PLANE ( 'NONE',  #1160 ) ;
#7202 = EDGE_CURVE ( 'NONE', #10323, #212, #3475, .T. ) ;
#7203 = EDGE_LOOP ( 'NONE', ( #5199, #10090, #5064, #2228 ) ) ;
#7204 = PLANE ( 'NONE',  #6874 ) ;
#7205 = AXIS2_PLACEMENT_3D ( 'NONE', #6190, #5278, #7796 ) ;
#7206 = AXIS2_PLACEMENT_3D ( 'NONE', #1390, #8424, #10157 ) ;
#7207 = ORIENTED_EDGE ( 'NONE', *, *, #6234, .T. ) ;
#7208 = LINE ( 'NONE', #3111, #742 ) ;
#7209 = VERTEX_POINT ( 'NONE', #6358 ) ;
#7210 = DIRECTION ( 'NONE',  ( 0.0000000000000000000, 1.000000000000000000, 5.782411586589357600E-016 ) ) ;
#7211 = ORIENTED_EDGE ( 'NONE', *, *, #9683, .T. ) ;
#7212 = ORIENTED_EDGE ( 'NONE', *, *, #11144, .F. ) ;
#7213 = DIRECTION ( 'NONE',  ( -1.000000000000000000, -0.0000000000000000000, -0.0000000000000000000 ) ) ;
#7214 = ADVANCED_FACE ( 'NONE', ( #3203 ), #9966, .F. ) ;
#7215 = EDGE_LOOP ( 'NONE', ( #3785, #7572, #3985, #4984 ) ) ;
#7216 = DIRECTION ( 'NONE',  ( 0.0000000000000000000, -0.0000000000000000000, 1.000000000000000000 ) ) ;
#7217 = ORIENTED_EDGE ( 'NONE', *, *, #308, .T. ) ;
#7218 = CARTESIAN_POINT ( 'NONE',  ( -6.850000000000002300, 12.30000000000000100, 10.95000000000011500 ) ) ;
#7219 = ORIENTED_EDGE ( 'NONE', *, *, #2217, .F. ) ;
#7220 = FACE_OUTER_BOUND ( 'NONE', #9992, .T. ) ;
#7221 = CIRCLE ( 'NONE', #8052, 4.500000000000000000 ) ;
#7222 = EDGE_CURVE ( 'NONE', #8764, #10066, #1261, .T. ) ;
#7223 = ORIENTED_EDGE ( 'NONE', *, *, #11062, .F. ) ;
#7224 = VERTEX_POINT ( 'NONE', #2013 ) ;
#7225 = CARTESIAN_POINT ( 'NONE',  ( -6.850000000000002300, 12.30000000000000100, 8.450000000000113000 ) ) ;
#7226 = DIRECTION ( 'NONE',  ( 1.000000000000000000, -0.0000000000000000000, -0.0000000000000000000 ) ) ;
#7227 = CARTESIAN_POINT ( 'NONE',  ( 8.350000000000001400, 9.360147050873548500, 9.800000000000114400 ) ) ;
#7228 = ADVANCED_FACE ( 'NONE', ( #7587 ), #5595, .F. ) ;
#7229 = CARTESIAN_POINT ( 'NONE',  ( 4.999999999999997300, 3.600000000000000100, 1.949999999999993500 ) ) ;
#7230 = ORIENTED_EDGE ( 'NONE', *, *, #5882, .T. ) ;
#7231 = FACE_OUTER_BOUND ( 'NONE', #1257, .T. ) ;
#7232 = VECTOR ( 'NONE', #10885, 1000.000000000000000 ) ;
#7233 = VERTEX_POINT ( 'NONE', #8119 ) ;
#7235 = CARTESIAN_POINT ( 'NONE',  ( -3.210233636357317200, 8.000000000000000000, 0.0000000000000000000 ) ) ;
#7234 = CARTESIAN_POINT ( 'NONE',  ( -7.950000000000000200, 9.360147050873548500, 17.20000000000000600 ) ) ;
#7236 = DIRECTION ( 'NONE',  ( 0.7402181274868354600, -0.6723668074346643700, 0.0000000000000000000 ) ) ;
#7237 = EDGE_CURVE ( 'NONE', #1766, #6290, #394, .T. ) ;
#7238 = CARTESIAN_POINT ( 'NONE',  ( -5.855099340000199600, 12.76922561389160500, 8.450000000000113000 ) ) ;
#7239 = CARTESIAN_POINT ( 'NONE',  ( -7.950000000000000200, 3.299999999999999800, 4.850000000000003200 ) ) ;
#7240 = AXIS2_PLACEMENT_3D ( 'NONE', #1014, #902, #4450 ) ;
#7241 = VERTEX_POINT ( 'NONE', #5786 ) ;
#7242 = ORIENTED_EDGE ( 'NONE', *, *, #1153, .T. ) ;
#7243 = VECTOR ( 'NONE', #4682, 1000.000000000000000 ) ;
#7244 = VECTOR ( 'NONE', #10941, 1000.000000000000000 ) ;
#7245 = CARTESIAN_POINT ( 'NONE',  ( 1.105825268713746200E-015, 7.825000000000000200, 0.05000000000000143200 ) ) ;
#7246 = VECTOR ( 'NONE', #426, 1000.000000000000000 ) ;
#7247 = ADVANCED_FACE ( 'NONE', ( #2355 ), #517, .T. ) ;
#7248 = CARTESIAN_POINT ( 'NONE',  ( -3.927680589516822100, 11.96451637429937500, 12.45000000000011300 ) ) ;
#7249 = CARTESIAN_POINT ( 'NONE',  ( 4.500000000000000900, 7.825000000000000200, -4.500000000000001800 ) ) ;
#7250 = LINE ( 'NONE', #7879, #780 ) ;
#7251 = CARTESIAN_POINT ( 'NONE',  ( -6.850000000000002300, 12.30000000000000100, 3.700000000000113900 ) ) ;
#7252 = ORIENTED_EDGE ( 'NONE', *, *, #4397, .T. ) ;
#7253 = LINE ( 'NONE', #8782, #3831 ) ;
#7254 = EDGE_CURVE ( 'NONE', #5334, #6646, #1804, .T. ) ;
#7255 = CIRCLE ( 'NONE', #3338, 3.515000000000007700 ) ;
#7256 = DIRECTION ( 'NONE',  ( 0.0000000000000000000, 1.000000000000000000, 0.0000000000000000000 ) ) ;
#7257 = LINE ( 'NONE', #5206, #3416 ) ;
#7258 = AXIS2_PLACEMENT_3D ( 'NONE', #10000, #10114, #10908 ) ;
#7259 = LINE ( 'NONE', #2716, #1894 ) ;
#7260 = EDGE_CURVE ( 'NONE', #8005, #5382, #1522, .T. ) ;
#7261 = DIRECTION ( 'NONE',  ( -0.2830212059666797300, -0.9591136517499718700, 0.0000000000000000000 ) ) ;
#7262 = VERTEX_POINT ( 'NONE', #560 ) ;
#7263 = ORIENTED_EDGE ( 'NONE', *, *, #9833, .F. ) ;
#7264 = CARTESIAN_POINT ( 'NONE',  ( -9.999999999999996400, 8.000000000000000000, 15.80000000000000100 ) ) ;
#7265 = DIRECTION ( 'NONE',  ( -1.000000000000000000, 0.0000000000000000000, 0.0000000000000000000 ) ) ;
#7266 = VECTOR ( 'NONE', #2700, 1000.000000000000000 ) ;
#7267 = DIRECTION ( 'NONE',  ( -0.0000000000000000000, -0.0000000000000000000, 1.000000000000000000 ) ) ;
#7268 = ORIENTED_EDGE ( 'NONE', *, *, #10841, .F. ) ;
#7269 = VERTEX_POINT ( 'NONE', #10917 ) ;
#7270 = LINE ( 'NONE', #1661, #4257 ) ;
#7271 = VECTOR ( 'NONE', #2143, 1000.000000000000000 ) ;
#7272 = DIRECTION ( 'NONE',  ( 1.000000000000000000, 0.0000000000000000000, 0.0000000000000000000 ) ) ;
#7273 = LINE ( 'NONE', #10699, #5766 ) ;
#7274 = ADVANCED_FACE ( 'NONE', ( #3890 ), #9348, .F. ) ;
#7275 = EDGE_LOOP ( 'NONE', ( #7109, #2501, #5203, #7304 ) ) ;
#7276 = EDGE_CURVE ( 'NONE', #9378, #608, #4698, .T. ) ;
#7277 = LINE ( 'NONE', #11226, #7950 ) ;
#7278 = ORIENTED_EDGE ( 'NONE', *, *, #7844, .T. ) ;
#7279 = DIRECTION ( 'NONE',  ( -5.583261179213479200E-016, -0.0000000000000000000, -1.000000000000000000 ) ) ;
#7280 = EDGE_CURVE ( 'NONE', #10241, #8811, #6750, .T. ) ;
#7281 = PLANE ( 'NONE',  #2632 ) ;
#7282 = AXIS2_PLACEMENT_3D ( 'NONE', #11000, #9273, #7477 ) ;
#7283 = CIRCLE ( 'NONE', #1753, 0.1999999999999987900 ) ;
#7284 = ORIENTED_EDGE ( 'NONE', *, *, #7418, .F. ) ;
#7285 = ADVANCED_FACE ( 'NONE', ( #1384 ), #11004, .T. ) ;
#7286 = TOROIDAL_SURFACE ( 'NONE', #125, 1.300000000000000000, 0.2999999999999999900 ) ;
#7287 = ORIENTED_EDGE ( 'NONE', *, *, #6752, .T. ) ;
#7288 = CARTESIAN_POINT ( 'NONE',  ( 1.309085912708786400, 10.29025604452769800, 2.200000000000114300 ) ) ;
#7289 = CARTESIAN_POINT ( 'NONE',  ( 7.950000000000000200, 8.000000000000000000, 15.80000000000000100 ) ) ;
#7290 = CARTESIAN_POINT ( 'NONE',  ( -5.000000000000004400, 0.7000000000000000700, 9.449999999999994000 ) ) ;
#7291 = VECTOR ( 'NONE', #4983, 1000.000000000000000 ) ;
#7292 = ORIENTED_EDGE ( 'NONE', *, *, #652, .F. ) ;
#7293 = EDGE_CURVE ( 'NONE', #4507, #2760, #4009, .T. ) ;
#7294 = DIRECTION ( 'NONE',  ( -0.0000000000000000000, 0.0000000000000000000, -1.000000000000000000 ) ) ;
#7295 = ORIENTED_EDGE ( 'NONE', *, *, #3216, .F. ) ;
#7296 = DIRECTION ( 'NONE',  ( -0.0000000000000000000, -0.0000000000000000000, 1.000000000000000000 ) ) ;
#7297 = ORIENTED_EDGE ( 'NONE', *, *, #6245, .F. ) ;
#7298 = VECTOR ( 'NONE', #3142, 1000.000000000000000 ) ;
#7299 = DIRECTION ( 'NONE',  ( -1.000000000000000000, 0.0000000000000000000, -0.0000000000000000000 ) ) ;
#7300 = ORIENTED_EDGE ( 'NONE', *, *, #2284, .T. ) ;
#7301 = DIRECTION ( 'NONE',  ( -0.5726248390748288600, 0.5201357824263478400, -0.6336872742246424400 ) ) ;
#7302 = DIRECTION ( 'NONE',  ( 0.0000000000000000000, 0.0000000000000000000, -1.000000000000000000 ) ) ;
#7303 = CIRCLE ( 'NONE', #947, 3.214999999999999900 ) ;
#7304 = ORIENTED_EDGE ( 'NONE', *, *, #8591, .F. ) ;
#7305 = CARTESIAN_POINT ( 'NONE',  ( 4.999999999999997300, 3.600000000000000100, 1.949999999999993500 ) ) ;
#7306 = ORIENTED_EDGE ( 'NONE', *, *, #8031, .T. ) ;
#7307 = DIRECTION ( 'NONE',  ( -0.2830212059666767400, 0.9591136517499727600, -0.0000000000000000000 ) ) ;
#7308 = ORIENTED_EDGE ( 'NONE', *, *, #4541, .T. ) ;
#7309 = ADVANCED_FACE ( 'NONE', ( #9221 ), #6066, .F. ) ;
#7310 = DIRECTION ( 'NONE',  ( 0.0000000000000000000, 1.000000000000000000, 5.782411586589357600E-016 ) ) ;
#7311 = EDGE_CURVE ( 'NONE', #8044, #7589, #3801, .T. ) ;
#7312 = ORIENTED_EDGE ( 'NONE', *, *, #6518, .F. ) ;
#7313 = VERTEX_POINT ( 'NONE', #5097 ) ;
#7314 = EDGE_CURVE ( 'NONE', #10009, #9217, #10857, .T. ) ;
#7315 =( BOUNDED_CURVE ( )  B_SPLINE_CURVE ( 3, ( #6223, #3594, #3509, #957 ),
 .UNSPECIFIED., .F., .F. ) 
 B_SPLINE_CURVE_WITH_KNOTS ( ( 4, 4 ),
 ( 3.141592653589793100, 3.752457891787806900 ),
 .UNSPECIFIED. ) 
 CURVE ( )  GEOMETRIC_REPRESENTATION_ITEM ( )  RATIONAL_B_SPLINE_CURVE ( ( 1.000000000000000000, 0.9691446338321514400, 0.9691446338321514400, 1.000000000000000000 ) ) 
 REPRESENTATION_ITEM ( '' )  );
#7316 = LINE ( 'NONE', #983, #6206 ) ;
#7317 = VERTEX_POINT ( 'NONE', #10162 ) ;
#7318 = DIRECTION ( 'NONE',  ( 0.0000000000000000000, 1.000000000000000000, 0.0000000000000000000 ) ) ;
#7319 = CARTESIAN_POINT ( 'NONE',  ( -7.949999999999998400, 12.30000000000000100, 8.450000000000113000 ) ) ;
#7320 = CARTESIAN_POINT ( 'NONE',  ( -3.595603029820334300, 13.59168471091705900, -7.413982055361326900 ) ) ;
#7321 = CARTESIAN_POINT ( 'NONE',  ( 8.309113651749971300, 1.883021205966677500, 9.949999999999999300 ) ) ;
#7322 = CARTESIAN_POINT ( 'NONE',  ( 4.343440674907171200, 9.501013568232986400, 14.70000000000011700 ) ) ;
#7323 = ORIENTED_EDGE ( 'NONE', *, *, #3426, .F. ) ;
#7324 = VECTOR ( 'NONE', #6792, 1000.000000000000000 ) ;
#7325 = EDGE_CURVE ( 'NONE', #9274, #982, #9496, .T. ) ;
#7326 = ORIENTED_EDGE ( 'NONE', *, *, #4413, .T. ) ;
#7327 = ORIENTED_EDGE ( 'NONE', *, *, #7892, .T. ) ;
#7328 = EDGE_CURVE ( 'NONE', #590, #2957, #11133, .T. ) ;
#7329 = DIRECTION ( 'NONE',  ( 0.0000000000000000000, 0.0000000000000000000, -1.000000000000000000 ) ) ;
#7330 = DIRECTION ( 'NONE',  ( -0.1033761435547758700, -0.8126028824749383900, 0.5735764363510447200 ) ) ;
#7331 = CARTESIAN_POINT ( 'NONE',  ( -7.874999999999996400, 7.825000000000000200, -1.599999999999991200 ) ) ;
#7332 = ADVANCED_FACE ( 'NONE', ( #8527 ), #4563, .T. ) ;
#7333 = ORIENTED_EDGE ( 'NONE', *, *, #10790, .F. ) ;
#7334 = DIRECTION ( 'NONE',  ( -0.0000000000000000000, -1.000000000000000000, -0.0000000000000000000 ) ) ;
#7335 = DIRECTION ( 'NONE',  ( 0.0000000000000000000, -1.000000000000000000, 0.0000000000000000000 ) ) ;
#7336 = CYLINDRICAL_SURFACE ( 'NONE', #6667, 0.2999999999999999300 ) ;
#7337 = ORIENTED_EDGE ( 'NONE', *, *, #683, .T. ) ;
#7338 = ORIENTED_EDGE ( 'NONE', *, *, #636, .F. ) ;
#7339 = DIRECTION ( 'NONE',  ( -0.0000000000000000000, 1.000000000000000000, -0.0000000000000000000 ) ) ;
#7340 = DIRECTION ( 'NONE',  ( 1.000000000000000000, -0.0000000000000000000, -0.0000000000000000000 ) ) ;
#7341 = EDGE_LOOP ( 'NONE', ( #6111, #94, #9979, #4370 ) ) ;
#7342 = ADVANCED_FACE ( 'NONE', ( #1110 ), #4185, .F. ) ;
#7343 = EDGE_CURVE ( 'NONE', #4586, #5972, #3746, .T. ) ;
#7344 = EDGE_CURVE ( 'NONE', #7962, #9337, #2772, .T. ) ;
#7345 = VECTOR ( 'NONE', #8075, 1000.000000000000000 ) ;
#7346 = ORIENTED_EDGE ( 'NONE', *, *, #574, .T. ) ;
#7347 = CARTESIAN_POINT ( 'NONE',  ( -9.999999999999996400, 3.299999999999999800, 4.950000000000000200 ) ) ;
#7348 = ORIENTED_EDGE ( 'NONE', *, *, #1194, .F. ) ;
#7349 = AXIS2_PLACEMENT_3D ( 'NONE', #2875, #8241, #9000 ) ;
#7350 = CARTESIAN_POINT ( 'NONE',  ( 8.350000000000116900, 7.949999999999998400, 5.100000000000000500 ) ) ;
#7351 = VERTEX_POINT ( 'NONE', #6744 ) ;
#7352 = CARTESIAN_POINT ( 'NONE',  ( -8.450000000000001100, 8.136921960083562100, 10.08692196008367700 ) ) ;
#7353 = CARTESIAN_POINT ( 'NONE',  ( -5.499999999999994700, 7.825000000000000200, 6.540240600521024300E-015 ) ) ;
#7354 = VERTEX_POINT ( 'NONE', #2393 ) ;
#7355 = CARTESIAN_POINT ( 'NONE',  ( 8.350000000000001400, 0.3999999999999993000, 9.800000000000114400 ) ) ;
#7356 = FACE_OUTER_BOUND ( 'NONE', #7391, .T. ) ;
#7357 = ORIENTED_EDGE ( 'NONE', *, *, #7968, .F. ) ;
#7358 = ORIENTED_EDGE ( 'NONE', *, *, #4329, .T. ) ;
#7359 = EDGE_CURVE ( 'NONE', #6480, #5902, #9899, .T. ) ;
#7360 = CARTESIAN_POINT ( 'NONE',  ( 8.309113651749971300, 1.883021205966677500, 10.94999999999999900 ) ) ;
#7361 = AXIS2_PLACEMENT_3D ( 'NONE', #5916, #3306, #9440 ) ;
#7362 = AXIS2_PLACEMENT_3D ( 'NONE', #9929, #7213, #10727 ) ;
#7363 = CARTESIAN_POINT ( 'NONE',  ( 2.932702847350673500, 9.259228901349221300, 3.735561183624442900 ) ) ;
#7364 = ORIENTED_EDGE ( 'NONE', *, *, #2422, .T. ) ;
#7365 = DIRECTION ( 'NONE',  ( -1.000000000000000000, 0.0000000000000000000, 1.579750383876801700E-015 ) ) ;
#7366 = ORIENTED_EDGE ( 'NONE', *, *, #671, .F. ) ;
#7367 = FACE_OUTER_BOUND ( 'NONE', #6251, .T. ) ;
#7368 = VECTOR ( 'NONE', #6453, 1000.000000000000000 ) ;
#7369 = ORIENTED_EDGE ( 'NONE', *, *, #10289, .T. ) ;
#7370 = DIRECTION ( 'NONE',  ( 0.0000000000000000000, 0.0000000000000000000, 1.000000000000000000 ) ) ;
#7371 =( NAMED_UNIT ( * ) SI_UNIT ( $, .STERADIAN. ) SOLID_ANGLE_UNIT ( ) );
#7372 = EDGE_CURVE ( 'NONE', #5217, #10116, #1656, .T. ) ;
#7373 = PLANE ( 'NONE',  #4963 ) ;
#7374 = EDGE_CURVE ( 'NONE', #2243, #5265, #7848, .T. ) ;
#7375 = ORIENTED_EDGE ( 'NONE', *, *, #3243, .F. ) ;
#7376 = VERTEX_POINT ( 'NONE', #11149 ) ;
#7377 = DIRECTION ( 'NONE',  ( -1.000000000000000000, 0.0000000000000000000, 0.0000000000000000000 ) ) ;
#7378 = UNCERTAINTY_MEASURE_WITH_UNIT (LENGTH_MEASURE( 1.000000000000000100E-005 ), #7073, 'distance_accuracy_value', 'NONE');
#7379 = AXIS2_PLACEMENT_3D ( 'NONE', #2141, #7533, #4825 ) ;
#7380 = CIRCLE ( 'NONE', #2598, 0.6500000000000012400 ) ;
#7381 = FACE_OUTER_BOUND ( 'NONE', #4919, .T. ) ;
#7382 = CARTESIAN_POINT ( 'NONE',  ( 10.00000000000000200, 0.0000000000000000000, 0.0000000000000000000 ) ) ;
#7383 = DIRECTION ( 'NONE',  ( -0.0000000000000000000, -0.0000000000000000000, 1.000000000000000000 ) ) ;
#7384 = LINE ( 'NONE', #1241, #915 ) ;
#7385 = DIRECTION ( 'NONE',  ( -0.0000000000000000000, -0.0000000000000000000, 1.000000000000000000 ) ) ;
#7386 = ORIENTED_EDGE ( 'NONE', *, *, #5646, .T. ) ;
#7387 = CARTESIAN_POINT ( 'NONE',  ( 7.950000000000000200, 3.100000000000029400, 16.19999999999999200 ) ) ;
#7388 = ADVANCED_FACE ( 'NONE', ( #6482 ), #6896, .F. ) ;
#7389 = LINE ( 'NONE', #7382, #937 ) ;
#7390 = LINE ( 'NONE', #2868, #2151 ) ;
#7391 = EDGE_LOOP ( 'NONE', ( #66, #5517, #7437, #476 ) ) ;
#7392 = ORIENTED_EDGE ( 'NONE', *, *, #2658, .F. ) ;
#7393 = FACE_OUTER_BOUND ( 'NONE', #3157, .T. ) ;
#7394 = LINE ( 'NONE', #4096, #646 ) ;
#7395 = DIRECTION ( 'NONE',  ( -0.0000000000000000000, 0.0000000000000000000, -1.000000000000000000 ) ) ;
#7396 = CARTESIAN_POINT ( 'NONE',  ( 10.00000000000000400, 8.000000000000000000, 3.300000000000000700 ) ) ;
#7397 = CIRCLE ( 'NONE', #7880, 4.500000000000000000 ) ;
#7398 = EDGE_CURVE ( 'NONE', #3103, #7891, #5790, .T. ) ;
#7399 = DIRECTION ( 'NONE',  ( 0.0000000000000000000, 0.0000000000000000000, 1.000000000000000000 ) ) ;
#7400 = DIRECTION ( 'NONE',  ( -0.0000000000000000000, -0.0000000000000000000, 1.000000000000000000 ) ) ;
#7401 = LINE ( 'NONE', #2817, #7934 ) ;
#7402 = AXIS2_PLACEMENT_3D ( 'NONE', #1263, #7296, #8329 ) ;
#7403 = CIRCLE ( 'NONE', #3924, 0.2999999999999999300 ) ;
#7404 = CARTESIAN_POINT ( 'NONE',  ( -9.999999999999996400, 8.000000000000000000, 11.35000000000000100 ) ) ;
#7405 = ADVANCED_FACE ( 'NONE', ( #424 ), #2510, .T. ) ;
#7406 = VERTEX_POINT ( 'NONE', #8505 ) ;
#7407 = LINE ( 'NONE', #5569, #7942 ) ;
#7408 = LINE ( 'NONE', #8765, #5066 ) ;
#7409 = FACE_OUTER_BOUND ( 'NONE', #5520, .T. ) ;
#7410 = CARTESIAN_POINT ( 'NONE',  ( -4.104359146306979500, 10.57570944474777400, 15.27125920269696900 ) ) ;
#7411 = VECTOR ( 'NONE', #4306, 1000.000000000000000 ) ;
#7412 = CARTESIAN_POINT ( 'NONE',  ( -8.350000000000001400, 9.360147050873548500, 11.10000000000000300 ) ) ;
#7413 = DIRECTION ( 'NONE',  ( -0.9044551454543675600, -0.4265687399014594400, 0.0000000000000000000 ) ) ;
#7414 = EDGE_CURVE ( 'NONE', #8158, #10097, #6335, .T. ) ;
#7415 = LINE ( 'NONE', #3448, #1224 ) ;
#7416 = CARTESIAN_POINT ( 'NONE',  ( 8.350000000000001400, 0.4000000000000001900, 3.300000000000000700 ) ) ;
#7417 = VERTEX_POINT ( 'NONE', #10385 ) ;
#7418 = EDGE_CURVE ( 'NONE', #7883, #2195, #4975, .T. ) ;
#7419 = CIRCLE ( 'NONE', #9858, 1.400000000000000100 ) ;
#7420 = CIRCLE ( 'NONE', #3248, 0.5000000000000004400 ) ;
#7421 = DIRECTION ( 'NONE',  ( -0.2830212059666767400, 0.9591136517499727600, -0.0000000000000000000 ) ) ;
#7422 = CARTESIAN_POINT ( 'NONE',  ( -8.350000000000001400, 1.599999999999999900, 17.35000000000000500 ) ) ;
#7423 = EDGE_LOOP ( 'NONE', ( #8484, #8114, #11355, #4892 ) ) ;
#7424 = DIRECTION ( 'NONE',  ( -0.9920049496797154200, 0.1261989691358265700, 0.0000000000000000000 ) ) ;
#7425 = CARTESIAN_POINT ( 'NONE',  ( -2.610512356868664300, 10.78889192452703600, 5.832500000000111500 ) ) ;
#7426 = DIRECTION ( 'NONE',  ( -1.000000000000000000, 0.0000000000000000000, 0.0000000000000000000 ) ) ;
#7427 = ORIENTED_EDGE ( 'NONE', *, *, #35, .F. ) ;
#7428 = DIRECTION ( 'NONE',  ( -1.000000000000000000, 0.0000000000000000000, 0.0000000000000000000 ) ) ;
#7429 = LINE ( 'NONE', #1276, #9202 ) ;
#7430 = EDGE_CURVE ( 'NONE', #608, #9378, #5514, .T. ) ;
#7432 = CARTESIAN_POINT ( 'NONE',  ( -4.496595934704383300, 8.000000000000000000, 0.05000000000000143200 ) ) ;
#7431 = DIRECTION ( 'NONE',  ( -1.000000000000000000, 0.0000000000000000000, 0.0000000000000000000 ) ) ;
#7433 = DIRECTION ( 'NONE',  ( 0.4999999999999996700, -0.8660254037844388200, -7.515047549358015300E-016 ) ) ;
#7434 = LINE ( 'NONE', #1303, #9061 ) ;
#7435 = CARTESIAN_POINT ( 'NONE',  ( 4.899882493032780700, 4.317393586635581900, -7.932355107409737400 ) ) ;
#7436 = DIRECTION ( 'NONE',  ( 0.1261989691358265700, 0.9920049496797154200, -2.775557561562891400E-017 ) ) ;
#7437 = ORIENTED_EDGE ( 'NONE', *, *, #4675, .F. ) ;
#7438 = VECTOR ( 'NONE', #3025, 999.9999999999998900 ) ;
#7439 = VERTEX_POINT ( 'NONE', #1546 ) ;
#7440 = CARTESIAN_POINT ( 'NONE',  ( 4.403554195056584400E-014, 7.825000000000000200, 22.67500000000000400 ) ) ;
#7441 = ORIENTED_EDGE ( 'NONE', *, *, #5708, .F. ) ;
#7442 = DIRECTION ( 'NONE',  ( 2.111837275102199700E-016, -0.0000000000000000000, -1.000000000000000000 ) ) ;
#7443 = ORIENTED_EDGE ( 'NONE', *, *, #10664, .T. ) ;
#7444 = PLANE ( 'NONE',  #9053 ) ;
#7445 = EDGE_CURVE ( 'NONE', #253, #8005, #7573, .T. ) ;
#7446 = ADVANCED_FACE ( 'NONE', ( #1934 ), #6005, .F. ) ;
#7447 = AXIS2_PLACEMENT_3D ( 'NONE', #4560, #2861, #8992 ) ;
#7448 = FACE_OUTER_BOUND ( 'NONE', #4157, .T. ) ;
#7449 = ORIENTED_EDGE ( 'NONE', *, *, #6783, .F. ) ;
#7450 = CARTESIAN_POINT ( 'NONE',  ( 7.950000000000000200, 1.600000000000000100, 3.700000000000000600 ) ) ;
#7451 = ORIENTED_EDGE ( 'NONE', *, *, #10289, .F. ) ;
#7452 = DIRECTION ( 'NONE',  ( 1.000000000000000000, 6.982962677686266700E-015, 5.445772132072972000E-016 ) ) ;
#7453 = EDGE_LOOP ( 'NONE', ( #4876, #2633, #11307, #7166 ) ) ;
#7454 = DIRECTION ( 'NONE',  ( -0.0000000000000000000, -1.000000000000000000, -0.0000000000000000000 ) ) ;
#7455 = ADVANCED_FACE ( 'NONE', ( #7172 ), #5173, .T. ) ;
#7456 = CARTESIAN_POINT ( 'NONE',  ( 6.946575993125049900, 9.169852928574661300, 5.900000000000115800 ) ) ;
#7457 = LINE ( 'NONE', #1637, #8949 ) ;
#7458 = ORIENTED_EDGE ( 'NONE', *, *, #1077, .T. ) ;
#7459 = EDGE_LOOP ( 'NONE', ( #610, #5834, #4168, #901 ) ) ;
#7460 = DIRECTION ( 'NONE',  ( -1.000000000000000000, 0.0000000000000000000, 5.583261179213477200E-016 ) ) ;
#7461 = EDGE_CURVE ( 'NONE', #1262, #7439, #1793, .T. ) ;
#7462 = CARTESIAN_POINT ( 'NONE',  ( -5.855099340000199600, 12.76922561389160500, 6.200000000000113900 ) ) ;
#7463 = AXIS2_PLACEMENT_3D ( 'NONE', #863, #10609, #83 ) ;
#7464 = VERTEX_POINT ( 'NONE', #1696 ) ;
#7466 = DIRECTION ( 'NONE',  ( -0.0000000000000000000, 0.0000000000000000000, -1.000000000000000000 ) ) ;
#7465 = DIRECTION ( 'NONE',  ( -1.000000000000000000, 0.0000000000000000000, 0.0000000000000000000 ) ) ;
#7467 = DIRECTION ( 'NONE',  ( -0.9920049496797153100, 0.1261989691358270700, -0.0000000000000000000 ) ) ;
#7468 = VERTEX_POINT ( 'NONE', #6937 ) ;
#7469 = DIRECTION ( 'NONE',  ( 0.0000000000000000000, 1.000000000000000000, 0.0000000000000000000 ) ) ;
#7470 = ORIENTED_EDGE ( 'NONE', *, *, #2516, .T. ) ;
#7471 = VERTEX_POINT ( 'NONE', #3724 ) ;
#7472 = DIRECTION ( 'NONE',  ( -1.000000000000000000, 0.0000000000000000000, -0.0000000000000000000 ) ) ;
#7473 = EDGE_CURVE ( 'NONE', #10643, #7464, #10717, .T. ) ;
#7474 = AXIS2_PLACEMENT_3D ( 'NONE', #10281, #6678, #7484 ) ;
#7475 = TOROIDAL_SURFACE ( 'NONE', #9607, 1.300000000000000000, 0.2999999999999999900 ) ;
#7476 = ORIENTED_EDGE ( 'NONE', *, *, #556, .F. ) ;
#7477 = DIRECTION ( 'NONE',  ( -1.000000000000000000, 0.0000000000000000000, 5.586652861001696000E-016 ) ) ;
#7478 = DIRECTION ( 'NONE',  ( -0.0000000000000000000, -0.0000000000000000000, -1.000000000000000000 ) ) ;
#7479 = ORIENTED_EDGE ( 'NONE', *, *, #10034, .T. ) ;
#7480 = DIRECTION ( 'NONE',  ( -0.0000000000000000000, 0.0000000000000000000, -1.000000000000000000 ) ) ;
#7481 = DIRECTION ( 'NONE',  ( 0.0000000000000000000, 0.0000000000000000000, -1.000000000000000000 ) ) ;
#7482 = CARTESIAN_POINT ( 'NONE',  ( 8.350000000000001400, 0.4000000000000001900, 17.60000000000000100 ) ) ;
#7483 = ORIENTED_EDGE ( 'NONE', *, *, #1994, .T. ) ;
#7484 = DIRECTION ( 'NONE',  ( 1.000000000000000000, 0.0000000000000000000, 0.0000000000000000000 ) ) ;
#7485 = CARTESIAN_POINT ( 'NONE',  ( -7.950000000000000200, 8.000000000000000000, 12.45000000000011300 ) ) ;
#7486 = ORIENTED_EDGE ( 'NONE', *, *, #8779, .F. ) ;
#7487 = FACE_OUTER_BOUND ( 'NONE', #7341, .T. ) ;
#7488 = ORIENTED_EDGE ( 'NONE', *, *, #6732, .T. ) ;
#7489 = ORIENTED_EDGE ( 'NONE', *, *, #242, .F. ) ;
#7490 = DIRECTION ( 'NONE',  ( 1.000000000000000000, 0.0000000000000000000, 0.0000000000000000000 ) ) ;
#7491 = DIRECTION ( 'NONE',  ( 0.9920049496797154200, -0.1261989691358265700, 1.531799377548433800E-018 ) ) ;
#7492 = DIRECTION ( 'NONE',  ( -1.248002500702738800E-016, -0.0000000000000000000, -1.000000000000000000 ) ) ;
#7493 = CARTESIAN_POINT ( 'NONE',  ( -4.808410434011671300, 11.61456914526348800, 3.759180248020882200 ) ) ;
#7494 = EDGE_CURVE ( 'NONE', #3960, #8655, #4290, .T. ) ;
#7495 = ORIENTED_EDGE ( 'NONE', *, *, #3254, .T. ) ;
#7496 = DIRECTION ( 'NONE',  ( -0.0000000000000000000, 1.000000000000000000, -0.0000000000000000000 ) ) ;
#7497 = EDGE_CURVE ( 'NONE', #5801, #3830, #5251, .T. ) ;
#7498 = DIRECTION ( 'NONE',  ( 0.0000000000000000000, 0.0000000000000000000, 1.000000000000000000 ) ) ;
#7499 = AXIS2_PLACEMENT_3D ( 'NONE', #6779, #10315, #3326 ) ;
#7500 = VERTEX_POINT ( 'NONE', #7850 ) ;
#7501 = LINE ( 'NONE', #11157, #6544 ) ;
#7502 = VECTOR ( 'NONE', #8123, 1000.000000000000000 ) ;
#7503 = VERTEX_POINT ( 'NONE', #156 ) ;
#7504 = ADVANCED_FACE ( 'NONE', ( #11277 ), #6317, .T. ) ;
#7505 = VERTEX_POINT ( 'NONE', #4594 ) ;
#7507 = CARTESIAN_POINT ( 'NONE',  ( 7.950000000000000200, 0.4000000000000001900, 9.550000000000000700 ) ) ;
#7506 = CARTESIAN_POINT ( 'NONE',  ( 8.350000000000001400, 1.599999999999956600, 11.19999999999999800 ) ) ;
#7508 = CARTESIAN_POINT ( 'NONE',  ( -8.350000000000001400, 12.30000000000000100, 8.450000000000113000 ) ) ;
#7509 = CARTESIAN_POINT ( 'NONE',  ( 7.300000000000002500, 0.0000000000000000000, 3.300000000000000700 ) ) ;
#7510 = CARTESIAN_POINT ( 'NONE',  ( -6.850000000000002300, 12.30000000000000100, 14.70000000000011700 ) ) ;
#7511 = ORIENTED_EDGE ( 'NONE', *, *, #343, .T. ) ;
#7512 = EDGE_LOOP ( 'NONE', ( #11067, #5915, #10440, #9350, #7930 ) ) ;
#7513 = FACE_OUTER_BOUND ( 'NONE', #8536, .T. ) ;
#7514 = LINE ( 'NONE', #11006, #9415 ) ;
#7515 = EDGE_CURVE ( 'NONE', #2356, #8281, #2911, .T. ) ;
#7516 = ORIENTED_EDGE ( 'NONE', *, *, #717, .T. ) ;
#7517 = CARTESIAN_POINT ( 'NONE',  ( -5.493317281818449700, 12.93985310985218700, 17.20000000000011300 ) ) ;
#7518 = CARTESIAN_POINT ( 'NONE',  ( 7.300000000000002500, 8.000000000000000000, 5.100000000000000500 ) ) ;
#7519 = CARTESIAN_POINT ( 'NONE',  ( -4.104359146306979500, 10.57570944474777400, 18.70000000000011700 ) ) ;
#7520 = DIRECTION ( 'NONE',  ( 0.0000000000000000000, 0.0000000000000000000, 1.000000000000000000 ) ) ;
#7521 = ORIENTED_EDGE ( 'NONE', *, *, #7839, .T. ) ;
#7522 = ORIENTED_EDGE ( 'NONE', *, *, #5808, .T. ) ;
#7523 = CIRCLE ( 'NONE', #1334, 0.6500000000000012400 ) ;
#7524 = LINE ( 'NONE', #10901, #5055 ) ;
#7525 = CARTESIAN_POINT ( 'NONE',  ( -8.150000000000000400, 12.30000000000000100, 10.72639320225013600 ) ) ;
#7526 = CARTESIAN_POINT ( 'NONE',  ( -5.493317281818449700, 12.93985310985218700, 8.450000000000113000 ) ) ;
#7527 = VECTOR ( 'NONE', #7543, 1000.000000000000000 ) ;
#7528 = EDGE_CURVE ( 'NONE', #8332, #6552, #4848, .T. ) ;
#7529 = CARTESIAN_POINT ( 'NONE',  ( 0.0000000000000000000, 7.825000000000000200, 0.0000000000000000000 ) ) ;
#7530 = PRESENTATION_LAYER_ASSIGNMENT (  '', '', ( #1630 ) ) ;
#7531 = LINE ( 'NONE', #7509, #10533 ) ;
#7532 = DIRECTION ( 'NONE',  ( -1.000000000000000000, 0.0000000000000000000, 5.577888990279125800E-016 ) ) ;
#7533 = DIRECTION ( 'NONE',  ( 0.8660254037844384900, -0.5000000000000003300, -1.368103964075529100E-015 ) ) ;
#7534 = ORIENTED_EDGE ( 'NONE', *, *, #10802, .F. ) ;
#7535 = CARTESIAN_POINT ( 'NONE',  ( 6.699454095875470500, 9.604514599187295300, 2.200000000000114300 ) ) ;
#7536 = FACE_OUTER_BOUND ( 'NONE', #6869, .T. ) ;
#7537 = LINE ( 'NONE', #968, #378 ) ;
#7538 = LINE ( 'NONE', #5775, #5068 ) ;
#7539 = LINE ( 'NONE', #11276, #3285 ) ;
#7540 = DIRECTION ( 'NONE',  ( -1.000000000000000000, 0.0000000000000000000, -0.0000000000000000000 ) ) ;
#7541 = VECTOR ( 'NONE', #1635, 1000.000000000000000 ) ;
#7542 = VERTEX_POINT ( 'NONE', #1660 ) ;
#7543 = DIRECTION ( 'NONE',  ( 2.111837275102199700E-016, -0.0000000000000000000, -1.000000000000000000 ) ) ;
#7544 = LINE ( 'NONE', #9228, #2588 ) ;
#7545 = VERTEX_POINT ( 'NONE', #5478 ) ;
#7546 = CARTESIAN_POINT ( 'NONE',  ( 8.350000000000116900, 7.949999999999998400, 3.300000000000000700 ) ) ;
#7547 = EDGE_CURVE ( 'NONE', #7468, #4204, #9074, .T. ) ;
#7548 = PLANE ( 'NONE',  #10199 ) ;
#7549 = VECTOR ( 'NONE', #7433, 1000.000000000000000 ) ;
#7550 = AXIS2_PLACEMENT_3D ( 'NONE', #8447, #9331, #10216 ) ;
#7551 = LINE ( 'NONE', #6464, #3847 ) ;
#7552 = VECTOR ( 'NONE', #7838, 1000.000000000000000 ) ;
#7553 = CARTESIAN_POINT ( 'NONE',  ( 2.067307058953529600, 1.827774078792768500, -7.752495803140010200 ) ) ;
#7554 = ORIENTED_EDGE ( 'NONE', *, *, #2558, .T. ) ;
#7555 = LINE ( 'NONE', #1954, #3024 ) ;
#7556 = ADVANCED_FACE ( 'NONE', ( #8659 ), #7201, .F. ) ;
#7557 = CARTESIAN_POINT ( 'NONE',  ( -7.950000000000000200, 9.360147050873548500, 3.450000000000000600 ) ) ;
#7558 = DIRECTION ( 'NONE',  ( 1.000000000000000000, 0.0000000000000000000, 0.0000000000000000000 ) ) ;
#7559 = EDGE_CURVE ( 'NONE', #6139, #2843, #3191, .T. ) ;
#7560 = ORIENTED_EDGE ( 'NONE', *, *, #1690, .T. ) ;
#7561 = EDGE_CURVE ( 'NONE', #6762, #3711, #7303, .T. ) ;
#7562 = DIRECTION ( 'NONE',  ( -0.0000000000000000000, -0.0000000000000000000, 1.000000000000000000 ) ) ;
#7563 = ORIENTED_EDGE ( 'NONE', *, *, #5941, .F. ) ;
#7564 = PRODUCT_RELATED_PRODUCT_CATEGORY ( 'part', '', ( #7001 ) ) ;
#7565 = PRESENTATION_LAYER_ASSIGNMENT (  '', '', ( #5799 ) ) ;
#7566 = DIRECTION ( 'NONE',  ( 0.0000000000000000000, -1.000000000000000000, 0.0000000000000000000 ) ) ;
#7567 = LINE ( 'NONE', #6481, #6608 ) ;
#7568 = ORIENTED_EDGE ( 'NONE', *, *, #6718, .T. ) ;
#7569 = DIRECTION ( 'NONE',  ( 0.0000000000000000000, 1.000000000000000000, 0.0000000000000000000 ) ) ;
#7570 = CYLINDRICAL_SURFACE ( 'NONE', #7205, 0.2999999999999999300 ) ;
#7571 = CARTESIAN_POINT ( 'NONE',  ( 3.210233636357323800, 8.000000000000023100, 8.349999999999999600 ) ) ;
#7572 = ORIENTED_EDGE ( 'NONE', *, *, #8861, .T. ) ;
#7573 = CIRCLE ( 'NONE', #508, 0.6999999999999992900 ) ;
#7574 = VERTEX_POINT ( 'NONE', #10044 ) ;
#7575 = EDGE_CURVE ( 'NONE', #4900, #6301, #277, .T. ) ;
#7577 = CARTESIAN_POINT ( 'NONE',  ( 4.750000000000001800, 8.400000000000000400, 2.199999999999999300 ) ) ;
#7576 = DIRECTION ( 'NONE',  ( 0.0000000000000000000, 0.0000000000000000000, -1.000000000000000000 ) ) ;
#7578 = ORIENTED_EDGE ( 'NONE', *, *, #5195, .F. ) ;
#7579 = CARTESIAN_POINT ( 'NONE',  ( 5.950000000000133400, 8.400000000000000400, 16.89999999999998800 ) ) ;
#7580 = ORIENTED_EDGE ( 'NONE', *, *, #9128, .F. ) ;
#7581 = PLANE ( 'NONE',  #11403 ) ;
#7582 = AXIS2_PLACEMENT_3D ( 'NONE', #1115, #7044, #3749 ) ;
#7583 = DIRECTION ( 'NONE',  ( -2.496005001405477600E-016, -0.0000000000000000000, -1.000000000000000000 ) ) ;
#7584 = ORIENTED_EDGE ( 'NONE', *, *, #3704, .T. ) ;
#7585 = EDGE_LOOP ( 'NONE', ( #8280, #10865, #8309, #4872 ) ) ;
#7586 = UNCERTAINTY_MEASURE_WITH_UNIT (LENGTH_MEASURE( 1.000000000000000100E-005 ), #6624, 'distance_accuracy_value', 'NONE');
#7587 = FACE_OUTER_BOUND ( 'NONE', #5289, .T. ) ;
#7588 = EDGE_LOOP ( 'NONE', ( #6671, #3450, #7121, #10955, #10760, #7795 ) ) ;
#7589 = VERTEX_POINT ( 'NONE', #814 ) ;
#7590 = CARTESIAN_POINT ( 'NONE',  ( -8.414611063213548900, 8.057789891777611400, 4.642210108222502500 ) ) ;
#7591 = EDGE_CURVE ( 'NONE', #747, #1172, #2625, .T. ) ;
#7592 = EDGE_CURVE ( 'NONE', #6470, #1811, #11409, .T. ) ;
#7593 = ORIENTED_EDGE ( 'NONE', *, *, #5159, .T. ) ;
#7594 = CARTESIAN_POINT ( 'NONE',  ( -8.350000000000001400, 9.360147050873548500, 17.44999999999999900 ) ) ;
#7595 = CARTESIAN_POINT ( 'NONE',  ( -8.350000000000001400, 12.30000000000000100, 17.20000000000011300 ) ) ;
#7596 = AXIS2_PLACEMENT_3D ( 'NONE', #400, #248, #1171 ) ;
#7597 = CARTESIAN_POINT ( 'NONE',  ( -8.350000000000001400, 9.360147050873548500, 15.95000000000000300 ) ) ;
#7598 = AXIS2_PLACEMENT_3D ( 'NONE', #8516, #5910, #8553 ) ;
#7599 = LINE ( 'NONE', #1230, #6770 ) ;
#7600 = VERTEX_POINT ( 'NONE', #9920 ) ;
#7601 = PLANE ( 'NONE',  #8917 ) ;
#7602 = ORIENTED_EDGE ( 'NONE', *, *, #3288, .F. ) ;
#7603 = ORIENTED_EDGE ( 'NONE', *, *, #5007, .F. ) ;
#7604 = CARTESIAN_POINT ( 'NONE',  ( -8.350000000000001400, 8.000000000000000000, 16.20000000000011300 ) ) ;
#7605 = CARTESIAN_POINT ( 'NONE',  ( 4.999999999999995600, 3.600000000000000100, 18.75000000000000400 ) ) ;
#7606 = LINE ( 'NONE', #807, #7881 ) ;
#7607 = EDGE_CURVE ( 'NONE', #2572, #2280, #9625, .T. ) ;
#7608 = VERTEX_POINT ( 'NONE', #7355 ) ;
#7609 = EDGE_LOOP ( 'NONE', ( #3796, #978, #6426, #4855 ) ) ;
#7610 = ADVANCED_FACE ( 'NONE', ( #8934 ), #9888, .T. ) ;
#7611 = CARTESIAN_POINT ( 'NONE',  ( 7.950000000000000200, -1.843908891458577100, 5.100000000000000500 ) ) ;
#7612 = ORIENTED_EDGE ( 'NONE', *, *, #9011, .F. ) ;
#7613 = CARTESIAN_POINT ( 'NONE',  ( -4.578274166955040500E-015, 7.825000000000000200, -8.199999999999992200 ) ) ;
#7614 = CARTESIAN_POINT ( 'NONE',  ( -7.950000000000000200, 9.360147050873548500, 10.95000000000000500 ) ) ;
#7615 = CARTESIAN_POINT ( 'NONE',  ( 10.00000000000000400, 8.000000000000000000, 9.550000000000000700 ) ) ;
#7616 = VECTOR ( 'NONE', #6348, 1000.000000000000000 ) ;
#7617 = EDGE_LOOP ( 'NONE', ( #6143, #9795, #2589, #8550 ) ) ;
#7618 = ORIENTED_EDGE ( 'NONE', *, *, #5285, .F. ) ;
#7619 = DIRECTION ( 'NONE',  ( 0.0000000000000000000, 0.0000000000000000000, -1.000000000000000000 ) ) ;
#7620 = EDGE_CURVE ( 'NONE', #5169, #3842, #8646, .T. ) ;
#7621 = ORIENTED_EDGE ( 'NONE', *, *, #2096, .T. ) ;
#7622 = EDGE_CURVE ( 'NONE', #4696, #945, #7567, .T. ) ;
#7623 = ORIENTED_EDGE ( 'NONE', *, *, #4426, .T. ) ;
#7624 = DIRECTION ( 'NONE',  ( -1.000000000000000000, 0.0000000000000000000, -2.111837275102199500E-016 ) ) ;
#7625 = VECTOR ( 'NONE', #2439, 1000.000000000000000 ) ;
#7626 = EDGE_LOOP ( 'NONE', ( #8687, #10486, #3332, #2720, #195, #7913, #10882, #4707, #3213, #11245, #6713, #10721, #6268, #8126, #1308, #8252, #5682, #8596, #1950, #2635, #1623, #3120, #1620, #3506, #1577, #10330, #10019, #11018 ) ) ;
#7627 = DIRECTION ( 'NONE',  ( 0.0000000000000000000, 1.000000000000000000, 0.0000000000000000000 ) ) ;
#7628 = DIRECTION ( 'NONE',  ( -0.9920049496797154200, 0.1261989691358265700, 1.531799377548433800E-018 ) ) ;
#7629 = ORIENTED_EDGE ( 'NONE', *, *, #5732, .F. ) ;
#7630 = DIRECTION ( 'NONE',  ( 0.0000000000000000000, -1.000000000000000000, 0.0000000000000000000 ) ) ;
#7631 = ORIENTED_EDGE ( 'NONE', *, *, #6755, .T. ) ;
#7632 = DIRECTION ( 'NONE',  ( 0.0000000000000000000, 0.0000000000000000000, -1.000000000000000000 ) ) ;
#7633 = LINE ( 'NONE', #1106, #339 ) ;
#7634 = VECTOR ( 'NONE', #8402, 1000.000000000000000 ) ;
#7635 = ORIENTED_EDGE ( 'NONE', *, *, #9620, .T. ) ;
#7636 = CARTESIAN_POINT ( 'NONE',  ( -9.999999999999991100, 8.000000000000000000, 20.85000000000000100 ) ) ;
#7637 = DIRECTION ( 'NONE',  ( 0.0000000000000000000, 1.000000000000000000, 0.0000000000000000000 ) ) ;
#7638 = DIRECTION ( 'NONE',  ( 2.496005001405477600E-016, 0.0000000000000000000, 1.000000000000000000 ) ) ;
#7639 = EDGE_CURVE ( 'NONE', #7313, #4232, #4280, .T. ) ;
#7640 = CARTESIAN_POINT ( 'NONE',  ( 7.950000000000000200, 9.360147050873548500, 9.800000000000114400 ) ) ;
#7641 = EDGE_CURVE ( 'NONE', #1561, #8030, #7974, .T. ) ;
#7642 = AXIS2_PLACEMENT_3D ( 'NONE', #1155, #9875, #3678 ) ;
#7643 = ORIENTED_EDGE ( 'NONE', *, *, #10506, .F. ) ;
#7644 = VERTEX_POINT ( 'NONE', #4719 ) ;
#7645 = FACE_BOUND ( 'NONE', #11268, .T. ) ;
#7646 = CIRCLE ( 'NONE', #87, 0.4500000000000007300 ) ;
#7648 = DIRECTION ( 'NONE',  ( 0.0000000000000000000, 1.000000000000000000, 0.0000000000000000000 ) ) ;
#7647 = CARTESIAN_POINT ( 'NONE',  ( -7.950000000000000200, 1.599999999999999900, 17.44999999999999900 ) ) ;
#7649 = CARTESIAN_POINT ( 'NONE',  ( 7.950000000000000200, -1.843908891458577100, 15.80000000000000100 ) ) ;
#7650 = CARTESIAN_POINT ( 'NONE',  ( -7.874999999999998200, 7.825000000000000200, -8.199999999999994000 ) ) ;
#7651 = VECTOR ( 'NONE', #6656, 1000.000000000000000 ) ;
#7652 = ORIENTED_EDGE ( 'NONE', *, *, #10948, .T. ) ;
#7653 = EDGE_CURVE ( 'NONE', #691, #1647, #11267, .T. ) ;
#7654 = LINE ( 'NONE', #6852, #9038 ) ;
#7655 = VECTOR ( 'NONE', #2205, 1000.000000000000000 ) ;
#7656 = EDGE_LOOP ( 'NONE', ( #6938, #6082, #458, #3914 ) ) ;
#7657 = CARTESIAN_POINT ( 'NONE',  ( -7.950000000000000200, 9.360147050873548500, 4.850000000000003200 ) ) ;
#7658 = ORIENTED_EDGE ( 'NONE', *, *, #2709, .T. ) ;
#7659 = AXIS2_PLACEMENT_3D ( 'NONE', #7842, #2579, #7727 ) ;
#7660 = FACE_OUTER_BOUND ( 'NONE', #2332, .T. ) ;
#7661 = VECTOR ( 'NONE', #10257, 1000.000000000000000 ) ;
#7662 = VECTOR ( 'NONE', #3999, 1000.000000000000000 ) ;
#7663 = DIRECTION ( 'NONE',  ( -0.9044551454543675600, -0.4265687399014594400, 0.0000000000000000000 ) ) ;
#7664 = CIRCLE ( 'NONE', #10974, 1.000000000000000900 ) ;
#7665 = DIRECTION ( 'NONE',  ( 0.0000000000000000000, 1.000000000000000000, 0.0000000000000000000 ) ) ;
#7666 = ADVANCED_FACE ( 'NONE', ( #5504 ), #9196, .F. ) ;
#7667 = CARTESIAN_POINT ( 'NONE',  ( -2.860270609150314100, 10.41744139280553200, 18.12874079730326200 ) ) ;
#7668 = DIRECTION ( 'NONE',  ( 0.7071067811865501300, 8.659560562354969800E-017, -0.7071067811865449100 ) ) ;
#7669 = LINE ( 'NONE', #4629, #4938 ) ;
#7670 = CARTESIAN_POINT ( 'NONE',  ( -4.053879558652648800, 10.97251142461965900, 2.200000000000114300 ) ) ;
#7671 = VERTEX_POINT ( 'NONE', #2910 ) ;
#7672 = LINE ( 'NONE', #6193, #11100 ) ;
#7673 = LINE ( 'NONE', #9269, #2430 ) ;
#7674 = CARTESIAN_POINT ( 'NONE',  ( 7.950000000000000200, 1.599999999999956600, 10.94999999999999900 ) ) ;
#7675 = FACE_BOUND ( 'NONE', #7588, .T. ) ;
#7676 = LINE ( 'NONE', #1942, #5345 ) ;
#7677 = EDGE_CURVE ( 'NONE', #5412, #843, #9616, .T. ) ;
#7678 = CYLINDRICAL_SURFACE ( 'NONE', #9945, 7.674999999999998000 ) ;
#7679 = DIRECTION ( 'NONE',  ( -0.4265687399014594400, 0.9044551454543675600, -0.0000000000000000000 ) ) ;
#7680 = CARTESIAN_POINT ( 'NONE',  ( -8.350000000000001400, 8.000000000000000000, 16.20000000000011300 ) ) ;
#7681 = DIRECTION ( 'NONE',  ( 0.0000000000000000000, 0.0000000000000000000, -1.000000000000000000 ) ) ;
#7682 = FACE_OUTER_BOUND ( 'NONE', #7459, .T. ) ;
#7683 = ORIENTED_EDGE ( 'NONE', *, *, #586, .T. ) ;
#7684 = FACE_OUTER_BOUND ( 'NONE', #2527, .T. ) ;
#7685 = DIRECTION ( 'NONE',  ( 0.0000000000000000000, 1.000000000000000000, 0.0000000000000000000 ) ) ;
#7686 = ORIENTED_EDGE ( 'NONE', *, *, #1524, .T. ) ;
#7687 = EDGE_CURVE ( 'NONE', #976, #4265, #1511, .T. ) ;
#7688 = FACE_OUTER_BOUND ( 'NONE', #3151, .T. ) ;
#7689 = DIRECTION ( 'NONE',  ( -1.000000000000000000, 0.0000000000000000000, 0.0000000000000000000 ) ) ;
#7690 = DIRECTION ( 'NONE',  ( -0.4265687399014589400, 0.9044551454543676700, -0.0000000000000000000 ) ) ;
#7691 = ORIENTED_EDGE ( 'NONE', *, *, #8068, .F. ) ;
#7692 = EDGE_CURVE ( 'NONE', #10500, #1299, #10995, .T. ) ;
#7693 = FACE_OUTER_BOUND ( 'NONE', #3805, .T. ) ;
#7694 = DIRECTION ( 'NONE',  ( -5.583261179213479200E-016, 0.0000000000000000000, -1.000000000000000000 ) ) ;
#7695 = EDGE_LOOP ( 'NONE', ( #1956, #1128, #6680, #6963, #3879 ) ) ;
#7696 = VERTEX_POINT ( 'NONE', #350 ) ;
#7697 = VERTEX_POINT ( 'NONE', #10838 ) ;
#7698 = CARTESIAN_POINT ( 'NONE',  ( -7.950000000000000200, 9.360147050873548500, 4.950000000000000200 ) ) ;
#7699 = DIRECTION ( 'NONE',  ( 1.000000000000000000, -0.0000000000000000000, -0.0000000000000000000 ) ) ;
#7700 = FACE_OUTER_BOUND ( 'NONE', #4907, .T. ) ;
#7701 = ORIENTED_EDGE ( 'NONE', *, *, #4288, .T. ) ;
#7702 = DIRECTION ( 'NONE',  ( 0.0000000000000000000, 0.0000000000000000000, -1.000000000000000000 ) ) ;
#7703 = CARTESIAN_POINT ( 'NONE',  ( -1.740153877978051900, 9.399998989646013200, 4.075888164054540600 ) ) ;
#7704 = EDGE_CURVE ( 'NONE', #1382, #2482, #6324, .T. ) ;
#7705 = EDGE_CURVE ( 'NONE', #9648, #9558, #4011, .T. ) ;
#7706 = ORIENTED_EDGE ( 'NONE', *, *, #2422, .F. ) ;
#7707 = AXIS2_PLACEMENT_3D ( 'NONE', #6064, #7783, #6993 ) ;
#7708 = ADVANCED_FACE ( 'NONE', ( #6055 ), #8254, .T. ) ;
#7709 = ORIENTED_EDGE ( 'NONE', *, *, #8635, .T. ) ;
#7710 = CARTESIAN_POINT ( 'NONE',  ( -2.860270609150314100, 10.41744139280553200, 9.021259202696969100 ) ) ;
#7711 = CARTESIAN_POINT ( 'NONE',  ( -5.193917793152937000, 11.36732013843733200, 6.200000000000113900 ) ) ;
#7712 = CARTESIAN_POINT ( 'NONE',  ( 8.309113651749971300, 1.883021205966677500, 3.700000000000000600 ) ) ;
#7713 = LINE ( 'NONE', #3584, #699 ) ;
#7714 = ORIENTED_EDGE ( 'NONE', *, *, #8705, .F. ) ;
#7715 = CARTESIAN_POINT ( 'NONE',  ( -5.499999999999998200, 7.825000000000000200, -2.999999999999993300 ) ) ;
#7716 = ADVANCED_FACE ( 'NONE', ( #410 ), #9481, .F. ) ;
#7717 = ORIENTED_EDGE ( 'NONE', *, *, #6060, .T. ) ;
#7718 = CARTESIAN_POINT ( 'NONE',  ( 2.806005623304880000, 9.192570267145336900, 12.50000000000000000 ) ) ;
#7719 = EDGE_CURVE ( 'NONE', #5401, #1094, #3177, .T. ) ;
#7721 = DIRECTION ( 'NONE',  ( 1.000000000000000000, 0.0000000000000000000, 0.0000000000000000000 ) ) ;
#7720 = CARTESIAN_POINT ( 'NONE',  ( 0.0000000000000000000, 0.0000000000000000000, 0.0000000000000000000 ) ) ;
#7722 = CARTESIAN_POINT ( 'NONE',  ( -5.499999999999994700, 7.825000000000000200, 0.0000000000000000000 ) ) ;
#7723 = AXIS2_PLACEMENT_3D ( 'NONE', #3773, #7145, #4643 ) ;
#7724 = LINE ( 'NONE', #10980, #148 ) ;
#7725 = VERTEX_POINT ( 'NONE', #6628 ) ;
#7726 = CARTESIAN_POINT ( 'NONE',  ( 6.946575993125049900, 9.169852928574661300, 12.15000000000011600 ) ) ;
#7727 = DIRECTION ( 'NONE',  ( -2.496005001405477600E-016, 0.0000000000000000000, -1.000000000000000000 ) ) ;
#7728 = ORIENTED_EDGE ( 'NONE', *, *, #10230, .T. ) ;
#7729 = AXIS2_PLACEMENT_3D ( 'NONE', #6178, #7142, #1792 ) ;
#7730 = EDGE_LOOP ( 'NONE', ( #5846, #8415, #4293, #16 ) ) ;
#7731 = CARTESIAN_POINT ( 'NONE',  ( -7.774999999999995000, 7.825000000000000200, -1.499999999999991800 ) ) ;
#7732 = CARTESIAN_POINT ( 'NONE',  ( -7.950000000000000200, -1.843908891458577100, 3.300000000000114400 ) ) ;
#7733 = PLANE ( 'NONE',  #5179 ) ;
#7734 = FACE_OUTER_BOUND ( 'NONE', #1937, .T. ) ;
#7735 = ORIENTED_EDGE ( 'NONE', *, *, #1591, .T. ) ;
#7736 = VERTEX_POINT ( 'NONE', #431 ) ;
#7737 = EDGE_CURVE ( 'NONE', #7977, #1536, #131, .T. ) ;
#7738 = DIRECTION ( 'NONE',  ( -0.0000000000000000000, -0.0000000000000000000, 1.000000000000000000 ) ) ;
#7739 = DIRECTION ( 'NONE',  ( -0.0000000000000000000, -1.000000000000000000, -0.0000000000000000000 ) ) ;
#7740 = AXIS2_PLACEMENT_3D ( 'NONE', #9597, #10479, #8752 ) ;
#7741 = ORIENTED_EDGE ( 'NONE', *, *, #8957, .F. ) ;
#7742 = DIRECTION ( 'NONE',  ( -0.0000000000000000000, -0.0000000000000000000, 1.000000000000000000 ) ) ;
#7743 = CARTESIAN_POINT ( 'NONE',  ( 0.0000000000000000000, 7.825000000000000200, 0.0000000000000000000 ) ) ;
#7744 = VECTOR ( 'NONE', #5812, 1000.000000000000000 ) ;
#7745 = EDGE_LOOP ( 'NONE', ( #6575, #7173, #8172, #9306, #1912, #10477 ) ) ;
#7746 = ORIENTED_EDGE ( 'NONE', *, *, #7398, .F. ) ;
#7747 = CARTESIAN_POINT ( 'NONE',  ( -7.950000000000000200, 8.000000000000000000, 2.200000000000114300 ) ) ;
#7748 = CARTESIAN_POINT ( 'NONE',  ( -5.855099340000199600, 12.76922561389160500, 14.70000000000011700 ) ) ;
#7749 = VERTEX_POINT ( 'NONE', #2276 ) ;
#7750 = CARTESIAN_POINT ( 'NONE',  ( -8.350000000000001400, 1.600000000000000100, 10.95000000000000100 ) ) ;
#7751 = EDGE_CURVE ( 'NONE', #7406, #8276, #4552, .T. ) ;
#7752 = CARTESIAN_POINT ( 'NONE',  ( -8.350000000000001400, -1.843908891458577100, 5.100000000000114200 ) ) ;
#7753 = ORIENTED_EDGE ( 'NONE', *, *, #7222, .F. ) ;
#7754 = LINE ( 'NONE', #11305, #9802 ) ;
#7755 = ORIENTED_EDGE ( 'NONE', *, *, #7772, .T. ) ;
#7756 = DIRECTION ( 'NONE',  ( -1.000000000000000000, 0.0000000000000000000, 5.583261179213479200E-016 ) ) ;
#7757 = ORIENTED_EDGE ( 'NONE', *, *, #9995, .F. ) ;
#7759 = PLANE ( 'NONE',  #4804 ) ;
#7758 = CARTESIAN_POINT ( 'NONE',  ( -5.674208310909323300, 12.85453936187189500, 10.17360679775009300 ) ) ;
#7760 = DIRECTION ( 'NONE',  ( 0.0000000000000000000, 0.0000000000000000000, 1.000000000000000000 ) ) ;
#7761 = ORIENTED_EDGE ( 'NONE', *, *, #6433, .T. ) ;
#7762 = DIRECTION ( 'NONE',  ( -0.1261989691358260700, -0.9920049496797155300, 0.0000000000000000000 ) ) ;
#7763 = PLANE ( 'NONE',  #805 ) ;
#7764 = ADVANCED_FACE ( 'NONE', ( #3601 ), #4945, .F. ) ;
#7765 = ORIENTED_EDGE ( 'NONE', *, *, #2146, .F. ) ;
#7766 = LINE ( 'NONE', #9392, #3376 ) ;
#7767 = FACE_OUTER_BOUND ( 'NONE', #1123, .T. ) ;
#7768 = ORIENTED_EDGE ( 'NONE', *, *, #1393, .F. ) ;
#7769 = DIRECTION ( 'NONE',  ( 0.0000000000000000000, 1.000000000000000000, 0.0000000000000000000 ) ) ;
#7770 = VERTEX_POINT ( 'NONE', #11106 ) ;
#7771 = EDGE_CURVE ( 'NONE', #7736, #8192, #5101, .T. ) ;
#7772 = EDGE_CURVE ( 'NONE', #10745, #8401, #8425, .T. ) ;
#7773 = CARTESIAN_POINT ( 'NONE',  ( -4.837073890375361200, 11.78284682717160900, 3.923606797750093000 ) ) ;
#7774 = AXIS2_PLACEMENT_3D ( 'NONE', #10146, #5628, #4902 ) ;
#7775 = ADVANCED_FACE ( 'NONE', ( #7700 ), #3732, .T. ) ;
#7776 = ORIENTED_EDGE ( 'NONE', *, *, #4995, .T. ) ;
#7777 = DIRECTION ( 'NONE',  ( 0.0000000000000000000, 0.0000000000000000000, 1.000000000000000000 ) ) ;
#7778 = VERTEX_POINT ( 'NONE', #6737 ) ;
#7779 = LINE ( 'NONE', #7597, #7634 ) ;
#7780 = EDGE_LOOP ( 'NONE', ( #3116, #9634, #4107, #480 ) ) ;
#7781 = DIRECTION ( 'NONE',  ( 1.000000000000000000, 0.0000000000000000000, -1.618715529682868300E-015 ) ) ;
#7782 = VECTOR ( 'NONE', #6113, 1000.000000000000000 ) ;
#7783 = DIRECTION ( 'NONE',  ( -0.0000000000000000000, -0.0000000000000000000, 1.000000000000000000 ) ) ;
#7784 = ORIENTED_EDGE ( 'NONE', *, *, #2923, .F. ) ;
#7785 = ORIENTED_EDGE ( 'NONE', *, *, #11384, .T. ) ;
#7786 = LINE ( 'NONE', #11198, #9710 ) ;
#7787 = EDGE_CURVE ( 'NONE', #1512, #9528, #8391, .T. ) ;
#7788 = CARTESIAN_POINT ( 'NONE',  ( -4.104359146306979500, 10.57570944474777400, 2.771259202696967800 ) ) ;
#7789 = DIRECTION ( 'NONE',  ( -0.0000000000000000000, -1.000000000000000000, -0.0000000000000000000 ) ) ;
#7790 = EDGE_CURVE ( 'NONE', #2704, #331, #1646, .T. ) ;
#7791 = DIRECTION ( 'NONE',  ( 0.0000000000000000000, 0.0000000000000000000, -1.000000000000000000 ) ) ;
#7792 = CARTESIAN_POINT ( 'NONE',  ( 8.350000000000001400, 3.299999999999956300, 9.700000000000001100 ) ) ;
#7793 = DIRECTION ( 'NONE',  ( -0.5000000000000004400, -0.8660254037844383700, 0.0000000000000000000 ) ) ;
#7794 = VECTOR ( 'NONE', #7015, 1000.000000000000000 ) ;
#7795 = ORIENTED_EDGE ( 'NONE', *, *, #9067, .F. ) ;
#7796 = DIRECTION ( 'NONE',  ( 0.0000000000000000000, 0.0000000000000000000, 1.000000000000000000 ) ) ;
#7797 = VERTEX_POINT ( 'NONE', #585 ) ;
#7798 = CIRCLE ( 'NONE', #3484, 5.499999999999994700 ) ;
#7799 = CARTESIAN_POINT ( 'NONE',  ( -9.999999999999996400, 8.000000000000000000, 9.550000000000000700 ) ) ;
#7800 = DIRECTION ( 'NONE',  ( -1.000000000000000000, 0.0000000000000000000, 0.0000000000000000000 ) ) ;
#7801 = VECTOR ( 'NONE', #11206, 1000.000000000000000 ) ;
#7802 = VECTOR ( 'NONE', #1977, 1000.000000000000100 ) ;
#7803 = VECTOR ( 'NONE', #2370, 1000.000000000000000 ) ;
#7804 = EDGE_CURVE ( 'NONE', #10450, #10718, #5238, .T. ) ;
#7805 = PLANE ( 'NONE',  #4307 ) ;
#7806 = PLANE ( 'NONE',  #3114 ) ;
#7807 = AXIS2_PLACEMENT_3D ( 'NONE', #8520, #1489, #4164 ) ;
#7808 = VECTOR ( 'NONE', #3610, 1000.000000000000000 ) ;
#7809 = ORIENTED_EDGE ( 'NONE', *, *, #7862, .T. ) ;
#7810 = AXIS2_PLACEMENT_3D ( 'NONE', #568, #6647, #2294 ) ;
#7811 = EDGE_LOOP ( 'NONE', ( #4901, #4800, #428, #10756 ) ) ;
#7812 = CIRCLE ( 'NONE', #964, 4.758349359033618800 ) ;
#7813 = CARTESIAN_POINT ( 'NONE',  ( -7.950000000000000200, 3.100000000000000500, 3.700000000000000600 ) ) ;
#7814 = VECTOR ( 'NONE', #3202, 1000.000000000000000 ) ;
#7815 = DIRECTION ( 'NONE',  ( -1.000000000000000000, 0.0000000000000000000, -3.154042683594191200E-016 ) ) ;
#7816 = DIRECTION ( 'NONE',  ( 0.0000000000000000000, -0.0000000000000000000, 1.000000000000000000 ) ) ;
#7817 = PLANE ( 'NONE',  #9812 ) ;
#7818 = ORIENTED_EDGE ( 'NONE', *, *, #1437, .T. ) ;
#7819 = FACE_OUTER_BOUND ( 'NONE', #3627, .T. ) ;
#7820 = CARTESIAN_POINT ( 'NONE',  ( 3.171676389805457000, 8.884518554691604600, 4.544145861810741300 ) ) ;
#7821 = ORIENTED_EDGE ( 'NONE', *, *, #9147, .T. ) ;
#7822 = EDGE_CURVE ( 'NONE', #1923, #8966, #821, .T. ) ;
#7823 = ADVANCED_FACE ( 'NONE', ( #2898 ), #5742, .F. ) ;
#7824 = CARTESIAN_POINT ( 'NONE',  ( 7.950000000000000200, 9.360147050873548500, 3.550000000000115700 ) ) ;
#7825 = LINE ( 'NONE', #10742, #9463 ) ;
#7826 = CARTESIAN_POINT ( 'NONE',  ( -2.067307058953536300, 13.82222592120722900, -7.752495803140003100 ) ) ;
#7827 = CARTESIAN_POINT ( 'NONE',  ( 6.946575993125049900, 9.169852928574661300, 8.450000000000113000 ) ) ;
#7828 = VERTEX_POINT ( 'NONE', #795 ) ;
#7829 = CARTESIAN_POINT ( 'NONE',  ( 8.347213595500074100, 8.000000000000000000, 2.200000000000000600 ) ) ;
#7830 = LINE ( 'NONE', #6763, #4548 ) ;
#7831 = CARTESIAN_POINT ( 'NONE',  ( 7.950000000000000200, 3.100000000000000500, 4.700000000000002000 ) ) ;
#7832 = ORIENTED_EDGE ( 'NONE', *, *, #5765, .T. ) ;
#7833 = CARTESIAN_POINT ( 'NONE',  ( 0.0000000000000000000, 7.825000000000000200, 8.349999999999999600 ) ) ;
#7834 = VECTOR ( 'NONE', #393, 1000.000000000000000 ) ;
#7835 = VERTEX_POINT ( 'NONE', #6957 ) ;
#7836 = ORIENTED_EDGE ( 'NONE', *, *, #887, .T. ) ;
#7837 = CARTESIAN_POINT ( 'NONE',  ( 3.171676389805457000, 8.884518554691602800, 16.35585413818948600 ) ) ;
#7838 = DIRECTION ( 'NONE',  ( 1.000000000000000000, 0.0000000000000000000, 0.0000000000000000000 ) ) ;
#7839 = EDGE_CURVE ( 'NONE', #8322, #10078, #10045, .T. ) ;
#7840 = DIRECTION ( 'NONE',  ( -0.0000000000000000000, -0.0000000000000000000, 1.000000000000000000 ) ) ;
#7841 = VERTEX_POINT ( 'NONE', #2642 ) ;
#7842 = CARTESIAN_POINT ( 'NONE',  ( -9.999999999999996400, 8.000000000000000000, 0.0000000000000000000 ) ) ;
#7843 = AXIS2_PLACEMENT_3D ( 'NONE', #6080, #4247, #5126 ) ;
#7844 = EDGE_CURVE ( 'NONE', #4696, #5974, #7161, .T. ) ;
#7845 = FACE_OUTER_BOUND ( 'NONE', #5505, .T. ) ;
#7846 = ORIENTED_EDGE ( 'NONE', *, *, #5218, .T. ) ;
#7847 = CARTESIAN_POINT ( 'NONE',  ( -9.999999999999996400, 1.599999999999956600, 9.949999999999999300 ) ) ;
#7848 = LINE ( 'NONE', #4150, #6199 ) ;
#7849 = VERTEX_POINT ( 'NONE', #9667 ) ;
#7850 = CARTESIAN_POINT ( 'NONE',  ( -4.832135734971188900, 11.53794763439791800, 4.700000000000113900 ) ) ;
#7851 = ORIENTED_EDGE ( 'NONE', *, *, #1379, .T. ) ;
#7852 = CARTESIAN_POINT ( 'NONE',  ( -1.449034526683843800, 9.733879744213474800, 3.852833206068020800 ) ) ;
#7853 = ORIENTED_EDGE ( 'NONE', *, *, #4712, .F. ) ;
#7854 = CARTESIAN_POINT ( 'NONE',  ( 7.874999999999992900, 7.825000000000000200, -1.400000000000000100 ) ) ;
#7855 = EDGE_LOOP ( 'NONE', ( #3451, #4896, #5709, #8892 ) ) ;
#7856 = CARTESIAN_POINT ( 'NONE',  ( -6.850000000000002300, 12.30000000000000100, 16.20000000000011300 ) ) ;
#7857 = PRESENTATION_STYLE_ASSIGNMENT (( #1095 ) ) ;
#7858 = CLOSED_SHELL ( 'NONE', ( #3544, #1383, #1939, #6747, #2811, #9059, #10319, #3690 ) ) ;
#7859 = EDGE_CURVE ( 'NONE', #3885, #9460, #5782, .T. ) ;
#7860 = CARTESIAN_POINT ( 'NONE',  ( -7.673004626611403400, 8.000000000000000000, 20.85000000000000100 ) ) ;
#7861 = ORIENTED_EDGE ( 'NONE', *, *, #6451, .T. ) ;
#7862 = EDGE_CURVE ( 'NONE', #7891, #4751, #1097, .T. ) ;
#7863 = ORIENTED_EDGE ( 'NONE', *, *, #7159, .F. ) ;
#7864 = DIRECTION ( 'NONE',  ( 1.000000000000000000, 0.0000000000000000000, 0.0000000000000000000 ) ) ;
#7865 = CARTESIAN_POINT ( 'NONE',  ( 7.299999999999998900, 0.0000000000000000000, 11.35000000000000100 ) ) ;
#7866 = DIRECTION ( 'NONE',  ( 0.0000000000000000000, -0.0000000000000000000, 1.000000000000000000 ) ) ;
#7867 = LINE ( 'NONE', #6371, #4582 ) ;
#7868 = ORIENTED_EDGE ( 'NONE', *, *, #2988, .F. ) ;
#7869 = EDGE_LOOP ( 'NONE', ( #7268, #9412, #7989, #3902 ) ) ;
#7870 = ORIENTED_EDGE ( 'NONE', *, *, #7445, .F. ) ;
#7871 = PLANE ( 'NONE',  #6945 ) ;
#7872 = EDGE_CURVE ( 'NONE', #8318, #9277, #9211, .T. ) ;
#7874 = PLANE ( 'NONE',  #5376 ) ;
#7873 = CARTESIAN_POINT ( 'NONE',  ( 3.171676389805457000, 8.884518554691604600, 17.04414586181074000 ) ) ;
#7875 = EDGE_LOOP ( 'NONE', ( #3751, #9140, #2226, #1440 ) ) ;
#7876 = DIRECTION ( 'NONE',  ( -0.0000000000000000000, 0.0000000000000000000, -1.000000000000000000 ) ) ;
#7877 =( NAMED_UNIT ( * ) SI_UNIT ( $, .STERADIAN. ) SOLID_ANGLE_UNIT ( ) );
#7878 = CARTESIAN_POINT ( 'NONE',  ( -5.000000000000004400, 0.0000000000000000000, 18.74999999999999600 ) ) ;
#7879 = CARTESIAN_POINT ( 'NONE',  ( -9.999999999999996400, 1.600000000000000100, 17.19999999999999900 ) ) ;
#7880 = AXIS2_PLACEMENT_3D ( 'NONE', #9351, #5904, #7624 ) ;
#7881 = VECTOR ( 'NONE', #4367, 1000.000000000000000 ) ;
#7882 = ORIENTED_EDGE ( 'NONE', *, *, #5791, .F. ) ;
#7883 = VERTEX_POINT ( 'NONE', #913 ) ;
#7884 = ADVANCED_FACE ( 'NONE', ( #5368, #3310 ), #4312, .F. ) ;
#7885 = CARTESIAN_POINT ( 'NONE',  ( 6.997055580779380600, 9.566654908446548000, 2.200000000000114300 ) ) ;
#7886 = EDGE_LOOP ( 'NONE', ( #2091, #9694, #1968, #5736 ) ) ;
#7887 = LINE ( 'NONE', #9030, #8299 ) ;
#7888 = EDGE_CURVE ( 'NONE', #1935, #634, #3044, .T. ) ;
#7889 = VERTEX_POINT ( 'NONE', #2565 ) ;
#7890 = DIRECTION ( 'NONE',  ( 0.4656145203251128600, -0.8849876374630411000, 3.250458258609591800E-016 ) ) ;
#7891 = VERTEX_POINT ( 'NONE', #9591 ) ;
#7892 = EDGE_CURVE ( 'NONE', #8276, #2739, #10174, .T. ) ;
#7893 = ORIENTED_EDGE ( 'NONE', *, *, #9871, .F. ) ;
#7894 = CARTESIAN_POINT ( 'NONE',  ( -6.791896970179670300, 7.594458789709837500, -7.413982055361313600 ) ) ;
#7895 = VERTEX_POINT ( 'NONE', #9551 ) ;
#7896 = EDGE_LOOP ( 'NONE', ( #5491, #1374, #9152, #584 ) ) ;
#7897 = FACE_OUTER_BOUND ( 'NONE', #5369, .T. ) ;
#7898 = ORIENTED_EDGE ( 'NONE', *, *, #1690, .F. ) ;
#7899 = CARTESIAN_POINT ( 'NONE',  ( -9.999999999999996400, 0.0000000000000000000, 15.80000000000000100 ) ) ;
#7900 = ORIENTED_EDGE ( 'NONE', *, *, #3014, .T. ) ;
#7901 = CARTESIAN_POINT ( 'NONE',  ( -5.000000000000002700, 0.0000000000000000000, 1.949999999999993500 ) ) ;
#7902 = ADVANCED_FACE ( 'NONE', ( #2759 ), #4356, .T. ) ;
#7903 = CARTESIAN_POINT ( 'NONE',  ( -9.999999999999996400, 3.299999999999999800, 17.44999999999999900 ) ) ;
#7904 = EDGE_CURVE ( 'NONE', #10269, #7503, #5912, .T. ) ;
#7905 = VERTEX_POINT ( 'NONE', #5193 ) ;
#7906 = DIRECTION ( 'NONE',  ( -0.2830212059666766800, 0.9591136517499727600, -2.734307246729172200E-015 ) ) ;
#7907 = AXIS2_PLACEMENT_3D ( 'NONE', #5103, #707, #11188 ) ;
#7908 = ORIENTED_EDGE ( 'NONE', *, *, #7293, .T. ) ;
#7909 = DIRECTION ( 'NONE',  ( 0.0000000000000000000, -1.000000000000000000, -0.0000000000000000000 ) ) ;
#7910 = ORIENTED_EDGE ( 'NONE', *, *, #5632, .T. ) ;
#7911 = LINE ( 'NONE', #1984, #765 ) ;
#7912 = LINE ( 'NONE', #3330, #1313 ) ;
#7913 = ORIENTED_EDGE ( 'NONE', *, *, #7461, .T. ) ;
#7914 =( NAMED_UNIT ( * ) PLANE_ANGLE_UNIT ( ) SI_UNIT ( $, .RADIAN. ) );
#7915 = CARTESIAN_POINT ( 'NONE',  ( 4.500000000000000900, 7.825000000000000200, -10.94999999999999900 ) ) ;
#7916 = CARTESIAN_POINT ( 'NONE',  ( 7.950000000000000200, 0.4000000000000001900, 9.550000000000000700 ) ) ;
#7917 = ITEM_DEFINED_TRANSFORMATION ( 'NONE', 'NONE', #10492,  #9536 ) ;
#7918 = VERTEX_POINT ( 'NONE', #7865 ) ;
#7919 = ORIENTED_EDGE ( 'NONE', *, *, #3160, .F. ) ;
#7920 = VECTOR ( 'NONE', #11248, 1000.000000000000000 ) ;
#7921 = FACE_OUTER_BOUND ( 'NONE', #6256, .T. ) ;
#7922 = EDGE_CURVE ( 'NONE', #8552, #2812, #9615, .T. ) ;
#7923 = CARTESIAN_POINT ( 'NONE',  ( -5.855099340000199600, 12.76922561389160500, 14.70000000000011700 ) ) ;
#7924 = EDGE_CURVE ( 'NONE', #1465, #9675, #9344, .T. ) ;
#7925 = DIRECTION ( 'NONE',  ( -1.000000000000000000, 0.0000000000000000000, 1.503009509871603500E-015 ) ) ;
#7926 = ORIENTED_EDGE ( 'NONE', *, *, #8515, .F. ) ;
#7927 = FACE_OUTER_BOUND ( 'NONE', #1720, .T. ) ;
#7928 = VECTOR ( 'NONE', #8003, 1000.000000000000000 ) ;
#7929 = ORIENTED_EDGE ( 'NONE', *, *, #2937, .T. ) ;
#7930 = ORIENTED_EDGE ( 'NONE', *, *, #7677, .F. ) ;
#7931 = VECTOR ( 'NONE', #1326, 1000.000000000000000 ) ;
#7932 = CYLINDRICAL_SURFACE ( 'NONE', #5038, 7.874999999999994700 ) ;
#7933 = VECTOR ( 'NONE', #4033, 1000.000000000000000 ) ;
#7934 = VECTOR ( 'NONE', #4670, 1000.000000000000000 ) ;
#7935 = ADVANCED_FACE ( 'NONE', ( #4542 ), #3852, .T. ) ;
#7936 = DIRECTION ( 'NONE',  ( -1.000000000000000000, 0.0000000000000000000, 0.0000000000000000000 ) ) ;
#7937 = ORIENTED_EDGE ( 'NONE', *, *, #2321, .T. ) ;
#7938 = EDGE_CURVE ( 'NONE', #2361, #10450, #402, .T. ) ;
#7939 = FACE_OUTER_BOUND ( 'NONE', #5839, .T. ) ;
#7940 = EDGE_LOOP ( 'NONE', ( #2118, #5119, #3037, #9524 ) ) ;
#7941 = MECHANICAL_DESIGN_GEOMETRIC_PRESENTATION_REPRESENTATION (  '', ( #4801 ), #6183 ) ;
#7942 = VECTOR ( 'NONE', #10702, 1000.000000000000000 ) ;
#7943 = VECTOR ( 'NONE', #9843, 1000.000000000000000 ) ;
#7944 = AXIS2_PLACEMENT_3D ( 'NONE', #726, #4207, #7721 ) ;
#7945 = CIRCLE ( 'NONE', #1832, 0.1999999999999987900 ) ;
#7946 = CARTESIAN_POINT ( 'NONE',  ( -9.999999999999996400, 1.599999999999956600, 11.19999999999999800 ) ) ;
#7947 = VECTOR ( 'NONE', #7679, 999.9999999999998900 ) ;
#7948 = APPLICATION_PROTOCOL_DEFINITION ( 'draft international standard', 'automotive_design', 1998, #6262 ) ;
#7949 = DIRECTION ( 'NONE',  ( -0.9920049496797155300, 0.1261989691358260900, 0.0000000000000000000 ) ) ;
#7950 = VECTOR ( 'NONE', #1665, 1000.000000000000000 ) ;
#7951 = CARTESIAN_POINT ( 'NONE',  ( 4.999999999999995600, 3.600000000000000100, 18.75000000000000400 ) ) ;
#7952 = CARTESIAN_POINT ( 'NONE',  ( -7.950000000000000200, 8.000000000000000000, 2.200000000000114300 ) ) ;
#7953 = VERTEX_POINT ( 'NONE', #8784 ) ;
#7954 = EDGE_CURVE ( 'NONE', #211, #7749, #3301, .T. ) ;
#7955 = LINE ( 'NONE', #4431, #670 ) ;
#7956 = EDGE_CURVE ( 'NONE', #893, #3257, #1914, .T. ) ;
#7957 = CARTESIAN_POINT ( 'NONE',  ( -5.674208310909323300, 12.85453936187189500, 3.923606797750093000 ) ) ;
#7958 = AXIS2_PLACEMENT_3D ( 'NONE', #9865, #4615, #6537 ) ;
#7959 = ADVANCED_FACE ( 'NONE', ( #10987 ), #8107, .F. ) ;
#7960 = AXIS2_PLACEMENT_3D ( 'NONE', #3434, #3392, #6805 ) ;
#7961 = FACE_OUTER_BOUND ( 'NONE', #5114, .T. ) ;
#7962 = VERTEX_POINT ( 'NONE', #8029 ) ;
#7963 = CARTESIAN_POINT ( 'NONE',  ( 4.750000000000066600, 8.400000000000000400, 8.450000000000001100 ) ) ;
#7964 = CARTESIAN_POINT ( 'NONE',  ( -4.053879558652648800, 10.97251142461965900, 8.450000000000113000 ) ) ;
#7965 = DIRECTION ( 'NONE',  ( -1.579750383876801700E-015, -0.0000000000000000000, -1.000000000000000000 ) ) ;
#7966 = VECTOR ( 'NONE', #10831, 1000.000000000000000 ) ;
#7967 = PLANE ( 'NONE',  #7463 ) ;
#7968 = EDGE_CURVE ( 'NONE', #2114, #1129, #1785, .T. ) ;
#7969 = FACE_OUTER_BOUND ( 'NONE', #1454, .T. ) ;
#7970 = VERTEX_POINT ( 'NONE', #271 ) ;
#7971 = AXIS2_PLACEMENT_3D ( 'NONE', #6468, #2897, #2074 ) ;
#7972 = DIRECTION ( 'NONE',  ( -5.583261179213479200E-016, -0.0000000000000000000, -1.000000000000000000 ) ) ;
#7973 = CARTESIAN_POINT ( 'NONE',  ( -2.610512356868663500, 10.78889192452703600, 6.250000000000000000 ) ) ;
#7974 = LINE ( 'NONE', #3915, #9752 ) ;
#7975 = VERTEX_POINT ( 'NONE', #8951 ) ;
#7976 = DIRECTION ( 'NONE',  ( 0.0000000000000000000, 1.000000000000000000, 0.0000000000000000000 ) ) ;
#7977 = VERTEX_POINT ( 'NONE', #6271 ) ;
#7978 = EDGE_LOOP ( 'NONE', ( #6200, #1033, #1200, #6052 ) ) ;
#7979 = CARTESIAN_POINT ( 'NONE',  ( -8.450000000000001100, 8.223606797749978300, 16.42360679775009300 ) ) ;
#7980 = ORIENTED_EDGE ( 'NONE', *, *, #7859, .T. ) ;
#7981 =( NAMED_UNIT ( * ) SI_UNIT ( $, .STERADIAN. ) SOLID_ANGLE_UNIT ( ) );
#7982 = CARTESIAN_POINT ( 'NONE',  ( -6.850000000000002300, 12.30000000000000100, 3.923606797750093000 ) ) ;
#7983 = CARTESIAN_POINT ( 'NONE',  ( -9.999999999999996400, 8.000000000000000000, 0.0000000000000000000 ) ) ;
#7984 = CIRCLE ( 'NONE', #639, 1.099999999999996800 ) ;
#7985 = EDGE_CURVE ( 'NONE', #5169, #976, #679, .T. ) ;
#7986 = EDGE_LOOP ( 'NONE', ( #3911, #7105, #11075, #10033 ) ) ;
#7987 = CARTESIAN_POINT ( 'NONE',  ( 3.214999999999995400, 7.825000000000000200, -7.899999999999999500 ) ) ;
#7988 = DIRECTION ( 'NONE',  ( -0.8660254037844388200, -0.4999999999999996100, 1.368103964075529500E-015 ) ) ;
#7989 = ORIENTED_EDGE ( 'NONE', *, *, #5538, .T. ) ;
#7990 = EDGE_CURVE ( 'NONE', #4720, #8026, #6188, .T. ) ;
#7991 = ADVANCED_FACE ( 'NONE', ( #7693 ), #1891, .T. ) ;
#7992 = AXIS2_PLACEMENT_3D ( 'NONE', #6381, #1154, #8304 ) ;
#7993 = ORIENTED_EDGE ( 'NONE', *, *, #683, .F. ) ;
#7994 = LINE ( 'NONE', #5944, #708 ) ;
#7995 = ORIENTED_EDGE ( 'NONE', *, *, #3788, .T. ) ;
#7996 = DIRECTION ( 'NONE',  ( -1.000000000000000000, 0.0000000000000000000, 0.0000000000000000000 ) ) ;
#7997 = ORIENTED_EDGE ( 'NONE', *, *, #8068, .T. ) ;
#7998 = DIRECTION ( 'NONE',  ( 1.000000000000000000, 0.0000000000000000000, 0.0000000000000000000 ) ) ;
#7999 = CARTESIAN_POINT ( 'NONE',  ( -9.999999999999996400, -3.350000000000085800, 16.70000000000011300 ) ) ;
#8000 = DIRECTION ( 'NONE',  ( 0.0000000000000000000, 0.0000000000000000000, -1.000000000000000000 ) ) ;
#8001 = ORIENTED_EDGE ( 'NONE', *, *, #1235, .F. ) ;
#8002 = EDGE_CURVE ( 'NONE', #2843, #10234, #6316, .T. ) ;
#8003 = DIRECTION ( 'NONE',  ( -1.000000000000000000, 0.0000000000000000000, 0.0000000000000000000 ) ) ;
#8004 = VECTOR ( 'NONE', #175, 1000.000000000000000 ) ;
#8005 = VERTEX_POINT ( 'NONE', #3639 ) ;
#8006 = ORIENTED_EDGE ( 'NONE', *, *, #8170, .F. ) ;
#8007 = AXIS2_PLACEMENT_3D ( 'NONE', #236, #6388, #4630 ) ;
#8008 = CARTESIAN_POINT ( 'NONE',  ( -4.816425578598541300, 11.57506703724288300, 4.673128626708326300 ) ) ;
#8009 = ADVANCED_FACE ( 'NONE', ( #4000 ), #3790, .F. ) ;
#8010 = ORIENTED_EDGE ( 'NONE', *, *, #11028, .T. ) ;
#8011 = DIRECTION ( 'NONE',  ( 0.4265687399014604400, -0.9044551454543671200, 5.425587432726173900E-016 ) ) ;
#8012 = CARTESIAN_POINT ( 'NONE',  ( -4.832135734971188900, 11.53794763439791800, 2.200000000000114300 ) ) ;
#8013 = VECTOR ( 'NONE', #466, 1000.000000000000000 ) ;
#8014 = VERTEX_POINT ( 'NONE', #5428 ) ;
#8015 = DIRECTION ( 'NONE',  ( -1.032573497605241700E-016, -0.0000000000000000000, 1.000000000000000000 ) ) ;
#8016 = ORIENTED_EDGE ( 'NONE', *, *, #9416, .T. ) ;
#8017 = EDGE_CURVE ( 'NONE', #982, #9640, #1636, .T. ) ;
#8018 = DIRECTION ( 'NONE',  ( 0.0000000000000000000, 0.0000000000000000000, -1.000000000000000000 ) ) ;
#8019 = CARTESIAN_POINT ( 'NONE',  ( 4.999999999999997300, 0.7000000000000000700, 11.24999999999999300 ) ) ;
#8020 = AXIS2_PLACEMENT_3D ( 'NONE', #6551, #7436, #5701 ) ;
#8021 = VERTEX_POINT ( 'NONE', #5391 ) ;
#8022 = DIRECTION ( 'NONE',  ( 0.0000000000000000000, 0.0000000000000000000, -1.000000000000000000 ) ) ;
#8023 = CARTESIAN_POINT ( 'NONE',  ( -8.350000000000001400, 12.30000000000000100, 8.450000000000113000 ) ) ;
#8024 = ORIENTED_EDGE ( 'NONE', *, *, #2454, .T. ) ;
#8025 = FACE_OUTER_BOUND ( 'NONE', #8898, .T. ) ;
#8026 = VERTEX_POINT ( 'NONE', #10672 ) ;
#8027 = ORIENTED_EDGE ( 'NONE', *, *, #7085, .F. ) ;
#8029 = CARTESIAN_POINT ( 'NONE',  ( -7.299999999999995400, 8.000000000000000000, 3.300000000000000700 ) ) ;
#8028 = PLANE ( 'NONE',  #6007 ) ;
#8030 = VERTEX_POINT ( 'NONE', #184 ) ;
#8031 = EDGE_CURVE ( 'NONE', #1262, #5379, #2616, .T. ) ;
#8032 = CARTESIAN_POINT ( 'NONE',  ( -9.999999999999996400, 8.000000000000000000, 11.35000000000000100 ) ) ;
#8033 = CARTESIAN_POINT ( 'NONE',  ( 7.950000000000000200, 1.599999999999956600, 9.700000000000001100 ) ) ;
#8034 = EDGE_LOOP ( 'NONE', ( #3813, #751, #7846, #10304 ) ) ;
#8035 = AXIS2_PLACEMENT_3D ( 'NONE', #280, #196, #5482 ) ;
#8036 = VECTOR ( 'NONE', #5796, 1000.000000000000000 ) ;
#8037 = DIRECTION ( 'NONE',  ( -5.583261179213479200E-016, 0.0000000000000000000, -1.000000000000000000 ) ) ;
#8038 = VECTOR ( 'NONE', #10425, 1000.000000000000000 ) ;
#8039 = ORIENTED_EDGE ( 'NONE', *, *, #1124, .T. ) ;
#8040 = ORIENTED_EDGE ( 'NONE', *, *, #7822, .T. ) ;
#8041 = DIRECTION ( 'NONE',  ( 0.0000000000000000000, 0.0000000000000000000, -1.000000000000000000 ) ) ;
#8042 = ADVANCED_FACE ( 'NONE', ( #1503 ), #958, .F. ) ;
#8043 = DIRECTION ( 'NONE',  ( 5.471677050907138700E-016, 2.346163575745168000E-030, -1.000000000000000000 ) ) ;
#8044 = VERTEX_POINT ( 'NONE', #8986 ) ;
#8045 = CARTESIAN_POINT ( 'NONE',  ( 1.162765584358865800, 9.140084288325327900, 16.35585413818948600 ) ) ;
#8046 = VERTEX_POINT ( 'NONE', #2783 ) ;
#8047 = DIRECTION ( 'NONE',  ( 0.0000000000000000000, 0.0000000000000000000, -1.000000000000000000 ) ) ;
#8048 = LINE ( 'NONE', #763, #70 ) ;
#8049 = VECTOR ( 'NONE', #5793, 1000.000000000000000 ) ;
#8050 = EDGE_CURVE ( 'NONE', #8026, #3540, #7027, .T. ) ;
#8051 = VECTOR ( 'NONE', #4172, 1000.000000000000000 ) ;
#8052 = AXIS2_PLACEMENT_3D ( 'NONE', #10728, #9771, #6289 ) ;
#8053 = EDGE_CURVE ( 'NONE', #5009, #2794, #10570, .T. ) ;
#8054 = EDGE_LOOP ( 'NONE', ( #5929, #1700, #6360, #2538, #8084 ) ) ;
#8055 = CARTESIAN_POINT ( 'NONE',  ( 7.950000000000000200, 3.100000000000000500, 4.850000000000117800 ) ) ;
#8056 = VERTEX_POINT ( 'NONE', #8920 ) ;
#8057 = DIRECTION ( 'NONE',  ( 1.000000000000000000, 0.0000000000000000000, 0.0000000000000000000 ) ) ;
#8058 = VECTOR ( 'NONE', #1219, 1000.000000000000000 ) ;
#8059 = FACE_OUTER_BOUND ( 'NONE', #11007, .T. ) ;
#8060 = CARTESIAN_POINT ( 'NONE',  ( -4.832135734971188900, 11.53794763439791800, 8.450000000000113000 ) ) ;
#8061 = LINE ( 'NONE', #9371, #7651 ) ;
#8062 = ORIENTED_EDGE ( 'NONE', *, *, #10348, .F. ) ;
#8063 = CARTESIAN_POINT ( 'NONE',  ( -5.000000000000004400, 0.7000000000000000700, 11.24999999999999300 ) ) ;
#8064 = LINE ( 'NONE', #4065, #10408 ) ;
#8065 = ORIENTED_EDGE ( 'NONE', *, *, #5730, .F. ) ;
#8066 = CIRCLE ( 'NONE', #2288, 3.214999999999999900 ) ;
#8067 = CIRCLE ( 'NONE', #10396, 4.500000000000000000 ) ;
#8068 = EDGE_CURVE ( 'NONE', #7574, #2951, #8517, .T. ) ;
#8070 = DIRECTION ( 'NONE',  ( 0.0000000000000000000, -1.000000000000000000, 0.0000000000000000000 ) ) ;
#8069 = DIRECTION ( 'NONE',  ( 0.0000000000000000000, 1.000000000000000000, 0.0000000000000000000 ) ) ;
#8071 = CIRCLE ( 'NONE', #8978, 1.600000000000000800 ) ;
#8072 = DIRECTION ( 'NONE',  ( -0.0000000000000000000, -0.0000000000000000000, 1.000000000000000000 ) ) ;
#8073 = EDGE_CURVE ( 'NONE', #2323, #6235, #122, .T. ) ;
#8074 = LINE ( 'NONE', #2758, #2726 ) ;
#8075 = DIRECTION ( 'NONE',  ( 0.0000000000000000000, 0.0000000000000000000, -1.000000000000000000 ) ) ;
#8076 = CARTESIAN_POINT ( 'NONE',  ( -4.578274166955052300E-015, 7.825000000000000200, -8.199999999999999300 ) ) ;
#8077 = LINE ( 'NONE', #2520, #3576 ) ;
#8078 = AXIS2_PLACEMENT_3D ( 'NONE', #4989, #7663, #11180 ) ;
#8079 = DIRECTION ( 'NONE',  ( 0.0000000000000000000, 1.000000000000000000, 0.0000000000000000000 ) ) ;
#8080 = ORIENTED_EDGE ( 'NONE', *, *, #3209, .F. ) ;
#8081 = FACE_OUTER_BOUND ( 'NONE', #8855, .T. ) ;
#8082 = CARTESIAN_POINT ( 'NONE',  ( -9.999999999999996400, 8.000000000000000000, 9.550000000000000700 ) ) ;
#8083 = ADVANCED_FACE ( 'NONE', ( #3723 ), #4750, .F. ) ;
#8084 = ORIENTED_EDGE ( 'NONE', *, *, #6780, .T. ) ;
#8085 = FACE_OUTER_BOUND ( 'NONE', #6808, .T. ) ;
#8086 = FACE_OUTER_BOUND ( 'NONE', #3882, .T. ) ;
#8087 = LINE ( 'NONE', #5497, #10424 ) ;
#8088 = CARTESIAN_POINT ( 'NONE',  ( -3.376482978121349900, 10.88633569516712100, 12.49999999999999800 ) ) ;
#8089 = EDGE_CURVE ( 'NONE', #4564, #11159, #10311, .T. ) ;
#8090 = DIRECTION ( 'NONE',  ( -0.0000000000000000000, -1.000000000000000000, -0.0000000000000000000 ) ) ;
#8091 = FACE_OUTER_BOUND ( 'NONE', #8292, .T. ) ;
#8092 = ORIENTED_EDGE ( 'NONE', *, *, #3124, .T. ) ;
#8093 = CIRCLE ( 'NONE', #10309, 6.924999999999993600 ) ;
#8094 = DIRECTION ( 'NONE',  ( 0.0000000000000000000, 0.0000000000000000000, 1.000000000000000000 ) ) ;
#8095 = CARTESIAN_POINT ( 'NONE',  ( -4.832135734971188900, 11.53794763439791800, 2.200000000000114300 ) ) ;
#8096 = DIRECTION ( 'NONE',  ( 0.0000000000000000000, 0.0000000000000000000, -1.000000000000000000 ) ) ;
#8097 = PLANE ( 'NONE',  #526 ) ;
#8098 = CIRCLE ( 'NONE', #2340, 7.674999999999998000 ) ;
#8099 = ADVANCED_FACE ( 'NONE', ( #5089 ), #1204, .F. ) ;
#8100 = ORIENTED_EDGE ( 'NONE', *, *, #10365, .T. ) ;
#8101 = EDGE_CURVE ( 'NONE', #6546, #7317, #5642, .T. ) ;
#8102 = CARTESIAN_POINT ( 'NONE',  ( -7.950000000000000200, 8.000000000000000000, 5.100000000000114200 ) ) ;
#8103 = AXIS2_PLACEMENT_3D ( 'NONE', #4663, #1272, #1309 ) ;
#8104 = VECTOR ( 'NONE', #10115, 1000.000000000000000 ) ;
#8105 = ORIENTED_EDGE ( 'NONE', *, *, #6407, .F. ) ;
#8107 = PLANE ( 'NONE',  #6248 ) ;
#8106 = DIRECTION ( 'NONE',  ( -0.0000000000000000000, -0.0000000000000000000, 1.000000000000000000 ) ) ;
#8108 = FACE_OUTER_BOUND ( 'NONE', #1685, .T. ) ;
#8109 = CARTESIAN_POINT ( 'NONE',  ( 5.950000000000165400, 8.900000000000000400, 10.44999999999998900 ) ) ;
#8110 = ORIENTED_EDGE ( 'NONE', *, *, #6247, .F. ) ;
#8111 = DIRECTION ( 'NONE',  ( -0.0000000000000000000, 1.000000000000000000, -0.0000000000000000000 ) ) ;
#8112 = VECTOR ( 'NONE', #7170, 1000.000000000000200 ) ;
#8113 = ORIENTED_EDGE ( 'NONE', *, *, #1265, .T. ) ;
#8114 = ORIENTED_EDGE ( 'NONE', *, *, #3225, .F. ) ;
#8115 = EDGE_CURVE ( 'NONE', #5148, #8164, #9472, .T. ) ;
#8116 = ORIENTED_EDGE ( 'NONE', *, *, #8050, .T. ) ;
#8117 = AXIS2_PLACEMENT_3D ( 'NONE', #17, #6919, #10509 ) ;
#8118 = VERTEX_POINT ( 'NONE', #7507 ) ;
#8119 = CARTESIAN_POINT ( 'NONE',  ( 4.500000000000000900, 7.825000000000000200, 2.685050249772797100E-015 ) ) ;
#8120 = ORIENTED_EDGE ( 'NONE', *, *, #8314, .F. ) ;
#8121 = PLANE ( 'NONE',  #876 ) ;
#8122 = ADVANCED_FACE ( 'NONE', ( #10037 ), #10871, .F. ) ;
#8123 = DIRECTION ( 'NONE',  ( 0.0000000000000000000, 0.0000000000000000000, -1.000000000000000000 ) ) ;
#8124 = DIRECTION ( 'NONE',  ( -0.0000000000000000000, -0.0000000000000000000, 1.000000000000000000 ) ) ;
#8125 = FACE_OUTER_BOUND ( 'NONE', #10820, .T. ) ;
#8126 = ORIENTED_EDGE ( 'NONE', *, *, #1055, .T. ) ;
#8127 = CARTESIAN_POINT ( 'NONE',  ( -8.450000000000001100, 8.136921960083562100, 17.06307803991655100 ) ) ;
#8128 = EDGE_LOOP ( 'NONE', ( #6328, #6291, #10646, #8306 ) ) ;
#8129 = ORIENTED_EDGE ( 'NONE', *, *, #1999, .F. ) ;
#8130 = CARTESIAN_POINT ( 'NONE',  ( -9.999999999999996400, 3.299999999999999800, 9.700000000000001100 ) ) ;
#8131 = DIRECTION ( 'NONE',  ( 0.6846169860849556900, 0.3601944209030646400, 0.6336872742246426600 ) ) ;
#8132 = EDGE_CURVE ( 'NONE', #8276, #10084, #8789, .T. ) ;
#8133 = DIRECTION ( 'NONE',  ( 0.0000000000000000000, -1.000000000000000000, 0.0000000000000000000 ) ) ;
#8134 = CARTESIAN_POINT ( 'NONE',  ( -1.880187805439771800, 9.527196853685957500, 16.35585413818948600 ) ) ;
#8135 = ADVANCED_FACE ( 'NONE', ( #4684 ), #2113, .F. ) ;
#8136 = DIRECTION ( 'NONE',  ( -0.0000000000000000000, -0.0000000000000000000, 1.000000000000000000 ) ) ;
#8137 = LINE ( 'NONE', #7987, #1278 ) ;
#8138 = ORIENTED_EDGE ( 'NONE', *, *, #3305, .T. ) ;
#8139 = EDGE_CURVE ( 'NONE', #9436, #4696, #11124, .T. ) ;
#8140 = ORIENTED_EDGE ( 'NONE', *, *, #109, .F. ) ;
#8141 = PRODUCT_DEFINITION_FORMATION_WITH_SPECIFIED_SOURCE ( 'ANY', '', #7146, .NOT_KNOWN. ) ;
#8142 = AXIS2_PLACEMENT_3D ( 'NONE', #3668, #4545, #5418 ) ;
#8143 = ORIENTED_EDGE ( 'NONE', *, *, #10735, .F. ) ;
#8144 =( BOUNDED_CURVE ( )  B_SPLINE_CURVE ( 3, ( #651, #6825, #7703, #5820 ),
 .UNSPECIFIED., .F., .F. ) 
 B_SPLINE_CURVE_WITH_KNOTS ( ( 4, 4 ),
 ( 2.530727415391780300, 3.141592653589793100 ),
 .UNSPECIFIED. ) 
 CURVE ( )  GEOMETRIC_REPRESENTATION_ITEM ( )  RATIONAL_B_SPLINE_CURVE ( ( 1.000000000000000000, 0.9691446338321514400, 0.9691446338321514400, 1.000000000000000000 ) ) 
 REPRESENTATION_ITEM ( '' )  );
#8146 = CARTESIAN_POINT ( 'NONE',  ( 8.350000000000001400, 1.600000000000000100, 4.950000000000000200 ) ) ;
#8145 = DIRECTION ( 'NONE',  ( 1.000000000000000000, 0.0000000000000000000, 0.0000000000000000000 ) ) ;
#8147 = CARTESIAN_POINT ( 'NONE',  ( 0.0000000000000000000, 0.0000000000000000000, 0.0000000000000000000 ) ) ;
#8148 = LINE ( 'NONE', #7614, #3495 ) ;
#8149 = VERTEX_POINT ( 'NONE', #10074 ) ;
#8150 = CARTESIAN_POINT ( 'NONE',  ( -5.402871767273012400, 12.98250998384233400, 10.17360679775009300 ) ) ;
#8151 = ORIENTED_EDGE ( 'NONE', *, *, #2502, .F. ) ;
#8152 = DIRECTION ( 'NONE',  ( 0.0000000000000000000, 0.0000000000000000000, -1.000000000000000000 ) ) ;
#8153 = EDGE_CURVE ( 'NONE', #3257, #6480, #10849, .T. ) ;
#8154 = ORIENTED_EDGE ( 'NONE', *, *, #1315, .T. ) ;
#8155 = ADVANCED_FACE ( 'NONE', ( #7153 ), #9144, .F. ) ;
#8156 = ORIENTED_EDGE ( 'NONE', *, *, #5857, .T. ) ;
#8157 = VECTOR ( 'NONE', #3023, 1000.000000000000000 ) ;
#8158 = VERTEX_POINT ( 'NONE', #4714 ) ;
#8159 = CARTESIAN_POINT ( 'NONE',  ( 1.105825268713746200E-015, 7.825000000000000200, -4.499999999999999100 ) ) ;
#8160 = ORIENTED_EDGE ( 'NONE', *, *, #6369, .F. ) ;
#8161 = DIRECTION ( 'NONE',  ( -0.0000000000000000000, 0.0000000000000000000, 1.000000000000000000 ) ) ;
#8162 = CARTESIAN_POINT ( 'NONE',  ( 7.900000000000114900, 7.949999999999998400, 5.100000000000000500 ) ) ;
#8163 = CARTESIAN_POINT ( 'NONE',  ( -6.850000000000002300, 12.30000000000000100, 4.476393202250134700 ) ) ;
#8164 = VERTEX_POINT ( 'NONE', #345 ) ;
#8165 = CARTESIAN_POINT ( 'NONE',  ( -8.450000000000001100, 8.223606797749978300, 3.700000000000113900 ) ) ;
#8166 = EDGE_LOOP ( 'NONE', ( #10400, #7348, #3212, #10567 ) ) ;
#8167 = EDGE_CURVE ( 'NONE', #1041, #3445, #268, .T. ) ;
#8168 = ORIENTED_EDGE ( 'NONE', *, *, #5538, .F. ) ;
#8169 = LINE ( 'NONE', #6405, #6545 ) ;
#8170 = EDGE_CURVE ( 'NONE', #7439, #2808, #7429, .T. ) ;
#8171 = ORIENTED_EDGE ( 'NONE', *, *, #5145, .F. ) ;
#8172 = ORIENTED_EDGE ( 'NONE', *, *, #10521, .F. ) ;
#8173 = CARTESIAN_POINT ( 'NONE',  ( 4.758349359033614300, 7.825000000000000200, -8.199999999999999300 ) ) ;
#8174 = AXIS2_PLACEMENT_3D ( 'NONE', #5803, #8407, #9287 ) ;
#8175 = DIRECTION ( 'NONE',  ( 0.0000000000000000000, 0.0000000000000000000, -1.000000000000000000 ) ) ;
#8176 = PLANE ( 'NONE',  #8479 ) ;
#8177 = VERTEX_POINT ( 'NONE', #1316 ) ;
#8178 = DIRECTION ( 'NONE',  ( -1.000000000000000000, 0.0000000000000000000, 0.0000000000000000000 ) ) ;
#8179 = ORIENTED_EDGE ( 'NONE', *, *, #599, .T. ) ;
#8180 = VECTOR ( 'NONE', #5529, 1000.000000000000000 ) ;
#8181 = LINE ( 'NONE', #5869, #3119 ) ;
#8182 = VERTEX_POINT ( 'NONE', #7432 ) ;
#8183 = ADVANCED_FACE ( 'NONE', ( #8384 ), #6740, .T. ) ;
#8185 = DIRECTION ( 'NONE',  ( 0.7014534268891475800, -0.08923614685469524700, 0.7071067811865464600 ) ) ;
#8184 = CARTESIAN_POINT ( 'NONE',  ( -7.950000000000000200, 3.100000000000000500, 10.95000000000000100 ) ) ;
#8186 = DIRECTION ( 'NONE',  ( -0.0000000000000000000, -0.0000000000000000000, 1.000000000000000000 ) ) ;
#8187 = EDGE_CURVE ( 'NONE', #1129, #6948, #11257, .T. ) ;
#8188 = CARTESIAN_POINT ( 'NONE',  ( -8.350000000000001400, 9.360147050873548500, 4.850000000000003200 ) ) ;
#8189 = DIRECTION ( 'NONE',  ( 1.000000000000000000, 0.0000000000000000000, 0.0000000000000000000 ) ) ;
#8190 = AXIS2_PLACEMENT_3D ( 'NONE', #1103, #3659, #5408 ) ;
#8191 = ORIENTED_EDGE ( 'NONE', *, *, #8132, .F. ) ;
#8192 = VERTEX_POINT ( 'NONE', #6768 ) ;
#8193 = VECTOR ( 'NONE', #5237, 1000.000000000000000 ) ;
#8194 = VECTOR ( 'NONE', #9669, 1000.000000000000000 ) ;
#8195 = DIRECTION ( 'NONE',  ( -0.0000000000000000000, 1.000000000000000000, -0.0000000000000000000 ) ) ;
#8196 = ADVANCED_FACE ( 'NONE', ( #6875 ), #11020, .F. ) ;
#8197 = DIRECTION ( 'NONE',  ( 1.000000000000000000, 0.0000000000000000000, 0.0000000000000000000 ) ) ;
#8198 = ORIENTED_EDGE ( 'NONE', *, *, #3164, .F. ) ;
#8199 = PLANE ( 'NONE',  #7021 ) ;
#8200 = CARTESIAN_POINT ( 'NONE',  ( 7.950000000000000200, 9.360147050873548500, 11.10000000000011700 ) ) ;
#8201 = VECTOR ( 'NONE', #335, 1000.000000000000000 ) ;
#8202 = FACE_OUTER_BOUND ( 'NONE', #11364, .T. ) ;
#8203 = ORIENTED_EDGE ( 'NONE', *, *, #7677, .T. ) ;
#8204 = ORIENTED_EDGE ( 'NONE', *, *, #9352, .T. ) ;
#8205 = LINE ( 'NONE', #4780, #9307 ) ;
#8206 = EDGE_CURVE ( 'NONE', #3040, #6629, #9056, .T. ) ;
#8207 = VECTOR ( 'NONE', #10071, 1000.000000000000000 ) ;
#8208 = CARTESIAN_POINT ( 'NONE',  ( 4.194641597934187300, 9.923166996255266900, 6.250000000000000900 ) ) ;
#8209 = AXIS2_PLACEMENT_3D ( 'NONE', #4101, #10188, #5893 ) ;
#8210 = VECTOR ( 'NONE', #4765, 1000.000000000000000 ) ;
#8211 = EDGE_CURVE ( 'NONE', #3708, #4441, #4409, .T. ) ;
#8212 = CIRCLE ( 'NONE', #2475, 4.500000000000000000 ) ;
#8213 = VERTEX_POINT ( 'NONE', #5922 ) ;
#8214 = DIRECTION ( 'NONE',  ( -1.000000000000000000, 0.0000000000000000000, 0.0000000000000000000 ) ) ;
#8215 = CARTESIAN_POINT ( 'NONE',  ( -5.493317281818449700, 12.93985310985218700, 2.200000000000114300 ) ) ;
#8216 = FACE_BOUND ( 'NONE', #3027, .T. ) ;
#8217 = DIRECTION ( 'NONE',  ( 0.0000000000000000000, -1.000000000000000000, 0.0000000000000000000 ) ) ;
#8218 = ORIENTED_EDGE ( 'NONE', *, *, #8298, .F. ) ;
#8219 = VECTOR ( 'NONE', #8998, 1000.000000000000100 ) ;
#8220 = ADVANCED_FACE ( 'NONE', ( #7139 ), #654, .T. ) ;
#8221 = CARTESIAN_POINT ( 'NONE',  ( -7.950000000000000200, 3.100000000000000500, 16.20000000000000300 ) ) ;
#8222 = FACE_OUTER_BOUND ( 'NONE', #7695, .T. ) ;
#8223 = VECTOR ( 'NONE', #3271, 1000.000000000000100 ) ;
#8224 = DIRECTION ( 'NONE',  ( 0.0000000000000000000, -1.000000000000000000, 0.0000000000000000000 ) ) ;
#8225 = VECTOR ( 'NONE', #11010, 1000.000000000000000 ) ;
#8226 = ORIENTED_EDGE ( 'NONE', *, *, #5281, .F. ) ;
#8227 = EDGE_CURVE ( 'NONE', #8803, #1834, #7283, .T. ) ;
#8229 = DIRECTION ( 'NONE',  ( -2.496005001405477600E-016, 0.0000000000000000000, -1.000000000000000000 ) ) ;
#8228 = DIRECTION ( 'NONE',  ( -1.000000000000000000, 0.0000000000000000000, -2.111837275102199500E-016 ) ) ;
#8230 = CYLINDRICAL_SURFACE ( 'NONE', #282, 0.3000000000000001600 ) ;
#8231 = ORIENTED_EDGE ( 'NONE', *, *, #6602, .T. ) ;
#8232 = AXIS2_PLACEMENT_3D ( 'NONE', #4737, #4654, #6498 ) ;
#8233 = DIRECTION ( 'NONE',  ( -1.000000000000000000, 0.0000000000000000000, -0.0000000000000000000 ) ) ;
#8234 = CARTESIAN_POINT ( 'NONE',  ( 0.0000000000000000000, 7.825000000000000200, 18.75000000000000000 ) ) ;
#8236 = DIRECTION ( 'NONE',  ( -1.000000000000000000, 0.0000000000000000000, 1.079143686455245600E-015 ) ) ;
#8235 = VECTOR ( 'NONE', #2650, 1000.000000000000000 ) ;
#8237 = ORIENTED_EDGE ( 'NONE', *, *, #2748, .T. ) ;
#8238 = DIRECTION ( 'NONE',  ( -1.579750383876801700E-015, 0.0000000000000000000, -1.000000000000000000 ) ) ;
#8239 = VECTOR ( 'NONE', #4460, 1000.000000000000100 ) ;
#8240 = ORIENTED_EDGE ( 'NONE', *, *, #11235, .T. ) ;
#8241 = DIRECTION ( 'NONE',  ( -0.1033761435547758700, -0.8126028824749383900, -0.5735764363510447200 ) ) ;
#8242 = CARTESIAN_POINT ( 'NONE',  ( 3.469446951953614200E-015, 8.000000000000000000, 10.42500000000000200 ) ) ;
#8243 = VECTOR ( 'NONE', #9831, 1000.000000000000000 ) ;
#8244 = EDGE_CURVE ( 'NONE', #10084, #8044, #6739, .T. ) ;
#8245 = ADVANCED_FACE ( 'NONE', ( #3296 ), #4978, .F. ) ;
#8246 = DIRECTION ( 'NONE',  ( -0.0000000000000000000, -0.0000000000000000000, 1.000000000000000000 ) ) ;
#8247 = CARTESIAN_POINT ( 'NONE',  ( 3.171676389805457000, 8.884518554691602800, 10.10585413818948900 ) ) ;
#8248 = ORIENTED_EDGE ( 'NONE', *, *, #6570, .F. ) ;
#8249 = AXIS2_PLACEMENT_3D ( 'NONE', #1277, #3792, #10075 ) ;
#8250 = LINE ( 'NONE', #1728, #5647 ) ;
#8251 = CARTESIAN_POINT ( 'NONE',  ( 7.900000000000114900, 7.949999999999998400, 6.200000000000001100 ) ) ;
#8252 = ORIENTED_EDGE ( 'NONE', *, *, #1, .T. ) ;
#8253 = CARTESIAN_POINT ( 'NONE',  ( -7.950000000000000200, 8.000000000000000000, 8.450000000000113000 ) ) ;
#8254 = CYLINDRICAL_SURFACE ( 'NONE', #4133, 4.500000000000000000 ) ;
#8255 = ORIENTED_EDGE ( 'NONE', *, *, #3480, .F. ) ;
#8256 = DIRECTION ( 'NONE',  ( -5.583261179213479200E-016, -0.0000000000000000000, -1.000000000000000000 ) ) ;
#8257 = DIRECTION ( 'NONE',  ( -0.5726248390748290800, 0.5201357824263477300, 0.6336872742246423300 ) ) ;
#8258 = ADVANCED_FACE ( 'NONE', ( #5495 ), #4819, .T. ) ;
#8259 = ORIENTED_EDGE ( 'NONE', *, *, #2709, .F. ) ;
#8260 = CARTESIAN_POINT ( 'NONE',  ( 7.950000000000000200, 1.599999999999956600, 11.19999999999999800 ) ) ;
#8261 = ORIENTED_EDGE ( 'NONE', *, *, #4689, .T. ) ;
#8262 = CARTESIAN_POINT ( 'NONE',  ( -4.053879558652648800, 10.97251142461965900, 8.450000000000113000 ) ) ;
#8263 = EDGE_CURVE ( 'NONE', #10093, #10269, #4957, .T. ) ;
#8264 = ORIENTED_EDGE ( 'NONE', *, *, #5824, .T. ) ;
#8265 = ORIENTED_EDGE ( 'NONE', *, *, #8572, .F. ) ;
#8266 = AXIS2_PLACEMENT_3D ( 'NONE', #7245, #4721, #1969 ) ;
#8267 = VECTOR ( 'NONE', #161, 1000.000000000000000 ) ;
#8268 = ORIENTED_EDGE ( 'NONE', *, *, #9467, .T. ) ;
#8270 = CARTESIAN_POINT ( 'NONE',  ( -5.855099340000199600, 12.76922561389160500, 14.70000000000011700 ) ) ;
#8269 = DIRECTION ( 'NONE',  ( 1.000000000000000000, -0.0000000000000000000, -0.0000000000000000000 ) ) ;
#8271 = EDGE_LOOP ( 'NONE', ( #11353, #10572, #8204, #11087, #3916, #453 ) ) ;
#8272 = DIRECTION ( 'NONE',  ( -1.000000000000000000, 0.0000000000000000000, 0.0000000000000000000 ) ) ;
#8273 = CARTESIAN_POINT ( 'NONE',  ( 8.349999999999999600, 1.600000000000031800, 17.20000000000000300 ) ) ;
#8274 = PLANE ( 'NONE',  #8020 ) ;
#8275 = DIRECTION ( 'NONE',  ( -1.000000000000000000, 0.0000000000000000000, 0.0000000000000000000 ) ) ;
#8276 = VERTEX_POINT ( 'NONE', #4173 ) ;
#8277 = CARTESIAN_POINT ( 'NONE',  ( -8.450000000000002800, 12.30000000000000100, 16.42360679775009300 ) ) ;
#8278 = LINE ( 'NONE', #6953, #8674 ) ;
#8279 = EDGE_CURVE ( 'NONE', #2777, #1705, #2604, .T. ) ;
#8280 = ORIENTED_EDGE ( 'NONE', *, *, #8689, .F. ) ;
#8281 = VERTEX_POINT ( 'NONE', #3169 ) ;
#8282 = EDGE_CURVE ( 'NONE', #10643, #7503, #9332, .T. ) ;
#8283 = PLANE ( 'NONE',  #7596 ) ;
#8284 = ORIENTED_EDGE ( 'NONE', *, *, #2146, .T. ) ;
#8285 = DIRECTION ( 'NONE',  ( -0.7014534268891456900, 0.08923614685469430400, -0.7071067811865485700 ) ) ;
#8286 = DIRECTION ( 'NONE',  ( 0.0000000000000000000, 0.0000000000000000000, -1.000000000000000000 ) ) ;
#8287 = CARTESIAN_POINT ( 'NONE',  ( 8.350000000000001400, 9.360147050873548500, 4.850000000000117800 ) ) ;
#8288 = VECTOR ( 'NONE', #8096, 1000.000000000000000 ) ;
#8289 = ORIENTED_EDGE ( 'NONE', *, *, #5824, .F. ) ;
#8290 = CARTESIAN_POINT ( 'NONE',  ( -3.927680589516822100, 11.96451637429937500, 14.70000000000011700 ) ) ;
#8291 = VERTEX_POINT ( 'NONE', #10147 ) ;
#8292 = EDGE_LOOP ( 'NONE', ( #5310, #7578, #1805, #7757 ) ) ;
#8293 = CARTESIAN_POINT ( 'NONE',  ( 1.309085912708786400, 10.29025604452769800, 8.817500000000112700 ) ) ;
#8294 = ORIENTED_EDGE ( 'NONE', *, *, #4555, .F. ) ;
#8295 = DIRECTION ( 'NONE',  ( 0.0000000000000000000, 0.0000000000000000000, -1.000000000000000000 ) ) ;
#8296 = DIRECTION ( 'NONE',  ( 1.000000000000000000, 0.0000000000000000000, 0.0000000000000000000 ) ) ;
#8297 = EDGE_CURVE ( 'NONE', #5265, #11281, #11114, .T. ) ;
#8298 = EDGE_CURVE ( 'NONE', #2509, #4985, #8093, .T. ) ;
#8299 = VECTOR ( 'NONE', #10753, 1000.000000000000000 ) ;
#8300 = ORIENTED_EDGE ( 'NONE', *, *, #10430, .T. ) ;
#8301 = EDGE_LOOP ( 'NONE', ( #4395, #8799, #4, #9072 ) ) ;
#8302 = AXIS2_PLACEMENT_3D ( 'NONE', #88, #7972, #1019 ) ;
#8303 = ADVANCED_FACE ( 'NONE', ( #9610 ), #1498, .F. ) ;
#8305 = CARTESIAN_POINT ( 'NONE',  ( -9.999999999999996400, 3.099999999999956600, 10.94999999999999900 ) ) ;
#8304 = DIRECTION ( 'NONE',  ( 1.000000000000000000, 0.0000000000000000000, 0.0000000000000000000 ) ) ;
#8306 = ORIENTED_EDGE ( 'NONE', *, *, #3179, .T. ) ;
#8307 = DIRECTION ( 'NONE',  ( -0.0000000000000000000, -0.0000000000000000000, 1.000000000000000000 ) ) ;
#8308 = CARTESIAN_POINT ( 'NONE',  ( -4.832135734971188900, 11.53794763439791800, 14.70000000000011700 ) ) ;
#8309 = ORIENTED_EDGE ( 'NONE', *, *, #4981, .T. ) ;
#8310 = CARTESIAN_POINT ( 'NONE',  ( 6.997055580779380600, 9.566654908446548000, 15.00000000000011000 ) ) ;
#8311 = FACE_OUTER_BOUND ( 'NONE', #4449, .T. ) ;
#8312 = ORIENTED_EDGE ( 'NONE', *, *, #5664, .T. ) ;
#8313 = CLOSED_SHELL ( 'NONE', ( #3942, #6471, #461, #9102, #6921, #5402, #5131, #8999, #1432, #4549, #2055, #9444, #145, #6935, #8009, #8083, #2914, #6287, #51, #1958, #6319, #9662, #1152, #9912, #11329, #5932, #8363 ) ) ;
#8314 = EDGE_CURVE ( 'NONE', #2214, #7269, #11390, .T. ) ;
#8315 = DIRECTION ( 'NONE',  ( 0.0000000000000000000, 1.000000000000000000, 0.0000000000000000000 ) ) ;
#8316 = ADVANCED_FACE ( 'NONE', ( #5634 ), #7759, .F. ) ;
#8317 = AXIS2_PLACEMENT_3D ( 'NONE', #9243, #4036, #11153 ) ;
#8318 = VERTEX_POINT ( 'NONE', #4282 ) ;
#8319 = AXIS2_PLACEMENT_3D ( 'NONE', #2798, #5367, #90 ) ;
#8320 = EDGE_LOOP ( 'NONE', ( #9230, #4425, #8469, #4031 ) ) ;
#8321 = DIRECTION ( 'NONE',  ( -0.9920049496797155300, 0.1261989691358265900, 0.0000000000000000000 ) ) ;
#8322 = VERTEX_POINT ( 'NONE', #11362 ) ;
#8323 = CARTESIAN_POINT ( 'NONE',  ( -8.350000000000001400, 8.000000000000000000, 10.95000000000011500 ) ) ;
#8324 = VECTOR ( 'NONE', #3452, 1000.000000000000000 ) ;
#8325 = VECTOR ( 'NONE', #10883, 1000.000000000000000 ) ;
#8326 = ORIENTED_EDGE ( 'NONE', *, *, #7143, .T. ) ;
#8327 = DIRECTION ( 'NONE',  ( 1.000000000000000000, 0.0000000000000000000, -0.0000000000000000000 ) ) ;
#8328 = CARTESIAN_POINT ( 'NONE',  ( -7.949999999999998400, 12.30000000000000100, 2.200000000000114300 ) ) ;
#8329 = DIRECTION ( 'NONE',  ( 1.000000000000000000, 0.0000000000000000000, 0.0000000000000000000 ) ) ;
#8330 = CARTESIAN_POINT ( 'NONE',  ( 8.350000000000001400, 9.360147050873548500, 16.05000000000011400 ) ) ;
#8331 = EDGE_CURVE ( 'NONE', #6091, #9092, #392, .T. ) ;
#8332 = VERTEX_POINT ( 'NONE', #4319 ) ;
#8333 = ORIENTED_EDGE ( 'NONE', *, *, #617, .T. ) ;
#8334 = CARTESIAN_POINT ( 'NONE',  ( -7.673004626611400700, 8.000000000000000000, 14.60000000000000000 ) ) ;
#8335 = LINE ( 'NONE', #5120, #10390 ) ;
#8336 = FACE_OUTER_BOUND ( 'NONE', #11035, .T. ) ;
#8337 = CARTESIAN_POINT ( 'NONE',  ( 7.299999999999998900, 0.0000000000000000000, 15.80000000000000100 ) ) ;
#8338 = DIRECTION ( 'NONE',  ( -0.9044551454543675600, -0.4265687399014594400, 0.0000000000000000000 ) ) ;
#8339 = CARTESIAN_POINT ( 'NONE',  ( -4.832135734971188900, 11.53794763439791800, 3.700000000000113900 ) ) ;
#8340 = ORIENTED_EDGE ( 'NONE', *, *, #10267, .T. ) ;
#8341 = PLANE ( 'NONE',  #10478 ) ;
#8342 = VECTOR ( 'NONE', #1212, 1000.000000000000000 ) ;
#8343 = ORIENTED_EDGE ( 'NONE', *, *, #7639, .T. ) ;
#8344 = EDGE_LOOP ( 'NONE', ( #7629, #5677, #11215, #414, #4364, #8716 ) ) ;
#8345 = VECTOR ( 'NONE', #4602, 1000.000000000000100 ) ;
#8346 = VECTOR ( 'NONE', #9442, 999.9999999999998900 ) ;
#8348 = DIRECTION ( 'NONE',  ( -0.0000000000000000000, -0.0000000000000000000, 1.000000000000000000 ) ) ;
#8347 = CARTESIAN_POINT ( 'NONE',  ( -8.350000000000001400, 8.000000000000000000, 8.450000000000113000 ) ) ;
#8349 = CARTESIAN_POINT ( 'NONE',  ( 10.00000000000000000, 8.000000000000000000, 17.60000000000000100 ) ) ;
#8350 = EDGE_CURVE ( 'NONE', #1766, #7589, #6729, .T. ) ;
#8351 = DIRECTION ( 'NONE',  ( 1.000000000000000000, -0.0000000000000000000, -0.0000000000000000000 ) ) ;
#8352 = CARTESIAN_POINT ( 'NONE',  ( 7.950000000000000200, 0.4000000000000001900, 3.300000000000000700 ) ) ;
#8353 = AXIS2_PLACEMENT_3D ( 'NONE', #10768, #6329, #5374 ) ;
#8354 = LINE ( 'NONE', #2621, #10956 ) ;
#8355 = CARTESIAN_POINT ( 'NONE',  ( 6.946575993125049900, 9.169852928574661300, 12.15000000000011600 ) ) ;
#8356 = ORIENTED_EDGE ( 'NONE', *, *, #8461, .T. ) ;
#8357 = FACE_OUTER_BOUND ( 'NONE', #3479, .T. ) ;
#8358 = LINE ( 'NONE', #2504, #6703 ) ;
#8359 = CIRCLE ( 'NONE', #6049, 0.5000000000000000000 ) ;
#8360 = FACE_OUTER_BOUND ( 'NONE', #10547, .T. ) ;
#8361 = VECTOR ( 'NONE', #11312, 1000.000000000000000 ) ;
#8362 = CARTESIAN_POINT ( 'NONE',  ( -8.350000000000001400, 1.600000000000000100, 17.44999999999999900 ) ) ;
#8363 = ADVANCED_FACE ( 'NONE', ( #259 ), #7018, .T. ) ;
#8364 = EDGE_LOOP ( 'NONE', ( #5016, #2033, #1118, #11218 ) ) ;
#8365 = PLANE ( 'NONE',  #8899 ) ;
#8366 =( BOUNDED_CURVE ( )  B_SPLINE_CURVE ( 3, ( #779, #8645, #6820, #2512 ),
 .UNSPECIFIED., .F., .F. ) 
 B_SPLINE_CURVE_WITH_KNOTS ( ( 4, 4 ),
 ( 3.141592653589793100, 3.752457891787804200 ),
 .UNSPECIFIED. ) 
 CURVE ( )  GEOMETRIC_REPRESENTATION_ITEM ( )  RATIONAL_B_SPLINE_CURVE ( ( 1.000000000000000000, 0.9691446338321517700, 0.9691446338321517700, 1.000000000000000000 ) ) 
 REPRESENTATION_ITEM ( '' )  );
#8367 = EDGE_CURVE ( 'NONE', #8996, #5547, #4677, .T. ) ;
#8368 = CIRCLE ( 'NONE', #5163, 0.9999999999999976700 ) ;
#8369 = EDGE_LOOP ( 'NONE', ( #11013, #9939, #8264, #10732, #11300, #3997 ) ) ;
#8370 = EDGE_CURVE ( 'NONE', #1158, #3823, #10164, .T. ) ;
#8371 = DIRECTION ( 'NONE',  ( 1.000000000000000000, 0.0000000000000000000, 0.0000000000000000000 ) ) ;
#8372 = LINE ( 'NONE', #7319, #3153 ) ;
#8373 = PRESENTATION_LAYER_ASSIGNMENT (  '', '', ( #3226 ) ) ;
#8374 = LINE ( 'NONE', #10255, #8223 ) ;
#8375 = FACE_OUTER_BOUND ( 'NONE', #9126, .T. ) ;
#8376 = CARTESIAN_POINT ( 'NONE',  ( -9.999999999999996400, 3.299999999999999800, 11.20000000000000100 ) ) ;
#8377 = DIRECTION ( 'NONE',  ( 1.000000000000000000, -0.0000000000000000000, -0.0000000000000000000 ) ) ;
#8378 = EDGE_LOOP ( 'NONE', ( #4061, #4467, #447, #9275 ) ) ;
#8379 = PLANE ( 'NONE',  #10383 ) ;
#8380 = DIRECTION ( 'NONE',  ( -1.032573497605242200E-016, 0.0000000000000000000, 1.000000000000000000 ) ) ;
#8381 = LINE ( 'NONE', #3695, #6594 ) ;
#8382 = CARTESIAN_POINT ( 'NONE',  ( 7.299999999999998900, 8.000000000000000000, 17.60000000000000100 ) ) ;
#8383 = VERTEX_POINT ( 'NONE', #9563 ) ;
#8384 = FACE_OUTER_BOUND ( 'NONE', #7275, .T. ) ;
#8385 = EDGE_CURVE ( 'NONE', #5172, #5382, #5772, .T. ) ;
#8387 = CARTESIAN_POINT ( 'NONE',  ( -4.808410434011671300, 11.65487620520117000, 10.04563617577965600 ) ) ;
#8386 = CARTESIAN_POINT ( 'NONE',  ( 8.309113651749971300, 1.883021205966677500, 10.94999999999999900 ) ) ;
#8388 = EDGE_CURVE ( 'NONE', #5937, #4590, #2328, .T. ) ;
#8389 = ORIENTED_EDGE ( 'NONE', *, *, #2009, .T. ) ;
#8390 = CARTESIAN_POINT ( 'NONE',  ( -8.414611063213548900, 8.057789891777611400, 3.757789891777725700 ) ) ;
#8391 = LINE ( 'NONE', #3991, #5650 ) ;
#8392 = ORIENTED_EDGE ( 'NONE', *, *, #946, .F. ) ;
#8393 = ORIENTED_EDGE ( 'NONE', *, *, #7104, .T. ) ;
#8394 = FACE_OUTER_BOUND ( 'NONE', #7175, .T. ) ;
#8395 = ORIENTED_EDGE ( 'NONE', *, *, #5054, .F. ) ;
#8396 = CARTESIAN_POINT ( 'NONE',  ( -4.104359146306979500, 10.57570944474777400, 12.45000000000011300 ) ) ;
#8397 = EDGE_CURVE ( 'NONE', #10695, #1165, #10837, .T. ) ;
#8398 = DIRECTION ( 'NONE',  ( 0.0000000000000000000, 0.0000000000000000000, 1.000000000000000000 ) ) ;
#8399 = CARTESIAN_POINT ( 'NONE',  ( -3.210233636357317200, 8.000000000000000000, 0.0000000000000000000 ) ) ;
#8400 = VECTOR ( 'NONE', #1967, 1000.000000000000100 ) ;
#8401 = VERTEX_POINT ( 'NONE', #9446 ) ;
#8402 = DIRECTION ( 'NONE',  ( 0.0000000000000000000, -1.000000000000000000, 0.0000000000000000000 ) ) ;
#8403 = AXIS2_PLACEMENT_3D ( 'NONE', #5800, #11083, #6758 ) ;
#8404 = DIRECTION ( 'NONE',  ( -0.0000000000000000000, 1.000000000000000000, -0.0000000000000000000 ) ) ;
#8405 = ORIENTED_EDGE ( 'NONE', *, *, #6652, .T. ) ;
#8406 = EDGE_LOOP ( 'NONE', ( #7043, #2397, #8433, #2073 ) ) ;
#8407 = DIRECTION ( 'NONE',  ( -5.583261179213479200E-016, -0.0000000000000000000, -1.000000000000000000 ) ) ;
#8408 = CARTESIAN_POINT ( 'NONE',  ( 8.350000000000001400, -3.350000000000042700, 9.800000000000114400 ) ) ;
#8409 = ORIENTED_EDGE ( 'NONE', *, *, #11332, .T. ) ;
#8410 = ORIENTED_EDGE ( 'NONE', *, *, #10345, .T. ) ;
#8411 = CARTESIAN_POINT ( 'NONE',  ( 8.350000000000001400, 1.599999999999912200, 17.44999999999999600 ) ) ;
#8412 = EDGE_CURVE ( 'NONE', #4691, #1888, #4134, .T. ) ;
#8413 = AXIS2_PLACEMENT_3D ( 'NONE', #9750, #4514, #4442 ) ;
#8414 = ADVANCED_FACE ( 'NONE', ( #7684 ), #2494, .T. ) ;
#8415 = ORIENTED_EDGE ( 'NONE', *, *, #5909, .F. ) ;
#8417 = DIRECTION ( 'NONE',  ( 1.000000000000000000, -0.0000000000000000000, -0.0000000000000000000 ) ) ;
#8416 = DIRECTION ( 'NONE',  ( -1.000000000000000000, 0.0000000000000000000, -0.0000000000000000000 ) ) ;
#8418 = PLANE ( 'NONE',  #5751 ) ;
#8419 = VECTOR ( 'NONE', #9744, 1000.000000000000000 ) ;
#8420 = EDGE_LOOP ( 'NONE', ( #4790, #2674, #9190, #4086 ) ) ;
#8421 = DIRECTION ( 'NONE',  ( 1.000000000000000000, 0.0000000000000000000, 0.0000000000000000000 ) ) ;
#8422 = PLANE ( 'NONE',  #10445 ) ;
#8423 = ORIENTED_EDGE ( 'NONE', *, *, #7192, .F. ) ;
#8424 = DIRECTION ( 'NONE',  ( 0.0000000000000000000, -1.000000000000000000, -0.0000000000000000000 ) ) ;
#8425 =( BOUNDED_CURVE ( )  B_SPLINE_CURVE ( 3, ( #2201, #8390, #9264, #11027 ),
 .UNSPECIFIED., .F., .F. ) 
 B_SPLINE_CURVE_WITH_KNOTS ( ( 4, 4 ),
 ( 3.871320309816761900, 4.712388980384689700 ),
 .UNSPECIFIED. ) 
 CURVE ( )  GEOMETRIC_REPRESENTATION_ITEM ( )  RATIONAL_B_SPLINE_CURVE ( ( 1.000000000000000000, 0.9419139527835183000, 0.9419139527835183000, 1.000000000000000000 ) ) 
 REPRESENTATION_ITEM ( '' )  );
#8426 = ORIENTED_EDGE ( 'NONE', *, *, #6738, .F. ) ;
#8427 = PLANE ( 'NONE',  #1710 ) ;
#8428 = EDGE_CURVE ( 'NONE', #4590, #10490, #1368, .T. ) ;
#8429 = AXIS2_PLACEMENT_3D ( 'NONE', #2104, #8256, #9134 ) ;
#8430 = VECTOR ( 'NONE', #1651, 1000.000000000000000 ) ;
#8431 = EDGE_LOOP ( 'NONE', ( #8539, #8971, #3602, #1143 ) ) ;
#8432 = EDGE_CURVE ( 'NONE', #1453, #4910, #948, .T. ) ;
#8433 = ORIENTED_EDGE ( 'NONE', *, *, #2688, .T. ) ;
#8434 = ORIENTED_EDGE ( 'NONE', *, *, #8053, .T. ) ;
#8435 = CARTESIAN_POINT ( 'NONE',  ( 0.0000000000000000000, 8.400000000000000400, 0.0000000000000000000 ) ) ;
#8436 = ORIENTED_EDGE ( 'NONE', *, *, #10633, .F. ) ;
#8437 = LINE ( 'NONE', #3912, #9117 ) ;
#8438 = EDGE_LOOP ( 'NONE', ( #6355, #319, #3106, #8340 ) ) ;
#8439 = ORIENTED_EDGE ( 'NONE', *, *, #5985, .F. ) ;
#8440 = DIRECTION ( 'NONE',  ( -0.0000000000000000000, -0.0000000000000000000, 1.000000000000000000 ) ) ;
#8441 = CARTESIAN_POINT ( 'NONE',  ( -9.999999999999996400, 8.000000000000000000, 5.100000000000000500 ) ) ;
#8442 = CARTESIAN_POINT ( 'NONE',  ( 4.115249749999066800E-014, 7.825000000000000200, 20.85000000000000100 ) ) ;
#8443 = PLANE ( 'NONE',  #6558 ) ;
#8444 = EDGE_CURVE ( 'NONE', #1255, #9558, #4155, .T. ) ;
#8445 = ORIENTED_EDGE ( 'NONE', *, *, #9731, .F. ) ;
#8446 = EDGE_CURVE ( 'NONE', #5116, #7542, #5353, .T. ) ;
#8447 = CARTESIAN_POINT ( 'NONE',  ( 2.571758278209441500E-016, 7.825000000000000200, 2.100000000000000100 ) ) ;
#8448 = STYLED_ITEM ( 'NONE', ( #7857 ), #7171 ) ;
#8449 = ORIENTED_EDGE ( 'NONE', *, *, #6555, .F. ) ;
#8450 = FACE_OUTER_BOUND ( 'NONE', #10282, .T. ) ;
#8451 = VERTEX_POINT ( 'NONE', #882 ) ;
#8452 = ORIENTED_EDGE ( 'NONE', *, *, #6093, .F. ) ;
#8453 = CARTESIAN_POINT ( 'NONE',  ( 2.140561770153064900E-014, 7.825000000000000200, 8.349999999999999600 ) ) ;
#8454 = DIRECTION ( 'NONE',  ( -0.7071067811865468000, 8.659560562354930400E-017, 0.7071067811865483500 ) ) ;
#8455 = DIRECTION ( 'NONE',  ( -0.9044551454543665600, -0.4265687399014614900, 0.0000000000000000000 ) ) ;
#8456 = CARTESIAN_POINT ( 'NONE',  ( -8.450000000000001100, 8.223606797749978300, 16.97639320225013600 ) ) ;
#8457 = CARTESIAN_POINT ( 'NONE',  ( 0.0000000000000000000, 3.600000000000000100, 0.0000000000000000000 ) ) ;
#8458 = ORIENTED_EDGE ( 'NONE', *, *, #3607, .F. ) ;
#8459 = VECTOR ( 'NONE', #3263, 1000.000000000000000 ) ;
#8460 = VECTOR ( 'NONE', #5906, 1000.000000000000000 ) ;
#8461 = EDGE_CURVE ( 'NONE', #5502, #5563, #7825, .T. ) ;
#8462 = ORIENTED_EDGE ( 'NONE', *, *, #2569, .F. ) ;
#8463 = CARTESIAN_POINT ( 'NONE',  ( 7.673004626611400700, 8.000000000000000000, 14.60000000000000000 ) ) ;
#8464 =( GEOMETRIC_REPRESENTATION_CONTEXT ( 3 ) GLOBAL_UNCERTAINTY_ASSIGNED_CONTEXT ( ( #9205 ) ) GLOBAL_UNIT_ASSIGNED_CONTEXT ( ( #1841, #3630, #1037 ) ) REPRESENTATION_CONTEXT ( 'NONE', 'WORKASPACE' ) );
#8465 = AXIS2_PLACEMENT_3D ( 'NONE', #4336, #894, #4447 ) ;
#8466 = PLANE ( 'NONE',  #2738 ) ;
#8467 = ADVANCED_FACE ( 'NONE', ( #5081 ), #3512, .F. ) ;
#8468 = DIRECTION ( 'NONE',  ( -0.0000000000000000000, -1.000000000000000000, -0.0000000000000000000 ) ) ;
#8469 = ORIENTED_EDGE ( 'NONE', *, *, #9532, .F. ) ;
#8470 = DIRECTION ( 'NONE',  ( -0.0000000000000000000, -0.0000000000000000000, 1.000000000000000000 ) ) ;
#8471 = EDGE_LOOP ( 'NONE', ( #6503, #6657, #7184, #4078, #9355, #9267, #2069, #8154, #8393, #3264, #1545, #3102, #7488, #5535, #7709, #8720, #888, #541 ) ) ;
#8472 = LINE ( 'NONE', #7070, #3949 ) ;
#8473 = LINE ( 'NONE', #4358, #3543 ) ;
#8474 = CARTESIAN_POINT ( 'NONE',  ( 6.997055580779380600, 9.566654908446548000, 8.750000000000108400 ) ) ;
#8475 = CARTESIAN_POINT ( 'NONE',  ( -8.350000000000001400, 1.600000000000000100, 15.95000000000000300 ) ) ;
#8476 = CYLINDRICAL_SURFACE ( 'NONE', #7992, 0.2999999999999999300 ) ;
#8477 = EDGE_CURVE ( 'NONE', #489, #7241, #9880, .T. ) ;
#8478 = CARTESIAN_POINT ( 'NONE',  ( -5.493317281818449700, 12.93985310985218700, 14.70000000000011700 ) ) ;
#8479 = AXIS2_PLACEMENT_3D ( 'NONE', #10940, #9987, #9062 ) ;
#8480 = EDGE_CURVE ( 'NONE', #7500, #7770, #1227, .T. ) ;
#8481 = CYLINDRICAL_SURFACE ( 'NONE', #10807, 0.5999999999999997600 ) ;
#8482 = DIRECTION ( 'NONE',  ( 0.0000000000000000000, 0.0000000000000000000, -1.000000000000000000 ) ) ;
#8483 = FACE_OUTER_BOUND ( 'NONE', #4251, .T. ) ;
#8484 = ORIENTED_EDGE ( 'NONE', *, *, #7398, .T. ) ;
#8485 = CARTESIAN_POINT ( 'NONE',  ( -5.402871767273012400, 12.98250998384233400, 9.950000000000114800 ) ) ;
#8486 = ORIENTED_EDGE ( 'NONE', *, *, #3593, .T. ) ;
#8487 = CARTESIAN_POINT ( 'NONE',  ( -9.999999999999996400, 1.600000000000000100, 16.20000000000000300 ) ) ;
#8488 = FACE_OUTER_BOUND ( 'NONE', #4151, .T. ) ;
#8489 = CARTESIAN_POINT ( 'NONE',  ( 10.00000000000000200, 8.000000000000000000, 0.0000000000000000000 ) ) ;
#8490 = VECTOR ( 'NONE', #2246, 1000.000000000000000 ) ;
#8491 = CARTESIAN_POINT ( 'NONE',  ( -9.999999999999994700, 0.0000000000000000000, 9.550000000000000700 ) ) ;
#8492 = LINE ( 'NONE', #6949, #3276 ) ;
#8494 = DIRECTION ( 'NONE',  ( -0.0000000000000000000, -0.0000000000000000000, 1.000000000000000000 ) ) ;
#8493 = DIRECTION ( 'NONE',  ( 0.0000000000000000000, 0.0000000000000000000, -1.000000000000000000 ) ) ;
#8495 = VECTOR ( 'NONE', #9688, 1000.000000000000100 ) ;
#8496 = ORIENTED_EDGE ( 'NONE', *, *, #4323, .T. ) ;
#8497 = CARTESIAN_POINT ( 'NONE',  ( -1.880187805439771800, 9.527196853685957500, 10.10585413818948900 ) ) ;
#8498 = FACE_OUTER_BOUND ( 'NONE', #1566, .T. ) ;
#8499 = EDGE_CURVE ( 'NONE', #1392, #438, #7555, .T. ) ;
#8500 = CARTESIAN_POINT ( 'NONE',  ( 4.750000000000001800, 8.000000000000000000, 2.199999999999999300 ) ) ;
#8501 = TOROIDAL_SURFACE ( 'NONE', #4638, 0.1999999999999994300, 0.5000000000000000000 ) ;
#8502 = DIRECTION ( 'NONE',  ( 0.0000000000000000000, 0.0000000000000000000, -1.000000000000000000 ) ) ;
#8503 = FACE_OUTER_BOUND ( 'NONE', #10704, .T. ) ;
#8504 = ORIENTED_EDGE ( 'NONE', *, *, #7888, .T. ) ;
#8505 = CARTESIAN_POINT ( 'NONE',  ( -5.493317281818449700, 12.93985310985218700, 8.450000000000113000 ) ) ;
#8506 = DIRECTION ( 'NONE',  ( 0.8849876374630411000, 0.4656145203251128600, 0.0000000000000000000 ) ) ;
#8507 = VECTOR ( 'NONE', #1608, 1000.000000000000000 ) ;
#8508 = DIRECTION ( 'NONE',  ( 0.0000000000000000000, 0.0000000000000000000, 1.000000000000000000 ) ) ;
#8509 = DIRECTION ( 'NONE',  ( 1.000000000000000000, 0.0000000000000000000, -0.0000000000000000000 ) ) ;
#8510 = DIRECTION ( 'NONE',  ( 2.168404344971008900E-016, 0.0000000000000000000, 1.000000000000000000 ) ) ;
#8511 = ORIENTED_EDGE ( 'NONE', *, *, #7359, .F. ) ;
#8512 = EDGE_CURVE ( 'NONE', #2614, #3937, #7955, .T. ) ;
#8513 = LINE ( 'NONE', #5304, #8239 ) ;
#8514 = ORIENTED_EDGE ( 'NONE', *, *, #2990, .T. ) ;
#8515 = EDGE_CURVE ( 'NONE', #5974, #160, #6176, .T. ) ;
#8516 = CARTESIAN_POINT ( 'NONE',  ( -7.950000000000000200, 3.100000000000000500, 10.95000000000000100 ) ) ;
#8517 = LINE ( 'NONE', #3717, #2751 ) ;
#8518 = EDGE_LOOP ( 'NONE', ( #2662, #7818, #3856, #4195 ) ) ;
#8519 = CARTESIAN_POINT ( 'NONE',  ( 7.299999999999998900, 0.0000000000000000000, 11.35000000000000100 ) ) ;
#8520 = CARTESIAN_POINT ( 'NONE',  ( 1.309085912708786400, 10.29025604452769800, 2.567500000000112200 ) ) ;
#8521 = DIRECTION ( 'NONE',  ( 1.000000000000000000, 0.0000000000000000000, -0.0000000000000000000 ) ) ;
#8522 = DIRECTION ( 'NONE',  ( -1.579750383876801700E-015, -0.0000000000000000000, -1.000000000000000000 ) ) ;
#8523 = LINE ( 'NONE', #1286, #3453 ) ;
#8524 = DIRECTION ( 'NONE',  ( 0.0000000000000000000, 0.0000000000000000000, -1.000000000000000000 ) ) ;
#8525 = ORIENTED_EDGE ( 'NONE', *, *, #3058, .T. ) ;
#8526 = ADVANCED_FACE ( 'NONE', ( #2886 ), #7874, .F. ) ;
#8527 = FACE_OUTER_BOUND ( 'NONE', #8685, .T. ) ;
#8528 = ORIENTED_EDGE ( 'NONE', *, *, #3011, .F. ) ;
#8529 = EDGE_CURVE ( 'NONE', #7096, #1834, #7420, .T. ) ;
#8531 = DIRECTION ( 'NONE',  ( -1.000000000000000000, 0.0000000000000000000, 0.0000000000000000000 ) ) ;
#8530 = CARTESIAN_POINT ( 'NONE',  ( 1.105825268713746200E-015, 7.825000000000000200, -10.94999999999999900 ) ) ;
#8532 = DIRECTION ( 'NONE',  ( -0.0000000000000000000, -0.0000000000000000000, 1.000000000000000000 ) ) ;
#8533 = CARTESIAN_POINT ( 'NONE',  ( 6.791526800171443100, 7.593817636448167500, -7.414368575402579400 ) ) ;
#8534 = CARTESIAN_POINT ( 'NONE',  ( -7.950000000000000200, 0.4000000000000001900, 15.80000000000011600 ) ) ;
#8535 = VERTEX_POINT ( 'NONE', #4404 ) ;
#8536 = EDGE_LOOP ( 'NONE', ( #1034, #4658, #3065, #7055 ) ) ;
#8537 = DIRECTION ( 'NONE',  ( 0.0000000000000000000, 0.0000000000000000000, -1.000000000000000000 ) ) ;
#8538 = VECTOR ( 'NONE', #9238, 999.9999999999998900 ) ;
#8539 = ORIENTED_EDGE ( 'NONE', *, *, #9713, .T. ) ;
#8540 = ORIENTED_EDGE ( 'NONE', *, *, #4073, .T. ) ;
#8541 = CARTESIAN_POINT ( 'NONE',  ( -4.104359146306979500, 10.57570944474777400, 14.70000000000011700 ) ) ;
#8542 = EDGE_CURVE ( 'NONE', #2739, #7464, #2741, .T. ) ;
#8543 = DIRECTION ( 'NONE',  ( 2.168404344971007900E-016, 0.0000000000000000000, 1.000000000000000000 ) ) ;
#8544 = EDGE_CURVE ( 'NONE', #9179, #4624, #6032, .T. ) ;
#8545 = ORIENTED_EDGE ( 'NONE', *, *, #11249, .F. ) ;
#8546 = CARTESIAN_POINT ( 'NONE',  ( -8.350000000000001400, 9.360147050873548500, 17.35000000000000500 ) ) ;
#8547 = DIRECTION ( 'NONE',  ( 0.0000000000000000000, 0.0000000000000000000, -1.000000000000000000 ) ) ;
#8548 = AXIS2_PLACEMENT_3D ( 'NONE', #4508, #5415, #6413 ) ;
#8549 = FACE_OUTER_BOUND ( 'NONE', #3062, .T. ) ;
#8550 = ORIENTED_EDGE ( 'NONE', *, *, #294, .T. ) ;
#8551 = DIRECTION ( 'NONE',  ( -1.000000000000000000, 0.0000000000000000000, 0.0000000000000000000 ) ) ;
#8552 = VERTEX_POINT ( 'NONE', #6420 ) ;
#8553 = DIRECTION ( 'NONE',  ( 0.2830212059666797300, 0.9591136517499718700, 0.0000000000000000000 ) ) ;
#8554 = EDGE_LOOP ( 'NONE', ( #3270, #1581, #7580, #11396 ) ) ;
#8555 = DIRECTION ( 'NONE',  ( -1.000000000000000000, -0.0000000000000000000, -0.0000000000000000000 ) ) ;
#8556 = DIRECTION ( 'NONE',  ( -1.000000000000000000, 0.0000000000000000000, 0.0000000000000000000 ) ) ;
#8557 = CARTESIAN_POINT ( 'NONE',  ( 3.675351086276081000E-015, 8.000000000000000000, 9.449999999999994000 ) ) ;
#8558 = FACE_OUTER_BOUND ( 'NONE', #2264, .T. ) ;
#8559 = EDGE_CURVE ( 'NONE', #4196, #9383, #10156, .T. ) ;
#8560 = VERTEX_POINT ( 'NONE', #2618 ) ;
#8561 = CARTESIAN_POINT ( 'NONE',  ( -8.350000000000001400, 8.000000000000000000, 9.950000000000114800 ) ) ;
#8562 = ORIENTED_EDGE ( 'NONE', *, *, #5106, .T. ) ;
#8563 = CARTESIAN_POINT ( 'NONE',  ( -4.837073890375361200, 11.78284682717160900, 9.950000000000114800 ) ) ;
#8564 = VERTEX_POINT ( 'NONE', #8791 ) ;
#8565 = VECTOR ( 'NONE', #274, 1000.000000000000000 ) ;
#8566 = ORIENTED_EDGE ( 'NONE', *, *, #9519, .T. ) ;
#8567 = EDGE_LOOP ( 'NONE', ( #9816, #2827, #6765, #4464 ) ) ;
#8568 = ADVANCED_FACE ( 'NONE', ( #3429 ), #6306, .F. ) ;
#8569 = CARTESIAN_POINT ( 'NONE',  ( -0.1228734688386203100, 1.827774078792768100, -7.932503793310656800 ) ) ;
#8570 = EDGE_CURVE ( 'NONE', #2572, #3642, #9870, .T. ) ;
#8571 = ORIENTED_EDGE ( 'NONE', *, *, #2594, .F. ) ;
#8572 = EDGE_CURVE ( 'NONE', #2028, #8809, #7551, .T. ) ;
#8573 = DIRECTION ( 'NONE',  ( 0.0000000000000000000, 0.0000000000000000000, 1.000000000000000000 ) ) ;
#8574 = ORIENTED_EDGE ( 'NONE', *, *, #8432, .F. ) ;
#8575 = CARTESIAN_POINT ( 'NONE',  ( 4.750000000000066600, 8.000000000000000000, 8.450000000000001100 ) ) ;
#8576 = AXIS2_PLACEMENT_3D ( 'NONE', #6075, #8713, #7793 ) ;
#8577 = FACE_OUTER_BOUND ( 'NONE', #8378, .T. ) ;
#8578 = ORIENTED_EDGE ( 'NONE', *, *, #4912, .T. ) ;
#8579 = ADVANCED_FACE ( 'NONE', ( #8086 ), #10030, .F. ) ;
#8580 = CARTESIAN_POINT ( 'NONE',  ( -8.350000000000001400, 12.30000000000000100, 10.95000000000011500 ) ) ;
#8581 = ORIENTED_EDGE ( 'NONE', *, *, #8841, .F. ) ;
#8582 = DIRECTION ( 'NONE',  ( 1.000000000000000000, -0.0000000000000000000, 0.0000000000000000000 ) ) ;
#8583 = CARTESIAN_POINT ( 'NONE',  ( -7.874999999999994700, 7.825000000000000200, 9.600988606561032000E-015 ) ) ;
#8584 = VERTEX_POINT ( 'NONE', #8260 ) ;
#8585 = ORIENTED_EDGE ( 'NONE', *, *, #8115, .F. ) ;
#8586 = LINE ( 'NONE', #5184, #8324 ) ;
#8587 = FACE_OUTER_BOUND ( 'NONE', #10327, .T. ) ;
#8588 = VERTEX_POINT ( 'NONE', #455 ) ;
#8589 = CARTESIAN_POINT ( 'NONE',  ( 0.0000000000000000000, 7.825000000000000200, -4.500000000000000000 ) ) ;
#8590 = DIRECTION ( 'NONE',  ( -1.000000000000000000, -0.0000000000000000000, -0.0000000000000000000 ) ) ;
#8591 = EDGE_CURVE ( 'NONE', #10324, #4019, #11105, .T. ) ;
#8592 = EDGE_CURVE ( 'NONE', #2647, #747, #5221, .T. ) ;
#8593 = CARTESIAN_POINT ( 'NONE',  ( -7.950000000000000200, -3.349999999999998800, 11.10000000000011900 ) ) ;
#8594 = VERTEX_POINT ( 'NONE', #5653 ) ;
#8595 = PLANE ( 'NONE',  #10461 ) ;
#8596 = ORIENTED_EDGE ( 'NONE', *, *, #518, .T. ) ;
#8597 = VECTOR ( 'NONE', #3345, 1000.000000000000000 ) ;
#8599 = DIRECTION ( 'NONE',  ( 0.0000000000000000000, 0.0000000000000000000, 1.000000000000000000 ) ) ;
#8598 = DIRECTION ( 'NONE',  ( 0.0000000000000000000, 0.0000000000000000000, 1.000000000000000000 ) ) ;
#8600 = CARTESIAN_POINT ( 'NONE',  ( -7.950000000000000200, 1.600000000000000100, 3.450000000000000600 ) ) ;
#8601 = DIRECTION ( 'NONE',  ( 0.0000000000000000000, -0.0000000000000000000, 1.000000000000000000 ) ) ;
#8602 = LINE ( 'NONE', #9484, #1868 ) ;
#8603 = EDGE_CURVE ( 'NONE', #5429, #10269, #3990, .T. ) ;
#8604 = LINE ( 'NONE', #7092, #7928 ) ;
#8605 = VERTEX_POINT ( 'NONE', #415 ) ;
#8606 = DIRECTION ( 'NONE',  ( -0.0000000000000000000, -1.000000000000000000, -0.0000000000000000000 ) ) ;
#8607 = ORIENTED_EDGE ( 'NONE', *, *, #9635, .T. ) ;
#8608 = LINE ( 'NONE', #3804, #8058 ) ;
#8609 = FACE_OUTER_BOUND ( 'NONE', #631, .T. ) ;
#8610 = DIRECTION ( 'NONE',  ( 0.0000000000000000000, -0.0000000000000000000, 1.000000000000000000 ) ) ;
#8611 = LINE ( 'NONE', #1541, #2161 ) ;
#8612 = DIRECTION ( 'NONE',  ( 0.4656145203251128600, -0.8849876374630411000, 3.250458258609591800E-016 ) ) ;
#8613 = CARTESIAN_POINT ( 'NONE',  ( 5.950000000000002000, 8.900000000000000400, 4.199999999999989500 ) ) ;
#8614 = LINE ( 'NONE', #4835, #10803 ) ;
#8615 = ORIENTED_EDGE ( 'NONE', *, *, #6046, .T. ) ;
#8616 = VECTOR ( 'NONE', #1941, 1000.000000000000000 ) ;
#8617 = FACE_BOUND ( 'NONE', #8166, .T. ) ;
#8618 = DIRECTION ( 'NONE',  ( -1.579750383876800900E-015, 0.0000000000000000000, -1.000000000000000000 ) ) ;
#8619 = VECTOR ( 'NONE', #3280, 1000.000000000000000 ) ;
#8620 = LINE ( 'NONE', #6450, #5473 ) ;
#8621 = EDGE_CURVE ( 'NONE', #8164, #2810, #10421, .T. ) ;
#8622 = LINE ( 'NONE', #4227, #5755 ) ;
#8623 = ADVANCED_FACE ( 'NONE', ( #2874 ), #533, .T. ) ;
#8624 = PLANE ( 'NONE',  #8884 ) ;
#8625 = DIRECTION ( 'NONE',  ( -0.0000000000000000000, -0.0000000000000000000, 1.000000000000000000 ) ) ;
#8626 = LINE ( 'NONE', #444, #105 ) ;
#8627 = ORIENTED_EDGE ( 'NONE', *, *, #6313, .F. ) ;
#8628 = CARTESIAN_POINT ( 'NONE',  ( 4.496595934704383300, 8.000000000000032000, 2.056421806618025600E-015 ) ) ;
#8629 = LINE ( 'NONE', #3679, #7004 ) ;
#8630 = FACE_OUTER_BOUND ( 'NONE', #6382, .T. ) ;
#8631 = ADVANCED_FACE ( 'NONE', ( #8630 ), #5764, .T. ) ;
#8632 = CARTESIAN_POINT ( 'NONE',  ( 3.210233636357328700, 8.000000000000023100, 1.355898211009252600E-015 ) ) ;
#8633 = DIRECTION ( 'NONE',  ( 0.0000000000000000000, 0.0000000000000000000, 1.000000000000000000 ) ) ;
#8634 = CARTESIAN_POINT ( 'NONE',  ( 6.946575993125049900, 9.169852928574661300, 5.900000000000115800 ) ) ;
#8635 = EDGE_CURVE ( 'NONE', #3708, #3240, #1904, .T. ) ;
#8636 = LINE ( 'NONE', #10693, #6311 ) ;
#8637 = DIRECTION ( 'NONE',  ( 0.0000000000000000000, 0.0000000000000000000, 1.000000000000000000 ) ) ;
#8638 = VERTEX_POINT ( 'NONE', #1234 ) ;
#8639 = VECTOR ( 'NONE', #231, 1000.000000000000000 ) ;
#8640 = CARTESIAN_POINT ( 'NONE',  ( 4.999999999999997300, 0.7000000000000000700, 9.449999999999994000 ) ) ;
#8641 = FACE_OUTER_BOUND ( 'NONE', #9753, .T. ) ;
#8642 = DIRECTION ( 'NONE',  ( -1.000000000000000000, 0.0000000000000000000, 0.0000000000000000000 ) ) ;
#8643 = ORIENTED_EDGE ( 'NONE', *, *, #8428, .F. ) ;
#8644 = DIRECTION ( 'NONE',  ( -2.496005001405477600E-016, -0.0000000000000000000, -1.000000000000000000 ) ) ;
#8645 = CARTESIAN_POINT ( 'NONE',  ( -1.740153877978051900, 9.399998989646011400, 10.57411183594568800 ) ) ;
#8646 = LINE ( 'NONE', #10911, #7834 ) ;
#8647 = ORIENTED_EDGE ( 'NONE', *, *, #7202, .T. ) ;
#8648 = ORIENTED_EDGE ( 'NONE', *, *, #1944, .T. ) ;
#8649 = EDGE_CURVE ( 'NONE', #2311, #835, #4123, .T. ) ;
#8650 = CARTESIAN_POINT ( 'NONE',  ( 7.950000000000000200, 0.4000000000000001900, 9.800000000000114400 ) ) ;
#8651 = EDGE_CURVE ( 'NONE', #7016, #2810, #2593, .T. ) ;
#8652 = LINE ( 'NONE', #8055, #1789 ) ;
#8653 = AXIS2_PLACEMENT_3D ( 'NONE', #7248, #247, #8197 ) ;
#8654 = DIRECTION ( 'NONE',  ( -0.9044551454543665600, -0.4265687399014614900, 0.0000000000000000000 ) ) ;
#8655 = VERTEX_POINT ( 'NONE', #7425 ) ;
#8656 = PLANE ( 'NONE',  #3373 ) ;
#8657 = CARTESIAN_POINT ( 'NONE',  ( -1.740153877978051900, 9.399998989646013200, 10.32588816405454100 ) ) ;
#8658 = DIRECTION ( 'NONE',  ( 0.6846169860849559100, 0.3601944209030644200, 0.6336872742246425500 ) ) ;
#8659 = FACE_OUTER_BOUND ( 'NONE', #5094, .T. ) ;
#8660 = ORIENTED_EDGE ( 'NONE', *, *, #7804, .F. ) ;
#8661 = DIRECTION ( 'NONE',  ( -0.0000000000000000000, -0.0000000000000000000, 1.000000000000000000 ) ) ;
#8662 = DIRECTION ( 'NONE',  ( 1.000000000000000000, 0.0000000000000000000, 0.0000000000000000000 ) ) ;
#8663 = ORIENTED_EDGE ( 'NONE', *, *, #10907, .T. ) ;
#8664 = DIRECTION ( 'NONE',  ( -1.000000000000000000, 0.0000000000000000000, -0.0000000000000000000 ) ) ;
#8665 = ORIENTED_EDGE ( 'NONE', *, *, #6907, .F. ) ;
#8666 = ORIENTED_EDGE ( 'NONE', *, *, #2977, .F. ) ;
#8667 = DIRECTION ( 'NONE',  ( 5.193444290204190200E-016, -9.404822749580276000E-017, -1.000000000000000000 ) ) ;
#8668 = EDGE_CURVE ( 'NONE', #1270, #1255, #251, .T. ) ;
#8670 = CARTESIAN_POINT ( 'NONE',  ( 3.462499999999991000, 1.827774078792768100, -6.400000000000001200 ) ) ;
#8669 = CARTESIAN_POINT ( 'NONE',  ( -1.880187805439772300, 9.527196853685959300, 17.04414586181074000 ) ) ;
#8671 = DIRECTION ( 'NONE',  ( -0.0000000000000000000, 1.000000000000000000, 0.0000000000000000000 ) ) ;
#8672 = CARTESIAN_POINT ( 'NONE',  ( -4.499999999999999100, 7.825000000000000200, -4.499999999999996400 ) ) ;
#8673 = AXIS2_PLACEMENT_3D ( 'NONE', #2350, #9299, #10190 ) ;
#8674 = VECTOR ( 'NONE', #5266, 1000.000000000000000 ) ;
#8675 = EDGE_LOOP ( 'NONE', ( #7024, #9241, #6351, #6443, #4453, #9110, #732, #3148, #5261, #2262, #1715, #5205, #3378, #1447, #4711, #4006 ) ) ;
#8676 = CARTESIAN_POINT ( 'NONE',  ( -4.808410434011671300, 11.65487620520117000, 10.85436382422057200 ) ) ;
#8677 = CARTESIAN_POINT ( 'NONE',  ( 3.171676389805457000, 8.884518554691604600, 4.544145861810741300 ) ) ;
#8678 = ORIENTED_EDGE ( 'NONE', *, *, #6369, .T. ) ;
#8679 = AXIS2_PLACEMENT_3D ( 'NONE', #1650, #2384, #5085 ) ;
#8680 = ORIENTED_EDGE ( 'NONE', *, *, #6718, .F. ) ;
#8681 = ADVANCED_FACE ( 'NONE', ( #4532 ), #2316, .T. ) ;
#8682 = VERTEX_POINT ( 'NONE', #2969 ) ;
#8683 = DIRECTION ( 'NONE',  ( 1.000000000000000000, -0.0000000000000000000, -0.0000000000000000000 ) ) ;
#8684 = VECTOR ( 'NONE', #8133, 1000.000000000000000 ) ;
#8685 = EDGE_LOOP ( 'NONE', ( #6249, #7717, #6203, #6380 ) ) ;
#8686 = DIRECTION ( 'NONE',  ( 0.0000000000000000000, 0.0000000000000000000, -1.000000000000000000 ) ) ;
#8687 = ORIENTED_EDGE ( 'NONE', *, *, #9716, .T. ) ;
#8688 = CARTESIAN_POINT ( 'NONE',  ( 3.214999999999995400, 7.825000000000000200, -7.899999999999995900 ) ) ;
#8689 = EDGE_CURVE ( 'NONE', #1695, #5448, #9596, .T. ) ;
#8690 = CARTESIAN_POINT ( 'NONE',  ( 5.950000000000133400, 8.900000000000000400, 16.69999999999998900 ) ) ;
#8691 = AXIS2_PLACEMENT_3D ( 'NONE', #1193, #10069, #2036 ) ;
#8692 = ORIENTED_EDGE ( 'NONE', *, *, #10633, .T. ) ;
#8693 = DIRECTION ( 'NONE',  ( 0.1261989691358260900, 0.9920049496797155300, 0.0000000000000000000 ) ) ;
#8694 = LINE ( 'NONE', #5957, #4053 ) ;
#8695 = ORIENTED_EDGE ( 'NONE', *, *, #1505, .T. ) ;
#8696 = ORIENTED_EDGE ( 'NONE', *, *, #2599, .T. ) ;
#8697 = DIRECTION ( 'NONE',  ( -0.0000000000000000000, -0.0000000000000000000, 1.000000000000000000 ) ) ;
#8698 = CARTESIAN_POINT ( 'NONE',  ( -8.450000000000001100, 8.000000000000000000, 16.42360679775009300 ) ) ;
#8699 = CARTESIAN_POINT ( 'NONE',  ( -4.104359146306979500, 10.57570944474777400, 2.200000000000114300 ) ) ;
#8700 = DIRECTION ( 'NONE',  ( -1.000000000000000000, 0.0000000000000000000, -0.0000000000000000000 ) ) ;
#8701 = ADVANCED_FACE ( 'NONE', ( #9322 ), #2072, .T. ) ;
#8702 = ORIENTED_EDGE ( 'NONE', *, *, #719, .F. ) ;
#8703 = DIRECTION ( 'NONE',  ( 0.7014534268891475800, -0.08923614685469501200, -0.7071067811865465700 ) ) ;
#8704 = DIRECTION ( 'NONE',  ( -0.1033761435547758700, -0.8126028824749383900, -0.5735764363510447200 ) ) ;
#8705 = EDGE_CURVE ( 'NONE', #9675, #5761, #1762, .T. ) ;
#8706 = DIRECTION ( 'NONE',  ( 0.1261989691358260700, 0.9920049496797154200, 0.0000000000000000000 ) ) ;
#8707 = VERTEX_POINT ( 'NONE', #5001 ) ;
#8708 = AXIS2_PLACEMENT_3D ( 'NONE', #6960, #5305, #6149 ) ;
#8709 = LINE ( 'NONE', #4941, #2948 ) ;
#8710 = VERTEX_POINT ( 'NONE', #2376 ) ;
#8711 = ORIENTED_EDGE ( 'NONE', *, *, #11175, .T. ) ;
#8712 = ORIENTED_EDGE ( 'NONE', *, *, #10200, .F. ) ;
#8714 = DIRECTION ( 'NONE',  ( -1.000000000000000000, 0.0000000000000000000, -0.0000000000000000000 ) ) ;
#8713 = DIRECTION ( 'NONE',  ( -0.8660254037844383700, 0.5000000000000004400, 1.368103964075528900E-015 ) ) ;
#8715 = SURFACE_SIDE_STYLE ('',( #10978 ) ) ;
#8716 = ORIENTED_EDGE ( 'NONE', *, *, #2304, .F. ) ;
#8717 = CARTESIAN_POINT ( 'NONE',  ( -9.999999999999996400, 8.000000000000000000, 15.80000000000000100 ) ) ;
#8718 = DIRECTION ( 'NONE',  ( 0.6846169860849556900, 0.3601944209030646400, 0.6336872742246426600 ) ) ;
#8719 = ORIENTED_EDGE ( 'NONE', *, *, #6685, .F. ) ;
#8720 = ORIENTED_EDGE ( 'NONE', *, *, #1023, .F. ) ;
#8721 = FACE_OUTER_BOUND ( 'NONE', #7875, .T. ) ;
#8722 = VERTEX_POINT ( 'NONE', #7605 ) ;
#8723 = DIRECTION ( 'NONE',  ( -0.0000000000000000000, 0.0000000000000000000, -1.000000000000000000 ) ) ;
#8724 = ORIENTED_EDGE ( 'NONE', *, *, #785, .F. ) ;
#8725 = EDGE_CURVE ( 'NONE', #3066, #3423, #9040, .T. ) ;
#8726 = EDGE_CURVE ( 'NONE', #1834, #8803, #10824, .T. ) ;
#8727 = DIRECTION ( 'NONE',  ( 0.0000000000000000000, 1.000000000000000000, 0.0000000000000000000 ) ) ;
#8728 = PLANE ( 'NONE',  #7103 ) ;
#8729 = ORIENTED_EDGE ( 'NONE', *, *, #3909, .T. ) ;
#8730 = DIRECTION ( 'NONE',  ( -1.000000000000000000, 0.0000000000000000000, 1.079143686455245600E-015 ) ) ;
#8731 = MECHANICAL_DESIGN_GEOMETRIC_PRESENTATION_REPRESENTATION (  '', ( #5799 ), #9910 ) ;
#8732 = ORIENTED_EDGE ( 'NONE', *, *, #2063, .T. ) ;
#8733 = TOROIDAL_SURFACE ( 'NONE', #4380, 0.1999999999999994300, 0.5000000000000000000 ) ;
#8734 = VECTOR ( 'NONE', #5526, 1000.000000000000000 ) ;
#8735 = ORIENTED_EDGE ( 'NONE', *, *, #6084, .T. ) ;
#8736 = CARTESIAN_POINT ( 'NONE',  ( 8.350000000000116900, 7.949999999999998400, 17.60000000000000100 ) ) ;
#8737 = CARTESIAN_POINT ( 'NONE',  ( -8.350000000000001400, 8.000000000000000000, 8.450000000000113000 ) ) ;
#8738 = ADVANCED_FACE ( 'NONE', ( #7005, #1485 ), #4928, .F. ) ;
#8739 = DIRECTION ( 'NONE',  ( -5.583261179213479200E-016, -0.0000000000000000000, -1.000000000000000000 ) ) ;
#8740 = ORIENTED_EDGE ( 'NONE', *, *, #735, .F. ) ;
#8741 = ORIENTED_EDGE ( 'NONE', *, *, #1554, .F. ) ;
#8742 = CIRCLE ( 'NONE', #4010, 7.874999999999994700 ) ;
#8743 = CIRCLE ( 'NONE', #8353, 7.674999999999998000 ) ;
#8744 = EDGE_CURVE ( 'NONE', #4751, #1210, #1080, .T. ) ;
#8745 = ORIENTED_EDGE ( 'NONE', *, *, #890, .F. ) ;
#8746 = DIRECTION ( 'NONE',  ( 0.0000000000000000000, -1.000000000000000000, 0.0000000000000000000 ) ) ;
#8747 = AXIS2_PLACEMENT_3D ( 'NONE', #10546, #9772, #2802 ) ;
#8748 = DIRECTION ( 'NONE',  ( -0.0000000000000000000, -0.0000000000000000000, 1.000000000000000000 ) ) ;
#8749 = LINE ( 'NONE', #10219, #1191 ) ;
#8750 = AXIS2_PLACEMENT_3D ( 'NONE', #9986, #7681, #4094 ) ;
#8751 = ORIENTED_EDGE ( 'NONE', *, *, #5144, .F. ) ;
#8752 = DIRECTION ( 'NONE',  ( -1.000000000000000000, 0.0000000000000000000, -0.0000000000000000000 ) ) ;
#8753 = VECTOR ( 'NONE', #9341, 1000.000000000000000 ) ;
#8754 = CARTESIAN_POINT ( 'NONE',  ( 7.350000000000001400, 1.600000000000000300, 10.94999999999999900 ) ) ;
#8755 = VERTEX_POINT ( 'NONE', #9365 ) ;
#8756 = DIRECTION ( 'NONE',  ( -1.000000000000000000, 1.084202172485503800E-015, 0.0000000000000000000 ) ) ;
#8757 = LINE ( 'NONE', #5111, #3413 ) ;
#8758 = FACE_OUTER_BOUND ( 'NONE', #10024, .T. ) ;
#8759 = DIRECTION ( 'NONE',  ( 1.000000000000000000, -0.0000000000000000000, 1.032573497605241700E-016 ) ) ;
#8760 = LINE ( 'NONE', #1367, #4947 ) ;
#8761 = EDGE_CURVE ( 'NONE', #5636, #330, #112, .T. ) ;
#8762 = FACE_OUTER_BOUND ( 'NONE', #9386, .T. ) ;
#8763 = EDGE_CURVE ( 'NONE', #7574, #8021, #10687, .T. ) ;
#8764 = VERTEX_POINT ( 'NONE', #8408 ) ;
#8765 = CARTESIAN_POINT ( 'NONE',  ( -8.350000000000001400, 0.4000000000000001900, 5.100000000000114200 ) ) ;
#8766 = AXIS2_PLACEMENT_3D ( 'NONE', #200, #5443, #4534 ) ;
#8767 = ADVANCED_FACE ( 'NONE', ( #6717 ), #8443, .F. ) ;
#8768 = LINE ( 'NONE', #6982, #3706 ) ;
#8769 = VERTEX_POINT ( 'NONE', #6725 ) ;
#8770 = VECTOR ( 'NONE', #4674, 1000.000000000000000 ) ;
#8771 = DIRECTION ( 'NONE',  ( 1.000000000000000000, 0.0000000000000000000, 0.0000000000000000000 ) ) ;
#8772 = LINE ( 'NONE', #2337, #5485 ) ;
#8773 = DIRECTION ( 'NONE',  ( 1.000000000000000000, 0.0000000000000000000, 0.0000000000000000000 ) ) ;
#8774 = LINE ( 'NONE', #10623, #1907 ) ;
#8775 = ORIENTED_EDGE ( 'NONE', *, *, #5938, .F. ) ;
#8776 = LINE ( 'NONE', #2134, #7134 ) ;
#8777 = CARTESIAN_POINT ( 'NONE',  ( -6.222683255526518100, 6.608551715565566200, -7.754566230642138800 ) ) ;
#8778 = ORIENTED_EDGE ( 'NONE', *, *, #7072, .T. ) ;
#8779 = EDGE_CURVE ( 'NONE', #10621, #2841, #6168, .T. ) ;
#8780 = VECTOR ( 'NONE', #6845, 1000.000000000000000 ) ;
#8781 = DIRECTION ( 'NONE',  ( 0.0000000000000000000, 1.000000000000000000, 0.0000000000000000000 ) ) ;
#8782 = CARTESIAN_POINT ( 'NONE',  ( -9.999999999999996400, 8.000000000000000000, 0.0000000000000000000 ) ) ;
#8783 = CARTESIAN_POINT ( 'NONE',  ( 0.0000000000000000000, 0.4000000000000000200, 0.0000000000000000000 ) ) ;
#8784 = CARTESIAN_POINT ( 'NONE',  ( -7.950000000000000200, 1.600000000000000100, 4.700000000000001100 ) ) ;
#8785 = EDGE_LOOP ( 'NONE', ( #4480, #8312, #3515, #6591 ) ) ;
#8786 = LINE ( 'NONE', #7039, #2461 ) ;
#8787 = ORIENTED_EDGE ( 'NONE', *, *, #10067, .F. ) ;
#8788 = DIRECTION ( 'NONE',  ( -1.032573497605241700E-016, -0.0000000000000000000, 1.000000000000000000 ) ) ;
#8789 = LINE ( 'NONE', #10904, #9065 ) ;
#8790 = VERTEX_POINT ( 'NONE', #5073 ) ;
#8791 = CARTESIAN_POINT ( 'NONE',  ( 8.347213595500074100, 8.000000000000000000, 12.45000000000000300 ) ) ;
#8792 = CARTESIAN_POINT ( 'NONE',  ( 4.496595934704383300, 8.000000000000032000, -10.94999999999999900 ) ) ;
#8793 = EDGE_CURVE ( 'NONE', #7849, #2777, #8772, .T. ) ;
#8794 = CARTESIAN_POINT ( 'NONE',  ( 8.350000000000131100, 8.400000000000000400, 14.70000000000000100 ) ) ;
#8795 = EDGE_LOOP ( 'NONE', ( #6356, #1547, #2524, #3287, #9964 ) ) ;
#8796 = EDGE_CURVE ( 'NONE', #1427, #980, #8374, .T. ) ;
#8797 = VERTEX_POINT ( 'NONE', #5035 ) ;
#8798 = ADVANCED_FACE ( 'NONE', ( #9195 ), #8501, .T. ) ;
#8799 = ORIENTED_EDGE ( 'NONE', *, *, #5857, .F. ) ;
#8800 = CARTESIAN_POINT ( 'NONE',  ( -5.855099340000199600, 12.76922561389160500, 12.45000000000011300 ) ) ;
#8801 = VECTOR ( 'NONE', #9533, 1000.000000000000000 ) ;
#8802 = ORIENTED_EDGE ( 'NONE', *, *, #2185, .T. ) ;
#8803 = VERTEX_POINT ( 'NONE', #11161 ) ;
#8804 = VERTEX_POINT ( 'NONE', #5914 ) ;
#8805 = CARTESIAN_POINT ( 'NONE',  ( -9.999999999999996400, -3.349999999999998800, 16.70000000000011700 ) ) ;
#8806 = ORIENTED_EDGE ( 'NONE', *, *, #11080, .T. ) ;
#8807 = CARTESIAN_POINT ( 'NONE',  ( 5.045029801309486700, 11.08120390084730500, -7.932195697510267400 ) ) ;
#8808 = PLANE ( 'NONE',  #9639 ) ;
#8809 = VERTEX_POINT ( 'NONE', #1521 ) ;
#8810 = FACE_OUTER_BOUND ( 'NONE', #4066, .T. ) ;
#8811 = VERTEX_POINT ( 'NONE', #5946 ) ;
#8812 = EDGE_CURVE ( 'NONE', #6948, #5875, #5896, .T. ) ;
#8813 = CARTESIAN_POINT ( 'NONE',  ( -4.897361323415060100, 4.313026792763163400, -7.922534543251182400 ) ) ;
#8814 = VERTEX_POINT ( 'NONE', #4051 ) ;
#8815 = AXIS2_PLACEMENT_3D ( 'NONE', #1887, #9828, #9764 ) ;
#8816 = AXIS2_PLACEMENT_3D ( 'NONE', #7577, #4937, #2272 ) ;
#8817 = ORIENTED_EDGE ( 'NONE', *, *, #8115, .T. ) ;
#8818 = CARTESIAN_POINT ( 'NONE',  ( -2.353588504818000500, 13.82222592120723300, -7.690227792808152600 ) ) ;
#8819 = DIRECTION ( 'NONE',  ( -1.000000000000000000, 0.0000000000000000000, 0.0000000000000000000 ) ) ;
#8820 = VECTOR ( 'NONE', #9363, 1000.000000000000000 ) ;
#8821 = VERTEX_POINT ( 'NONE', #10434 ) ;
#8822 = CARTESIAN_POINT ( 'NONE',  ( 6.821110876396486900, 10.56081502909854400, 14.70000000000011700 ) ) ;
#8823 = VERTEX_POINT ( 'NONE', #7535 ) ;
#8824 = DIRECTION ( 'NONE',  ( -1.000000000000000000, 0.0000000000000000000, 0.0000000000000000000 ) ) ;
#8825 = EDGE_CURVE ( 'NONE', #1502, #5151, #6864, .T. ) ;
#8826 =( LENGTH_UNIT ( ) NAMED_UNIT ( * ) SI_UNIT ( .MILLI., .METRE. ) );
#8827 = ORIENTED_EDGE ( 'NONE', *, *, #8512, .T. ) ;
#8828 = DIRECTION ( 'NONE',  ( 1.000000000000000000, 0.0000000000000000000, 0.0000000000000000000 ) ) ;
#8829 = AXIS2_PLACEMENT_3D ( 'NONE', #8690, #4340, #2441 ) ;
#8830 = DIRECTION ( 'NONE',  ( -0.4265687399014589400, 0.9044551454543676700, -0.0000000000000000000 ) ) ;
#8831 = DIRECTION ( 'NONE',  ( 0.4999999999999996100, -0.8660254037844388200, 0.0000000000000000000 ) ) ;
#8832 = AXIS2_PLACEMENT_3D ( 'NONE', #7579, #10949, #9338 ) ;
#8833 = FACE_OUTER_BOUND ( 'NONE', #397, .T. ) ;
#8834 = ORIENTED_EDGE ( 'NONE', *, *, #6923, .T. ) ;
#8835 = EDGE_LOOP ( 'NONE', ( #9404, #5835, #6063, #8284 ) ) ;
#8836 = DIRECTION ( 'NONE',  ( 0.9920049496797154200, -0.1261989691358265700, 1.531799377548433800E-018 ) ) ;
#8837 = VERTEX_POINT ( 'NONE', #4392 ) ;
#8838 = CARTESIAN_POINT ( 'NONE',  ( 0.0000000000000000000, 7.825000000000000200, 0.0000000000000000000 ) ) ;
#8839 = CARTESIAN_POINT ( 'NONE',  ( 7.950000000000000200, 1.600000000000000100, 4.950000000000000200 ) ) ;
#8840 = LINE ( 'NONE', #8150, #5013 ) ;
#8841 = EDGE_CURVE ( 'NONE', #9362, #8213, #4260, .T. ) ;
#8842 = EDGE_LOOP ( 'NONE', ( #3291, #4039, #10867, #9077 ) ) ;
#8843 = CARTESIAN_POINT ( 'NONE',  ( 4.016308949537889600, 12.86300068292124800, -7.689874850355520800 ) ) ;
#8844 = CARTESIAN_POINT ( 'NONE',  ( -4.832135734971188900, 11.53794763439791800, 3.700000000000113900 ) ) ;
#8845 = ORIENTED_EDGE ( 'NONE', *, *, #10873, .F. ) ;
#8846 =( BOUNDED_CURVE ( )  B_SPLINE_CURVE ( 3, ( #1135, #9049, #9204, #3035 ),
 .UNSPECIFIED., .F., .F. ) 
 B_SPLINE_CURVE_WITH_KNOTS ( ( 4, 4 ),
 ( 5.672320068981572500, 6.283185307179586200 ),
 .UNSPECIFIED. ) 
 CURVE ( )  GEOMETRIC_REPRESENTATION_ITEM ( )  RATIONAL_B_SPLINE_CURVE ( ( 1.000000000000000000, 0.9691446338321514400, 0.9691446338321514400, 1.000000000000000000 ) ) 
 REPRESENTATION_ITEM ( '' )  );
#8847 = ORIENTED_EDGE ( 'NONE', *, *, #992, .F. ) ;
#8848 = DIRECTION ( 'NONE',  ( 1.000000000000000000, 0.0000000000000000000, 0.0000000000000000000 ) ) ;
#8849 = ADVANCED_FACE ( 'NONE', ( #3154 ), #716, .T. ) ;
#8850 = EDGE_LOOP ( 'NONE', ( #9759, #8729, #3905, #3380 ) ) ;
#8851 = LINE ( 'NONE', #3298, #3652 ) ;
#8852 = ORIENTED_EDGE ( 'NONE', *, *, #3388, .F. ) ;
#8853 = CARTESIAN_POINT ( 'NONE',  ( -7.950000000000000200, 8.000000000000000000, 15.80000000000011600 ) ) ;
#8854 = CARTESIAN_POINT ( 'NONE',  ( -6.924999999999993600, 7.825000000000012600, -6.399999999999979900 ) ) ;
#8855 = EDGE_LOOP ( 'NONE', ( #10081, #5137, #9951, #4566 ) ) ;
#8856 = CARTESIAN_POINT ( 'NONE',  ( 10.00000000000000700, 0.0000000000000000000, 20.85000000000000100 ) ) ;
#8857 = DIRECTION ( 'NONE',  ( -0.0000000000000000000, -1.000000000000000000, -0.0000000000000000000 ) ) ;
#8858 = EDGE_CURVE ( 'NONE', #5382, #5172, #7945, .T. ) ;
#8859 = DIRECTION ( 'NONE',  ( 0.0000000000000000000, -1.000000000000000000, 0.0000000000000000000 ) ) ;
#8860 = AXIS2_PLACEMENT_3D ( 'NONE', #1666, #4342, #5143 ) ;
#8861 = EDGE_CURVE ( 'NONE', #8021, #4564, #10290, .T. ) ;
#8862 = EDGE_LOOP ( 'NONE', ( #3660, #9118, #4130, #530 ) ) ;
#8863 = FACE_OUTER_BOUND ( 'NONE', #4182, .T. ) ;
#8864 = VECTOR ( 'NONE', #4687, 1000.000000000000000 ) ;
#8865 = EDGE_LOOP ( 'NONE', ( #3374, #4024, #5156, #1985, #8745, #4171, #7091, #7919, #10460, #6857, #10853, #5832 ) ) ;
#8866 = APPLICATION_PROTOCOL_DEFINITION ( 'draft international standard', 'automotive_design', 1998, #881 ) ;
#8867 = DIRECTION ( 'NONE',  ( 0.0000000000000000000, 0.0000000000000000000, -1.000000000000000000 ) ) ;
#8868 = DIRECTION ( 'NONE',  ( -0.0000000000000000000, -0.0000000000000000000, 1.000000000000000000 ) ) ;
#8869 = DIRECTION ( 'NONE',  ( -0.0000000000000000000, -0.0000000000000000000, 1.000000000000000000 ) ) ;
#8870 = ORIENTED_EDGE ( 'NONE', *, *, #4653, .T. ) ;
#8871 = PLANE ( 'NONE',  #5198 ) ;
#8872 = ORIENTED_EDGE ( 'NONE', *, *, #5540, .F. ) ;
#8873 = VECTOR ( 'NONE', #3430, 1000.000000000000000 ) ;
#8874 = LINE ( 'NONE', #4132, #10651 ) ;
#8875 = ADVANCED_FACE ( 'NONE', ( #5069 ), #4311, .F. ) ;
#8876 = EDGE_CURVE ( 'NONE', #10455, #5265, #98, .T. ) ;
#8878 = DIRECTION ( 'NONE',  ( 0.0000000000000000000, 0.0000000000000000000, -1.000000000000000000 ) ) ;
#8877 = DIRECTION ( 'NONE',  ( 5.193444290204190200E-016, -9.404822749580276000E-017, -1.000000000000000000 ) ) ;
#8879 = COLOUR_RGB ( '',0.7921568627450980000, 0.8196078431372548800, 0.9333333333333333500 ) ;
#8880 = CARTESIAN_POINT ( 'NONE',  ( -5.493317281818449700, 12.93985310985218700, 14.70000000000011700 ) ) ;
#8881 = EDGE_CURVE ( 'NONE', #7770, #3719, #2859, .T. ) ;
#8882 = CARTESIAN_POINT ( 'NONE',  ( -7.673004626611401600, 8.000000000000000000, 0.0000000000000000000 ) ) ;
#8883 = DIRECTION ( 'NONE',  ( 0.0000000000000000000, 1.000000000000000000, -3.469446951953622500E-015 ) ) ;
#8884 = AXIS2_PLACEMENT_3D ( 'NONE', #4269, #867, #10397 ) ;
#8885 = VECTOR ( 'NONE', #1166, 1000.000000000000000 ) ;
#8886 = ORIENTED_EDGE ( 'NONE', *, *, #3935, .T. ) ;
#8887 = ORIENTED_EDGE ( 'NONE', *, *, #9697, .T. ) ;
#8888 = VECTOR ( 'NONE', #1133, 999.9999999999998900 ) ;
#8889 = FACE_OUTER_BOUND ( 'NONE', #7453, .T. ) ;
#8890 = FACE_OUTER_BOUND ( 'NONE', #4884, .T. ) ;
#8891 = DIRECTION ( 'NONE',  ( -3.502725030463851400E-018, -2.753366839191349100E-017, -1.000000000000000000 ) ) ;
#8892 = ORIENTED_EDGE ( 'NONE', *, *, #3292, .T. ) ;
#8893 = CARTESIAN_POINT ( 'NONE',  ( -3.210233636357315800, 8.000000000000000000, 14.60000000000000000 ) ) ;
#8894 = DIRECTION ( 'NONE',  ( 0.0000000000000000000, 1.000000000000000000, 0.0000000000000000000 ) ) ;
#8895 = EDGE_CURVE ( 'NONE', #11407, #5412, #4249, .T. ) ;
#8896 = LINE ( 'NONE', #3247, #7120 ) ;
#8897 = CARTESIAN_POINT ( 'NONE',  ( -6.850000000000002300, 12.30000000000000100, 8.450000000000113000 ) ) ;
#8898 = EDGE_LOOP ( 'NONE', ( #9510, #8571, #2722, #7900, #11349, #10598, #1828, #181, #1585, #7691, #10192, #11284, #7658, #5877, #4965, #6267 ) ) ;
#8899 = AXIS2_PLACEMENT_3D ( 'NONE', #6601, #6675, #8509 ) ;
#8900 = VECTOR ( 'NONE', #3636, 1000.000000000000000 ) ;
#8901 = CARTESIAN_POINT ( 'NONE',  ( -8.450000000000001100, 8.136921960083562100, 10.81307803991655300 ) ) ;
#8902 = LINE ( 'NONE', #1611, #3846 ) ;
#8903 = LINE ( 'NONE', #833, #3976 ) ;
#8904 = PLANE ( 'NONE',  #3637 ) ;
#8905 = FACE_OUTER_BOUND ( 'NONE', #276, .T. ) ;
#8906 = DIRECTION ( 'NONE',  ( 1.000000000000000000, 0.0000000000000000000, 0.0000000000000000000 ) ) ;
#8907 = ORIENTED_EDGE ( 'NONE', *, *, #3533, .F. ) ;
#8908 = DIRECTION ( 'NONE',  ( -1.000000000000000000, 0.0000000000000000000, 6.608470384673556900E-016 ) ) ;
#8909 = VECTOR ( 'NONE', #9353, 1000.000000000000000 ) ;
#8910 = DIRECTION ( 'NONE',  ( -1.000000000000000000, 0.0000000000000000000, -0.0000000000000000000 ) ) ;
#8911 = ORIENTED_EDGE ( 'NONE', *, *, #3992, .F. ) ;
#8912 = ADVANCED_FACE ( 'NONE', ( #8360 ), #1068, .T. ) ;
#8913 = LINE ( 'NONE', #1815, #2315 ) ;
#8914 = VECTOR ( 'NONE', #9288, 1000.000000000000000 ) ;
#8915 = EDGE_CURVE ( 'NONE', #1184, #7417, #8903, .T. ) ;
#8916 = VECTOR ( 'NONE', #1874, 1000.000000000000000 ) ;
#8917 = AXIS2_PLACEMENT_3D ( 'NONE', #9359, #4922, #531 ) ;
#8918 = ORIENTED_EDGE ( 'NONE', *, *, #11115, .T. ) ;
#8920 = CARTESIAN_POINT ( 'NONE',  ( -7.950000000000000200, 0.4000000000000001900, 17.60000000000011500 ) ) ;
#8919 = DIRECTION ( 'NONE',  ( -1.000000000000000000, 0.0000000000000000000, 0.0000000000000000000 ) ) ;
#8921 = COLOUR_RGB ( '',0.2509803921568627400, 0.2509803921568627400, 0.2509803921568627400 ) ;
#8922 = VERTEX_POINT ( 'NONE', #1598 ) ;
#8923 = DIRECTION ( 'NONE',  ( -0.0000000000000000000, -1.000000000000000000, -0.0000000000000000000 ) ) ;
#8924 = CARTESIAN_POINT ( 'NONE',  ( -5.402871767273012400, 12.98250998384233400, 10.72639320225013500 ) ) ;
#8926 = CARTESIAN_POINT ( 'NONE',  ( 8.309113651749971300, 1.883021205966708900, 17.20000000000000300 ) ) ;
#8925 = VECTOR ( 'NONE', #11060, 1000.000000000000000 ) ;
#8927 = VERTEX_POINT ( 'NONE', #793 ) ;
#8928 = CARTESIAN_POINT ( 'NONE',  ( -8.350000000000001400, 0.4000000000000001900, 15.80000000000011600 ) ) ;
#8929 = EDGE_CURVE ( 'NONE', #6633, #9646, #7539, .T. ) ;
#8930 = ORIENTED_EDGE ( 'NONE', *, *, #7344, .T. ) ;
#8931 = CARTESIAN_POINT ( 'NONE',  ( -7.950000000000000200, -1.843908891458577100, 17.60000000000011500 ) ) ;
#8932 = CARTESIAN_POINT ( 'NONE',  ( 0.0000000000000000000, 3.600000000000000100, 0.0000000000000000000 ) ) ;
#8933 = DIRECTION ( 'NONE',  ( -1.000000000000000000, 0.0000000000000000000, -0.0000000000000000000 ) ) ;
#8934 = FACE_OUTER_BOUND ( 'NONE', #8935, .T. ) ;
#8935 = EDGE_LOOP ( 'NONE', ( #9434, #2298, #4621, #9317, #6123 ) ) ;
#8936 = DIRECTION ( 'NONE',  ( 1.000000000000000000, 0.0000000000000000000, 0.0000000000000000000 ) ) ;
#8937 = ORIENTED_EDGE ( 'NONE', *, *, #4502, .F. ) ;
#8938 = ORIENTED_EDGE ( 'NONE', *, *, #9250, .F. ) ;
#8939 = CARTESIAN_POINT ( 'NONE',  ( -1.740153877978051700, 9.399998989646013200, 4.200000000000113900 ) ) ;
#8940 = EDGE_LOOP ( 'NONE', ( #3799, #1709, #40, #1779, #8817, #9303 ) ) ;
#8941 = CARTESIAN_POINT ( 'NONE',  ( 4.194641597934187300, 9.923166996255266900, 1.245207478481771500E-015 ) ) ;
#8942 = VECTOR ( 'NONE', #8079, 1000.000000000000000 ) ;
#8943 = EDGE_CURVE ( 'NONE', #7317, #8638, #6853, .T. ) ;
#8944 = EDGE_LOOP ( 'NONE', ( #6239, #6619 ) ) ;
#8945 = CARTESIAN_POINT ( 'NONE',  ( -8.350000000000001400, 9.360147050873548500, 3.450000000000000600 ) ) ;
#8946 = EDGE_CURVE ( 'NONE', #7209, #4378, #3417, .T. ) ;
#8947 = MECHANICAL_DESIGN_GEOMETRIC_PRESENTATION_REPRESENTATION (  '', ( #3226 ), #10351 ) ;
#8948 = ORIENTED_EDGE ( 'NONE', *, *, #35, .T. ) ;
#8949 = VECTOR ( 'NONE', #714, 1000.000000000000000 ) ;
#8950 = VERTEX_POINT ( 'NONE', #7748 ) ;
#8951 = CARTESIAN_POINT ( 'NONE',  ( -8.350000000000001400, -3.349999999999998800, 4.850000000000117800 ) ) ;
#8952 = ORIENTED_EDGE ( 'NONE', *, *, #8895, .T. ) ;
#8953 = CARTESIAN_POINT ( 'NONE',  ( 8.350000000000068900, 8.400000000000000400, 12.45000000000000100 ) ) ;
#8954 = DIRECTION ( 'NONE',  ( 0.0000000000000000000, -1.000000000000000000, 0.0000000000000000000 ) ) ;
#8955 = DIRECTION ( 'NONE',  ( -2.496005001405477600E-016, -0.0000000000000000000, -1.000000000000000000 ) ) ;
#8956 = ORIENTED_EDGE ( 'NONE', *, *, #11367, .T. ) ;
#8957 = EDGE_CURVE ( 'NONE', #8560, #7351, #11370, .T. ) ;
#8958 = DIRECTION ( 'NONE',  ( 0.0000000000000000000, 0.0000000000000000000, -1.000000000000000000 ) ) ;
#8959 = ORIENTED_EDGE ( 'NONE', *, *, #4488, .F. ) ;
#8960 = CYLINDRICAL_SURFACE ( 'NONE', #325, 3.214999999999999900 ) ;
#8961 = EDGE_LOOP ( 'NONE', ( #4316, #2339, #3650, #8265 ) ) ;
#8962 = ORIENTED_EDGE ( 'NONE', *, *, #9567, .F. ) ;
#8963 = ADVANCED_FACE ( 'NONE', ( #6579 ), #3501, .F. ) ;
#8964 = DIRECTION ( 'NONE',  ( 0.0000000000000000000, -0.0000000000000000000, 1.000000000000000000 ) ) ;
#8965 = DIRECTION ( 'NONE',  ( 1.000000000000000000, 0.0000000000000000000, 0.0000000000000000000 ) ) ;
#8966 = VERTEX_POINT ( 'NONE', #2607 ) ;
#8967 = DIRECTION ( 'NONE',  ( 0.0000000000000000000, 0.0000000000000000000, -1.000000000000000000 ) ) ;
#8968 = PLANE ( 'NONE',  #2830 ) ;
#8969 = LINE ( 'NONE', #6772, #6651 ) ;
#8970 = ORIENTED_EDGE ( 'NONE', *, *, #11207, .T. ) ;
#8971 = ORIENTED_EDGE ( 'NONE', *, *, #9998, .T. ) ;
#8972 = EDGE_CURVE ( 'NONE', #7725, #1231, #10675, .T. ) ;
#8973 = CARTESIAN_POINT ( 'NONE',  ( 3.210233636357327400, 8.000000000000023100, 2.100000000000000100 ) ) ;
#8974 = AXIS2_PLACEMENT_3D ( 'NONE', #1256, #7330, #3849 ) ;
#8975 = EDGE_LOOP ( 'NONE', ( #4631, #9761 ) ) ;
#8976 = CARTESIAN_POINT ( 'NONE',  ( -4.832135734971188900, 11.53794763439791800, 3.700000000000113900 ) ) ;
#8977 = CARTESIAN_POINT ( 'NONE',  ( -8.350000000000001400, 0.4000000000000001900, 3.550000000000001200 ) ) ;
#8978 = AXIS2_PLACEMENT_3D ( 'NONE', #5348, #8868, #8756 ) ;
#8979 = DIRECTION ( 'NONE',  ( 0.0000000000000000000, 0.0000000000000000000, -1.000000000000000000 ) ) ;
#8980 = ORIENTED_EDGE ( 'NONE', *, *, #9685, .T. ) ;
#8981 = VECTOR ( 'NONE', #2198, 1000.000000000000000 ) ;
#8982 = EDGE_LOOP ( 'NONE', ( #9215, #11324 ) ) ;
#8983 = ORIENTED_EDGE ( 'NONE', *, *, #4144, .T. ) ;
#8984 = ADVANCED_FACE ( 'NONE', ( #3015 ), #4522, .T. ) ;
#8986 = CARTESIAN_POINT ( 'NONE',  ( -4.808410434011671300, 11.65487620520117000, 10.04563617577965600 ) ) ;
#8985 = CARTESIAN_POINT ( 'NONE',  ( 7.950000000000000200, -3.350000000000085800, 17.35000000000011500 ) ) ;
#8987 = EDGE_LOOP ( 'NONE', ( #7323, #6058, #10931, #8751, #6696, #4291, #1052, #10905 ) ) ;
#8988 = PLANE ( 'NONE',  #3183 ) ;
#8989 = EDGE_CURVE ( 'NONE', #1026, #5263, #1618, .T. ) ;
#8990 = CARTESIAN_POINT ( 'NONE',  ( -5.785801914072513000, 9.798148964711620200, -7.880698157726646600 ) ) ;
#8991 = ORIENTED_EDGE ( 'NONE', *, *, #2189, .F. ) ;
#8992 = DIRECTION ( 'NONE',  ( 0.0000000000000000000, 0.0000000000000000000, -1.000000000000000000 ) ) ;
#8993 = VERTEX_POINT ( 'NONE', #49 ) ;
#8994 = DIRECTION ( 'NONE',  ( 0.0000000000000000000, 1.000000000000000000, 0.0000000000000000000 ) ) ;
#8995 = FACE_OUTER_BOUND ( 'NONE', #3220, .T. ) ;
#8996 = VERTEX_POINT ( 'NONE', #9806 ) ;
#8997 = EDGE_LOOP ( 'NONE', ( #3136, #6985, #8006, #10984 ) ) ;
#8998 = DIRECTION ( 'NONE',  ( -0.2830212059666767400, 0.9591136517499727600, 0.0000000000000000000 ) ) ;
#8999 = ADVANCED_FACE ( 'NONE', ( #3143 ), #3585, .F. ) ;
#9000 = DIRECTION ( 'NONE',  ( 0.0000000000000000000, 0.5766660201766968800, -0.8169799882332305900 ) ) ;
#9001 = CARTESIAN_POINT ( 'NONE',  ( 1.224791270491731200, 9.627646017810292300, 10.45000000000011500 ) ) ;
#9002 = ORIENTED_EDGE ( 'NONE', *, *, #5074, .F. ) ;
#9003 = DIRECTION ( 'NONE',  ( 1.000000000000000000, 0.0000000000000000000, 0.0000000000000000000 ) ) ;
#9004 = FACE_OUTER_BOUND ( 'NONE', #8518, .T. ) ;
#9005 = VECTOR ( 'NONE', #10023, 1000.000000000000100 ) ;
#9006 = ORIENTED_EDGE ( 'NONE', *, *, #9762, .T. ) ;
#9007 = DIRECTION ( 'NONE',  ( 0.0000000000000000000, 0.0000000000000000000, -1.000000000000000000 ) ) ;
#9008 = EDGE_CURVE ( 'NONE', #6546, #9436, #9310, .T. ) ;
#9009 = CARTESIAN_POINT ( 'NONE',  ( -8.350000000000001400, 8.000000000000000000, 17.20000000000011300 ) ) ;
#9010 = AXIS2_PLACEMENT_3D ( 'NONE', #3302, #4125, #605 ) ;
#9011 = EDGE_CURVE ( 'NONE', #4476, #4320, #6990, .T. ) ;
#9012 = CARTESIAN_POINT ( 'NONE',  ( -1.176764153946479500, 9.486566750274775500, 16.74586259163664100 ) ) ;
#9013 = ORIENTED_EDGE ( 'NONE', *, *, #3195, .F. ) ;
#9014 = PLANE ( 'NONE',  #11252 ) ;
#9015 = VERTEX_POINT ( 'NONE', #1908 ) ;
#9016 = DIRECTION ( 'NONE',  ( 1.000000000000000000, -0.0000000000000000000, 0.0000000000000000000 ) ) ;
#9017 = FACE_OUTER_BOUND ( 'NONE', #557, .T. ) ;
#9018 = LINE ( 'NONE', #5234, #4100 ) ;
#9019 = DIRECTION ( 'NONE',  ( -0.0000000000000000000, -0.0000000000000000000, 1.000000000000000000 ) ) ;
#9020 = VECTOR ( 'NONE', #10110, 1000.000000000000000 ) ;
#9021 = VERTEX_POINT ( 'NONE', #1863 ) ;
#9022 = FACE_OUTER_BOUND ( 'NONE', #8554, .T. ) ;
#9023 = VERTEX_POINT ( 'NONE', #3656 ) ;
#9024 = LINE ( 'NONE', #8063, #10139 ) ;
#9025 = EDGE_CURVE ( 'NONE', #8594, #2951, #7259, .T. ) ;
#9026 = CARTESIAN_POINT ( 'NONE',  ( 7.950000000000000200, 9.360147050873548500, 17.19999999999999900 ) ) ;
#9027 = CARTESIAN_POINT ( 'NONE',  ( -8.350000000000001400, 1.599999999999999900, 11.10000000000000300 ) ) ;
#9028 = EDGE_CURVE ( 'NONE', #2794, #3079, #8074, .T. ) ;
#9029 = VECTOR ( 'NONE', #1291, 1000.000000000000000 ) ;
#9030 = CARTESIAN_POINT ( 'NONE',  ( -8.350000000000001400, 1.600000000000000100, 17.20000000000000300 ) ) ;
#9031 = DIRECTION ( 'NONE',  ( -1.000000000000000000, -0.0000000000000000000, -0.0000000000000000000 ) ) ;
#9032 = LINE ( 'NONE', #2000, #5610 ) ;
#9033 = MECHANICAL_DESIGN_GEOMETRIC_PRESENTATION_REPRESENTATION (  '', ( #8448 ), #6542 ) ;
#9034 = ORIENTED_EDGE ( 'NONE', *, *, #4782, .T. ) ;
#9035 = VECTOR ( 'NONE', #7400, 1000.000000000000000 ) ;
#9036 = VERTEX_POINT ( 'NONE', #7901 ) ;
#9037 = VERTEX_POINT ( 'NONE', #4424 ) ;
#9038 = VECTOR ( 'NONE', #8637, 1000.000000000000000 ) ;
#9039 = VECTOR ( 'NONE', #2903, 1000.000000000000000 ) ;
#9040 = LINE ( 'NONE', #8487, #4665 ) ;
#9041 = DIRECTION ( 'NONE',  ( -2.168404344971008900E-016, 0.0000000000000000000, -1.000000000000000000 ) ) ;
#9042 = CARTESIAN_POINT ( 'NONE',  ( -6.924999999999997200, 7.825000000000002000, -6.399999999999994100 ) ) ;
#9043 = VECTOR ( 'NONE', #7226, 1000.000000000000000 ) ;
#9044 = CARTESIAN_POINT ( 'NONE',  ( -5.000000000000004400, 3.600000000000000100, 9.449999999999994000 ) ) ;
#9045 = EDGE_CURVE ( 'NONE', #2225, #1028, #940, .T. ) ;
#9046 = ADVANCED_FACE ( 'NONE', ( #4934 ), #4494, .T. ) ;
#9047 = DIRECTION ( 'NONE',  ( -1.000000000000000000, 0.0000000000000000000, 0.0000000000000000000 ) ) ;
#9048 = ORIENTED_EDGE ( 'NONE', *, *, #7787, .T. ) ;
#9049 = CARTESIAN_POINT ( 'NONE',  ( 3.061838949330783200, 8.826730281731135700, 16.94247939767546600 ) ) ;
#9050 = AXIS2_PLACEMENT_3D ( 'NONE', #2550, #3410, #7816 ) ;
#9051 = VECTOR ( 'NONE', #2176, 1000.000000000000000 ) ;
#9052 = CARTESIAN_POINT ( 'NONE',  ( 6.648974508221138900, 9.207712619315408600, 14.70000000000011500 ) ) ;
#9053 = AXIS2_PLACEMENT_3D ( 'NONE', #9159, #6561, #3957 ) ;
#9054 = ORIENTED_EDGE ( 'NONE', *, *, #65, .T. ) ;
#9055 = DIRECTION ( 'NONE',  ( -0.0000000000000000000, -0.0000000000000000000, 1.000000000000000000 ) ) ;
#9056 = LINE ( 'NONE', #4060, #3583 ) ;
#9057 = CARTESIAN_POINT ( 'NONE',  ( -4.578274166955052300E-015, 7.825000000000000200, -8.199999999999999300 ) ) ;
#9058 = DIRECTION ( 'NONE',  ( 0.0000000000000000000, 1.000000000000000000, 0.0000000000000000000 ) ) ;
#9059 = ADVANCED_FACE ( 'NONE', ( #4649 ), #9724, .T. ) ;
#9060 = DIRECTION ( 'NONE',  ( -1.000000000000000000, 0.0000000000000000000, 0.0000000000000000000 ) ) ;
#9061 = VECTOR ( 'NONE', #3814, 1000.000000000000000 ) ;
#9062 = DIRECTION ( 'NONE',  ( 0.0000000000000000000, 0.0000000000000000000, -1.000000000000000000 ) ) ;
#9063 = ORIENTED_EDGE ( 'NONE', *, *, #6374, .F. ) ;
#9064 = EDGE_CURVE ( 'NONE', #2776, #288, #11236, .T. ) ;
#9065 = VECTOR ( 'NONE', #5629, 1000.000000000000000 ) ;
#9066 = VERTEX_POINT ( 'NONE', #985 ) ;
#9067 = EDGE_CURVE ( 'NONE', #2691, #6091, #2582, .T. ) ;
#9068 = CARTESIAN_POINT ( 'NONE',  ( -3.215000000000004300, 7.825000000000000200, -7.899999999999988800 ) ) ;
#9069 = DIRECTION ( 'NONE',  ( 0.0000000000000000000, 1.000000000000000000, 0.0000000000000000000 ) ) ;
#9070 = LINE ( 'NONE', #5242, #4015 ) ;
#9071 = CARTESIAN_POINT ( 'NONE',  ( 1.195506840486542500, 9.397451589815954500, 10.10283320606802200 ) ) ;
#9072 = ORIENTED_EDGE ( 'NONE', *, *, #5054, .T. ) ;
#9073 = CARTESIAN_POINT ( 'NONE',  ( 5.259229042602730800E-015, 8.000000000000000000, 1.949999999999993500 ) ) ;
#9074 = LINE ( 'NONE', #10641, #8942 ) ;
#9075 = ORIENTED_EDGE ( 'NONE', *, *, #242, .T. ) ;
#9076 = CARTESIAN_POINT ( 'NONE',  ( -7.950000000000000200, 1.599999999999999900, 4.850000000000003200 ) ) ;
#9077 = ORIENTED_EDGE ( 'NONE', *, *, #5246, .T. ) ;
#9078 = EDGE_CURVE ( 'NONE', #10554, #5401, #10963, .T. ) ;
#9079 = ADVANCED_FACE ( 'NONE', ( #5753 ), #6323, .F. ) ;
#9080 = AXIS2_PLACEMENT_3D ( 'NONE', #4035, #5757, #3071 ) ;
#9081 = VERTEX_POINT ( 'NONE', #3806 ) ;
#9082 =( NAMED_UNIT ( * ) PLANE_ANGLE_UNIT ( ) SI_UNIT ( $, .RADIAN. ) );
#9083 = CARTESIAN_POINT ( 'NONE',  ( -1.734723475976801200E-015, 7.825000000000000200, -6.399999999999994100 ) ) ;
#9084 = ORIENTED_EDGE ( 'NONE', *, *, #1827, .T. ) ;
#9085 = CARTESIAN_POINT ( 'NONE',  ( 5.950000000000002000, 8.900000000000000400, 4.400000000000114000 ) ) ;
#9086 = PLANE ( 'NONE',  #2615 ) ;
#9087 = CARTESIAN_POINT ( 'NONE',  ( 7.950000000000000200, 8.000000000000000000, 11.10000000000011700 ) ) ;
#9088 = ORIENTED_EDGE ( 'NONE', *, *, #7461, .F. ) ;
#9089 = DIRECTION ( 'NONE',  ( -2.496005001405477600E-016, -0.0000000000000000000, -1.000000000000000000 ) ) ;
#9090 = ORIENTED_EDGE ( 'NONE', *, *, #486, .F. ) ;
#9091 = DIRECTION ( 'NONE',  ( -3.614007241618350200E-016, 0.0000000000000000000, 1.000000000000000000 ) ) ;
#9092 = VERTEX_POINT ( 'NONE', #1173 ) ;
#9093 = CARTESIAN_POINT ( 'NONE',  ( 4.403554195056584400E-014, 7.825000000000000200, 22.67500000000000400 ) ) ;
#9094 = DIRECTION ( 'NONE',  ( 1.579750383876801700E-015, 0.0000000000000000000, 1.000000000000000000 ) ) ;
#9095 = VECTOR ( 'NONE', #9432, 1000.000000000000000 ) ;
#9096 = EDGE_LOOP ( 'NONE', ( #3603, #7593, #7937, #4435 ) ) ;
#9097 = EDGE_CURVE ( 'NONE', #9827, #5761, #234, .T. ) ;
#9098 = ORIENTED_EDGE ( 'NONE', *, *, #769, .F. ) ;
#9099 = EDGE_CURVE ( 'NONE', #932, #2101, #7676, .T. ) ;
#9100 = DIRECTION ( 'NONE',  ( 0.0000000000000000000, -0.0000000000000000000, 1.000000000000000000 ) ) ;
#9101 = AXIS2_PLACEMENT_3D ( 'NONE', #1448, #8482, #11275 ) ;
#9102 = ADVANCED_FACE ( 'NONE', ( #1348 ), #8121, .T. ) ;
#9103 = ORIENTED_EDGE ( 'NONE', *, *, #4470, .T. ) ;
#9105 = CARTESIAN_POINT ( 'NONE',  ( 7.300000000000002500, 8.000000000000000000, 5.100000000000000500 ) ) ;
#9104 = DIRECTION ( 'NONE',  ( 0.0000000000000000000, 1.000000000000000000, 0.0000000000000000000 ) ) ;
#9106 = CIRCLE ( 'NONE', #6171, 4.499999999999999100 ) ;
#9107 = VERTEX_POINT ( 'NONE', #10848 ) ;
#9108 = DIRECTION ( 'NONE',  ( 1.000000000000000000, 0.0000000000000000000, -0.0000000000000000000 ) ) ;
#9109 = DIRECTION ( 'NONE',  ( 0.0000000000000000000, 0.0000000000000000000, 1.000000000000000000 ) ) ;
#9110 = ORIENTED_EDGE ( 'NONE', *, *, #2686, .F. ) ;
#9111 = CARTESIAN_POINT ( 'NONE',  ( 3.646209105255879600E-015, 7.825000000000000200, 0.05000000000000056500 ) ) ;
#9112 = EDGE_CURVE ( 'NONE', #4985, #1798, #8620, .T. ) ;
#9113 = VERTEX_POINT ( 'NONE', #2952 ) ;
#9114 = CARTESIAN_POINT ( 'NONE',  ( -8.450000000000001100, 8.223606797749978300, 16.42360679775009300 ) ) ;
#9115 = ADVANCED_FACE ( 'NONE', ( #7409 ), #3886, .T. ) ;
#9116 = AXIS2_PLACEMENT_3D ( 'NONE', #3235, #10297, #11244 ) ;
#9117 = VECTOR ( 'NONE', #9957, 1000.000000000000000 ) ;
#9118 = ORIENTED_EDGE ( 'NONE', *, *, #8779, .T. ) ;
#9119 = VERTEX_POINT ( 'NONE', #7331 ) ;
#9120 = CARTESIAN_POINT ( 'NONE',  ( -5.493317281818449700, 12.93985310985218700, 16.20000000000011300 ) ) ;
#9121 = DIRECTION ( 'NONE',  ( 0.4265687399014593800, -0.9044551454543674500, -0.0000000000000000000 ) ) ;
#9122 = VERTEX_POINT ( 'NONE', #9085 ) ;
#9123 = DIRECTION ( 'NONE',  ( 0.0000000000000000000, 0.0000000000000000000, 1.000000000000000000 ) ) ;
#9124 = EDGE_CURVE ( 'NONE', #7545, #4595, #10414, .T. ) ;
#9125 = CARTESIAN_POINT ( 'NONE',  ( 4.999999999999995600, 3.600000000000000100, 18.75000000000000400 ) ) ;
#9126 = EDGE_LOOP ( 'NONE', ( #7755, #10358, #6918, #5811 ) ) ;
#9127 = CIRCLE ( 'NONE', #9080, 5.500000000000006200 ) ;
#9128 = EDGE_CURVE ( 'NONE', #7111, #6559, #380, .T. ) ;
#9129 = ORIENTED_EDGE ( 'NONE', *, *, #2338, .T. ) ;
#9130 = ORIENTED_EDGE ( 'NONE', *, *, #9778, .T. ) ;
#9131 = DIRECTION ( 'NONE',  ( 0.0000000000000000000, 0.0000000000000000000, -1.000000000000000000 ) ) ;
#9132 = DIRECTION ( 'NONE',  ( 1.000000000000000000, 0.0000000000000000000, 0.0000000000000000000 ) ) ;
#9133 = AXIS2_PLACEMENT_3D ( 'NONE', #10895, #10176, #375 ) ;
#9134 = DIRECTION ( 'NONE',  ( -1.000000000000000000, 0.0000000000000000000, 5.519574696289844800E-016 ) ) ;
#9135 = AXIS2_PLACEMENT_3D ( 'NONE', #2157, #3245, #1190 ) ;
#9136 = CARTESIAN_POINT ( 'NONE',  ( 6.997055580779380600, 9.566654908446548000, 12.45000000000011300 ) ) ;
#9137 = CARTESIAN_POINT ( 'NONE',  ( 8.350000000000001400, 1.600000000000000100, 3.450000000000000600 ) ) ;
#9138 = ORIENTED_EDGE ( 'NONE', *, *, #7328, .F. ) ;
#9139 = CARTESIAN_POINT ( 'NONE',  ( -7.816565650898846800E-016, 7.825000000000000200, -1.399999999999995900 ) ) ;
#9140 = ORIENTED_EDGE ( 'NONE', *, *, #10049, .T. ) ;
#9141 = VECTOR ( 'NONE', #2708, 1000.000000000000000 ) ;
#9142 = CIRCLE ( 'NONE', #4540, 0.3000000000000001600 ) ;
#9143 = ORIENTED_EDGE ( 'NONE', *, *, #5551, .T. ) ;
#9144 = PLANE ( 'NONE',  #10154 ) ;
#9145 = ADVANCED_FACE ( 'NONE', ( #5996 ), #5160, .T. ) ;
#9146 = DIRECTION ( 'NONE',  ( -1.000000000000000000, 0.0000000000000000000, 0.0000000000000000000 ) ) ;
#9147 = EDGE_CURVE ( 'NONE', #3510, #8118, #4806, .T. ) ;
#9148 = CARTESIAN_POINT ( 'NONE',  ( 5.499999999999994700, 7.825000000000000200, 3.986533033862039000E-016 ) ) ;
#9149 = DIRECTION ( 'NONE',  ( 0.0000000000000000000, 1.000000000000000000, 0.0000000000000000000 ) ) ;
#9150 = AXIS2_PLACEMENT_3D ( 'NONE', #10747, #5503, #7272 ) ;
#9151 = DIRECTION ( 'NONE',  ( -0.4265687399014594400, 0.9044551454543675600, 0.0000000000000000000 ) ) ;
#9152 = ORIENTED_EDGE ( 'NONE', *, *, #10286, .T. ) ;
#9153 = ORIENTED_EDGE ( 'NONE', *, *, #2325, .T. ) ;
#9154 = VECTOR ( 'NONE', #6422, 1000.000000000000000 ) ;
#9155 = LINE ( 'NONE', #8208, #10936 ) ;
#9156 = PLANE ( 'NONE',  #6437 ) ;
#9157 = DIRECTION ( 'NONE',  ( 1.000000000000000000, 0.0000000000000000000, 0.0000000000000000000 ) ) ;
#9158 = PLANE ( 'NONE',  #8974 ) ;
#9159 = CARTESIAN_POINT ( 'NONE',  ( 7.300000000000002500, 8.000000000000000000, 5.100000000000000500 ) ) ;
#9160 = ADVANCED_FACE ( 'NONE', ( #788 ), #10540, .F. ) ;
#9161 = CIRCLE ( 'NONE', #7958, 1.000000000000000900 ) ;
#9162 = VECTOR ( 'NONE', #555, 1000.000000000000000 ) ;
#9163 = ORIENTED_EDGE ( 'NONE', *, *, #3041, .F. ) ;
#9164 = CARTESIAN_POINT ( 'NONE',  ( 7.950000000000000200, 8.000000000000000000, 9.550000000000000700 ) ) ;
#9165 = EDGE_LOOP ( 'NONE', ( #4056, #9561 ) ) ;
#9166 = VECTOR ( 'NONE', #5335, 1000.000000000000000 ) ;
#9167 = EDGE_CURVE ( 'NONE', #10447, #9580, #9859, .T. ) ;
#9168 = VECTOR ( 'NONE', #3165, 1000.000000000000000 ) ;
#9169 = DIRECTION ( 'NONE',  ( 5.193444290204190200E-016, -9.404822749580276000E-017, -1.000000000000000000 ) ) ;
#9170 = EDGE_CURVE ( 'NONE', #2356, #2671, #1470, .T. ) ;
#9171 = CARTESIAN_POINT ( 'NONE',  ( -7.299999999999995400, 0.0000000000000000000, 11.35000000000000100 ) ) ;
#9172 = FACE_OUTER_BOUND ( 'NONE', #9692, .T. ) ;
#9173 = DIRECTION ( 'NONE',  ( -1.000000000000000000, 0.0000000000000000000, 0.0000000000000000000 ) ) ;
#9174 = CARTESIAN_POINT ( 'NONE',  ( -9.999999999999996400, 8.000000000000000000, 3.300000000000000700 ) ) ;
#9175 = FACE_OUTER_BOUND ( 'NONE', #656, .T. ) ;
#9176 = DIRECTION ( 'NONE',  ( -5.583261179213479200E-016, 0.0000000000000000000, -1.000000000000000000 ) ) ;
#9177 = DIRECTION ( 'NONE',  ( 1.000000000000000000, 0.0000000000000000000, 0.0000000000000000000 ) ) ;
#9178 = ADVANCED_FACE ( 'NONE', ( #3274 ), #10801, .T. ) ;
#9179 = VERTEX_POINT ( 'NONE', #1096 ) ;
#9180 = CARTESIAN_POINT ( 'NONE',  ( -5.000000000000004400, 3.600000000000000100, 18.74999999999999600 ) ) ;
#9181 = FACE_OUTER_BOUND ( 'NONE', #102, .T. ) ;
#9182 = FACE_OUTER_BOUND ( 'NONE', #26, .T. ) ;
#9183 = CIRCLE ( 'NONE', #11179, 7.874999999999994700 ) ;
#9184 = VECTOR ( 'NONE', #4569, 1000.000000000000000 ) ;
#9185 = CARTESIAN_POINT ( 'NONE',  ( -7.950000000000000200, 8.000000000000000000, 11.35000000000011300 ) ) ;
#9186 = VECTOR ( 'NONE', #6017, 1000.000000000000000 ) ;
#9187 = ORIENTED_EDGE ( 'NONE', *, *, #4346, .F. ) ;
#9188 = EDGE_CURVE ( 'NONE', #1813, #1013, #3563, .T. ) ;
#9189 = FACE_OUTER_BOUND ( 'NONE', #5672, .T. ) ;
#9190 = ORIENTED_EDGE ( 'NONE', *, *, #2799, .F. ) ;
#9191 = CARTESIAN_POINT ( 'NONE',  ( -8.414611063213548900, 8.057789891777611400, 10.00778989177772400 ) ) ;
#9192 = EDGE_CURVE ( 'NONE', #2517, #3055, #11381, .T. ) ;
#9193 = CARTESIAN_POINT ( 'NONE',  ( -7.950000000000000200, 0.4000000000000001900, 11.10000000000000300 ) ) ;
#9194 = CIRCLE ( 'NONE', #4732, 7.874999999999996400 ) ;
#9196 = PLANE ( 'NONE',  #3689 ) ;
#9195 = FACE_OUTER_BOUND ( 'NONE', #7165, .T. ) ;
#9197 = VERTEX_POINT ( 'NONE', #9887 ) ;
#9198 = DIRECTION ( 'NONE',  ( -0.7014534268891456900, 0.08923614685469430400, -0.7071067811865485700 ) ) ;
#9199 = EDGE_LOOP ( 'NONE', ( #10752, #10658, #9988, #704 ) ) ;
#9200 = CARTESIAN_POINT ( 'NONE',  ( -7.950000000000000200, 1.600000000000000100, 15.95000000000000300 ) ) ;
#9201 = CARTESIAN_POINT ( 'NONE',  ( -8.350000000000001400, 1.600000000000000100, 4.950000000000000200 ) ) ;
#9202 = VECTOR ( 'NONE', #3870, 1000.000000000000000 ) ;
#9203 = EDGE_CURVE ( 'NONE', #2808, #1102, #2710, .T. ) ;
#9204 = CARTESIAN_POINT ( 'NONE',  ( 3.004255071646475500, 8.796433938085819200, 16.82411183594568600 ) ) ;
#9205 = UNCERTAINTY_MEASURE_WITH_UNIT (LENGTH_MEASURE( 1.000000000000000100E-005 ), #1841, 'distance_accuracy_value', 'NONE');
#9206 = AXIS2_PLACEMENT_3D ( 'NONE', #2374, #7637, #5983 ) ;
#9207 = CARTESIAN_POINT ( 'NONE',  ( 4.750000000000132300, 8.000000000000000000, 14.70000000000000100 ) ) ;
#9208 = FACE_OUTER_BOUND ( 'NONE', #11029, .T. ) ;
#9209 = CARTESIAN_POINT ( 'NONE',  ( -8.309113651749974800, 1.883021205966680000, 4.700000000000002000 ) ) ;
#9210 = ORIENTED_EDGE ( 'NONE', *, *, #4426, .F. ) ;
#9211 = LINE ( 'NONE', #7788, #6883 ) ;
#9212 = VERTEX_POINT ( 'NONE', #3187 ) ;
#9213 = PLANE ( 'NONE',  #7379 ) ;
#9214 = ORIENTED_EDGE ( 'NONE', *, *, #7954, .T. ) ;
#9215 = ORIENTED_EDGE ( 'NONE', *, *, #1844, .F. ) ;
#9216 = EDGE_CURVE ( 'NONE', #9179, #2203, #9999, .T. ) ;
#9217 = VERTEX_POINT ( 'NONE', #7249 ) ;
#9218 = DIRECTION ( 'NONE',  ( 0.0000000000000000000, 0.0000000000000000000, -1.000000000000000000 ) ) ;
#9219 = EDGE_LOOP ( 'NONE', ( #4335, #10295, #5587, #10209 ) ) ;
#9220 = ADVANCED_FACE ( 'NONE', ( #9712 ), #5056, .T. ) ;
#9221 = FACE_OUTER_BOUND ( 'NONE', #8471, .T. ) ;
#9222 = ORIENTED_EDGE ( 'NONE', *, *, #10652, .T. ) ;
#9223 = CARTESIAN_POINT ( 'NONE',  ( 6.648974508221138900, 9.207712619315408600, 8.450000000000113000 ) ) ;
#9224 = ORIENTED_EDGE ( 'NONE', *, *, #926, .T. ) ;
#9225 = CARTESIAN_POINT ( 'NONE',  ( -7.950000000000000200, 3.100000000000000500, 3.700000000000000600 ) ) ;
#9226 = DIRECTION ( 'NONE',  ( 1.000000000000000000, 0.0000000000000000000, 0.0000000000000000000 ) ) ;
#9227 = VERTEX_POINT ( 'NONE', #8396 ) ;
#9228 = CARTESIAN_POINT ( 'NONE',  ( 7.300000000000002500, 8.000000000000000000, 3.300000000000000700 ) ) ;
#9229 = DIRECTION ( 'NONE',  ( -5.583261179213480200E-016, 0.0000000000000000000, -1.000000000000000000 ) ) ;
#9230 = ORIENTED_EDGE ( 'NONE', *, *, #6272, .F. ) ;
#9231 = DIRECTION ( 'NONE',  ( 1.000000000000000000, 0.0000000000000000000, 0.0000000000000000000 ) ) ;
#9232 = ADVANCED_FACE ( 'NONE', ( #4668, #5608 ), #6636, .T. ) ;
#9233 = LINE ( 'NONE', #7636, #3901 ) ;
#9234 = EDGE_CURVE ( 'NONE', #8594, #8056, #10274, .T. ) ;
#9235 = ORIENTED_EDGE ( 'NONE', *, *, #1474, .T. ) ;
#9236 = VERTEX_POINT ( 'NONE', #2211 ) ;
#9237 = AXIS2_PLACEMENT_3D ( 'NONE', #862, #11382, #2600 ) ;
#9238 = DIRECTION ( 'NONE',  ( -0.4265687399014594400, 0.9044551454543675600, -0.0000000000000000000 ) ) ;
#9239 =( NAMED_UNIT ( * ) PLANE_ANGLE_UNIT ( ) SI_UNIT ( $, .RADIAN. ) );
#9240 = DIRECTION ( 'NONE',  ( -1.579750383876801700E-015, -0.0000000000000000000, -1.000000000000000000 ) ) ;
#9241 = ORIENTED_EDGE ( 'NONE', *, *, #8972, .F. ) ;
#9242 = CARTESIAN_POINT ( 'NONE',  ( -3.927680589516822100, 11.96451637429937500, 14.70000000000011700 ) ) ;
#9243 = CARTESIAN_POINT ( 'NONE',  ( -8.150000000000000400, 12.30000000000000100, 16.42360679775009300 ) ) ;
#9244 = DIRECTION ( 'NONE',  ( -1.000000000000000000, 0.0000000000000000000, 5.507058653894630800E-016 ) ) ;
#9245 = ORIENTED_EDGE ( 'NONE', *, *, #10348, .T. ) ;
#9246 = PLANE ( 'NONE',  #7160 ) ;
#9247 = ORIENTED_EDGE ( 'NONE', *, *, #5644, .T. ) ;
#9248 = ORIENTED_EDGE ( 'NONE', *, *, #638, .T. ) ;
#9249 = CARTESIAN_POINT ( 'NONE',  ( 7.950000000000000200, 0.4000000000000001900, 11.35000000000000100 ) ) ;
#9250 = EDGE_CURVE ( 'NONE', #6645, #893, #5331, .T. ) ;
#9251 = CARTESIAN_POINT ( 'NONE',  ( -6.850000000000002300, 12.30000000000000100, 8.450000000000113000 ) ) ;
#9252 = EDGE_CURVE ( 'NONE', #9113, #5937, #367, .T. ) ;
#9253 = LINE ( 'NONE', #7916, #11309 ) ;
#9254 = ORIENTED_EDGE ( 'NONE', *, *, #2271, .F. ) ;
#9255 = DIRECTION ( 'NONE',  ( 0.0000000000000000000, 0.0000000000000000000, -1.000000000000000000 ) ) ;
#9256 = ORIENTED_EDGE ( 'NONE', *, *, #4761, .T. ) ;
#9257 = AXIS2_PLACEMENT_3D ( 'NONE', #4294, #591, #3404 ) ;
#9259 = CARTESIAN_POINT ( 'NONE',  ( 6.997055580779380600, 9.566654908446548000, 8.450000000000113000 ) ) ;
#9258 = DIRECTION ( 'NONE',  ( -0.0000000000000000000, -0.0000000000000000000, 1.000000000000000000 ) ) ;
#9260 = VERTEX_POINT ( 'NONE', #3921 ) ;
#9261 = CARTESIAN_POINT ( 'NONE',  ( 8.350000000000001400, 0.4000000000000001900, 11.10000000000011700 ) ) ;
#9262 = CARTESIAN_POINT ( 'NONE',  ( -8.450000000000001100, 8.000000000000000000, 16.97639320225013600 ) ) ;
#9263 = VERTEX_POINT ( 'NONE', #8323 ) ;
#9264 = CARTESIAN_POINT ( 'NONE',  ( -8.450000000000001100, 8.136921960083562100, 3.836921960083675500 ) ) ;
#9265 = CIRCLE ( 'NONE', #5552, 0.4500000000000007300 ) ;
#9266 = VERTEX_POINT ( 'NONE', #8362 ) ;
#9267 = ORIENTED_EDGE ( 'NONE', *, *, #6297, .T. ) ;
#9268 = EDGE_CURVE ( 'NONE', #8451, #9407, #2318, .T. ) ;
#9269 = CARTESIAN_POINT ( 'NONE',  ( 8.350000000000001400, -1.843908891458577100, 11.35000000000000100 ) ) ;
#9270 = AXIS2_PLACEMENT_3D ( 'NONE', #9836, #6435, #4592 ) ;
#9271 = ORIENTED_EDGE ( 'NONE', *, *, #10212, .F. ) ;
#9272 = AXIS2_PLACEMENT_3D ( 'NONE', #5162, #8532, #11291 ) ;
#9273 = DIRECTION ( 'NONE',  ( -5.583261179213480200E-016, 0.0000000000000000000, -1.000000000000000000 ) ) ;
#9274 = VERTEX_POINT ( 'NONE', #9201 ) ;
#9275 = ORIENTED_EDGE ( 'NONE', *, *, #6272, .T. ) ;
#9276 = VECTOR ( 'NONE', #206, 1000.000000000000000 ) ;
#9277 = VERTEX_POINT ( 'NONE', #520 ) ;
#9278 = ADVANCED_FACE ( 'NONE', ( #648 ), #7444, .F. ) ;
#9279 = CARTESIAN_POINT ( 'NONE',  ( -2.610512356868663500, 10.78889192452703600, 12.50000000000000000 ) ) ;
#9280 = EDGE_LOOP ( 'NONE', ( #5182, #10708, #4756, #3527 ) ) ;
#9281 = DIRECTION ( 'NONE',  ( -0.0000000000000000000, -0.0000000000000000000, 1.000000000000000000 ) ) ;
#9282 = EDGE_CURVE ( 'NONE', #4590, #1561, #1205, .T. ) ;
#9283 = ORIENTED_EDGE ( 'NONE', *, *, #1328, .T. ) ;
#9284 = VECTOR ( 'NONE', #1226, 1000.000000000000000 ) ;
#9285 = VECTOR ( 'NONE', #293, 1000.000000000000000 ) ;
#9286 = ORIENTED_EDGE ( 'NONE', *, *, #10381, .F. ) ;
#9287 = DIRECTION ( 'NONE',  ( -1.000000000000000000, 0.0000000000000000000, 5.583261179213477200E-016 ) ) ;
#9288 = DIRECTION ( 'NONE',  ( 0.0000000000000000000, 1.000000000000000000, 0.0000000000000000000 ) ) ;
#9289 = DIRECTION ( 'NONE',  ( -2.111837275102199700E-016, 0.0000000000000000000, 1.000000000000000000 ) ) ;
#9290 = CARTESIAN_POINT ( 'NONE',  ( -8.309113651749974800, 1.883021205966680000, 10.95000000000000100 ) ) ;
#9291 = EDGE_LOOP ( 'NONE', ( #1871, #2165, #4371, #6212 ) ) ;
#9292 = ORIENTED_EDGE ( 'NONE', *, *, #636, .T. ) ;
#9293 = CIRCLE ( 'NONE', #2506, 2.999999999999998200 ) ;
#9294 = LINE ( 'NONE', #7003, #3950 ) ;
#9295 = SURFACE_SIDE_STYLE ('',( #5197 ) ) ;
#9296 = SURFACE_STYLE_USAGE ( .BOTH. , #3171 ) ;
#9297 = EDGE_CURVE ( 'NONE', #9649, #4017, #4402, .T. ) ;
#9298 = CARTESIAN_POINT ( 'NONE',  ( 7.950000000000000200, 9.360147050873548500, 16.19999999999999900 ) ) ;
#9299 = DIRECTION ( 'NONE',  ( -0.9920049496797155300, 0.1261989691358260900, 0.0000000000000000000 ) ) ;
#9300 = CYLINDRICAL_SURFACE ( 'NONE', #10930, 0.9999999999999983300 ) ;
#9301 = AXIS2_PLACEMENT_3D ( 'NONE', #797, #1719, #6029 ) ;
#9302 = DIRECTION ( 'NONE',  ( 1.000000000000000000, 0.0000000000000000000, 0.0000000000000000000 ) ) ;
#9303 = ORIENTED_EDGE ( 'NONE', *, *, #5419, .F. ) ;
#9304 = VECTOR ( 'NONE', #6773, 1000.000000000000000 ) ;
#9305 = DIRECTION ( 'NONE',  ( -0.4265687399014593800, 0.9044551454543674500, 0.0000000000000000000 ) ) ;
#9306 = ORIENTED_EDGE ( 'NONE', *, *, #9028, .F. ) ;
#9307 = VECTOR ( 'NONE', #6684, 1000.000000000000000 ) ;
#9308 = LINE ( 'NONE', #3358, #1345 ) ;
#9309 = VECTOR ( 'NONE', #6535, 1000.000000000000000 ) ;
#9310 = LINE ( 'NONE', #5303, #2303 ) ;
#9311 = DIRECTION ( 'NONE',  ( 0.7014534268891456900, -0.08923614685469430400, -0.7071067811865485700 ) ) ;
#9312 = VECTOR ( 'NONE', #9790, 1000.000000000000000 ) ;
#9313 = DIRECTION ( 'NONE',  ( 1.000000000000000000, 0.0000000000000000000, 0.0000000000000000000 ) ) ;
#9314 = LINE ( 'NONE', #10993, #3278 ) ;
#9315 = DIRECTION ( 'NONE',  ( 0.1261989691358260700, 0.9920049496797155300, 0.0000000000000000000 ) ) ;
#9316 = ORIENTED_EDGE ( 'NONE', *, *, #8915, .F. ) ;
#9317 = ORIENTED_EDGE ( 'NONE', *, *, #8244, .F. ) ;
#9318 = EDGE_CURVE ( 'NONE', #1382, #9066, #9441, .T. ) ;
#9319 = CARTESIAN_POINT ( 'NONE',  ( -7.299999999999995400, 8.000000000000000000, 17.60000000000000100 ) ) ;
#9320 = VECTOR ( 'NONE', #6383, 1000.000000000000000 ) ;
#9321 = PRODUCT_DEFINITION_FORMATION_WITH_SPECIFIED_SOURCE ( 'ANY', '', #7001, .NOT_KNOWN. ) ;
#9322 = FACE_OUTER_BOUND ( 'NONE', #547, .T. ) ;
#9323 = LINE ( 'NONE', #2102, #4401 ) ;
#9324 = VECTOR ( 'NONE', #4956, 1000.000000000000000 ) ;
#9325 = DIRECTION ( 'NONE',  ( 0.0000000000000000000, 0.0000000000000000000, 1.000000000000000000 ) ) ;
#9326 = DIRECTION ( 'NONE',  ( -1.579750383876800900E-015, 0.0000000000000000000, -1.000000000000000000 ) ) ;
#9327 = CARTESIAN_POINT ( 'NONE',  ( 1.195506840486542300, 9.397451589815954500, -2.879138655913817300E-016 ) ) ;
#9328 = DIRECTION ( 'NONE',  ( 0.0000000000000000000, 0.0000000000000000000, 1.000000000000000000 ) ) ;
#9329 = FACE_OUTER_BOUND ( 'NONE', #7886, .T. ) ;
#9330 = EDGE_LOOP ( 'NONE', ( #9813, #5397, #9687, #3538 ) ) ;
#9331 = DIRECTION ( 'NONE',  ( 0.0000000000000000000, 0.0000000000000000000, -1.000000000000000000 ) ) ;
#9332 = LINE ( 'NONE', #9259, #5227 ) ;
#9333 = ADVANCED_FACE ( 'NONE', ( #2597 ), #1327, .F. ) ;
#9334 = EDGE_CURVE ( 'NONE', #2258, #2147, #3835, .T. ) ;
#9336 = CARTESIAN_POINT ( 'NONE',  ( 8.350000000000001400, 1.599999999999912600, 17.44999999999999600 ) ) ;
#9335 = CARTESIAN_POINT ( 'NONE',  ( 8.350000000000001400, 1.599999999999912600, 16.19999999999999900 ) ) ;
#9337 = VERTEX_POINT ( 'NONE', #11038 ) ;
#9338 = DIRECTION ( 'NONE',  ( 0.0000000000000000000, 0.0000000000000000000, 1.000000000000000000 ) ) ;
#9339 = AXIS2_PLACEMENT_3D ( 'NONE', #4223, #1510, #6900 ) ;
#9340 = DIRECTION ( 'NONE',  ( 0.0000000000000000000, 1.000000000000000000, 0.0000000000000000000 ) ) ;
#9341 = DIRECTION ( 'NONE',  ( -0.0000000000000000000, -1.000000000000000000, -0.0000000000000000000 ) ) ;
#9342 = ORIENTED_EDGE ( 'NONE', *, *, #3041, .T. ) ;
#9343 = CARTESIAN_POINT ( 'NONE',  ( 7.874999999999987600, 7.825000000000002000, -8.200000000000004600 ) ) ;
#9344 = CIRCLE ( 'NONE', #4277, 1.499999999999999600 ) ;
#9345 = VERTEX_POINT ( 'NONE', #5713 ) ;
#9346 =( BOUNDED_CURVE ( )  B_SPLINE_CURVE ( 3, ( #6255, #8127, #167, #9009 ),
 .UNSPECIFIED., .F., .F. ) 
 B_SPLINE_CURVE_WITH_KNOTS ( ( 4, 4 ),
 ( 1.570796326794896600, 2.411864997362824300 ),
 .UNSPECIFIED. ) 
 CURVE ( )  GEOMETRIC_REPRESENTATION_ITEM ( )  RATIONAL_B_SPLINE_CURVE ( ( 1.000000000000000000, 0.9419139527835183000, 0.9419139527835183000, 1.000000000000000000 ) ) 
 REPRESENTATION_ITEM ( '' )  );
#9347 = VECTOR ( 'NONE', #6038, 1000.000000000000000 ) ;
#9348 = PLANE ( 'NONE',  #422 ) ;
#9349 = EDGE_CURVE ( 'NONE', #4213, #6235, #8760, .T. ) ;
#9350 = ORIENTED_EDGE ( 'NONE', *, *, #3026, .T. ) ;
#9351 = CARTESIAN_POINT ( 'NONE',  ( 1.105825268713746200E-015, 7.825000000000000200, 1.734723475976807100E-015 ) ) ;
#9352 = EDGE_CURVE ( 'NONE', #7233, #10331, #7397, .T. ) ;
#9353 = DIRECTION ( 'NONE',  ( 1.032573497605242200E-016, 0.0000000000000000000, -1.000000000000000000 ) ) ;
#9354 = VECTOR ( 'NONE', #2003, 1000.000000000000000 ) ;
#9355 = ORIENTED_EDGE ( 'NONE', *, *, #10985, .T. ) ;
#9356 = CARTESIAN_POINT ( 'NONE',  ( -2.860270609150313600, 10.41744139280553200, 14.70000000000011700 ) ) ;
#9357 = AXIS2_PLACEMENT_3D ( 'NONE', #7824, #9430, #10360 ) ;
#9358 = ORIENTED_EDGE ( 'NONE', *, *, #9668, .T. ) ;
#9359 = CARTESIAN_POINT ( 'NONE',  ( 6.946575993125049900, 9.169852928574661300, 5.900000000000115800 ) ) ;
#9360 = ORIENTED_EDGE ( 'NONE', *, *, #7607, .T. ) ;
#9361 = PLANE ( 'NONE',  #7810 ) ;
#9362 = VERTEX_POINT ( 'NONE', #3328 ) ;
#9363 = DIRECTION ( 'NONE',  ( -1.000000000000000000, -0.0000000000000000000, -0.0000000000000000000 ) ) ;
#9364 = DIRECTION ( 'NONE',  ( -1.000000000000000000, 0.0000000000000000000, 5.577888990279125800E-016 ) ) ;
#9365 = CARTESIAN_POINT ( 'NONE',  ( 7.950000000000000200, 1.599999999999999900, 4.700000000000001100 ) ) ;
#9366 = VERTEX_POINT ( 'NONE', #11182 ) ;
#9367 = PLANE ( 'NONE',  #1831 ) ;
#9368 = EDGE_CURVE ( 'NONE', #7644, #564, #6720, .T. ) ;
#9369 = CARTESIAN_POINT ( 'NONE',  ( 7.900000000000114900, 8.400000000000000400, 8.450000000000001100 ) ) ;
#9370 = ORIENTED_EDGE ( 'NONE', *, *, #8946, .F. ) ;
#9372 = DIRECTION ( 'NONE',  ( 1.000000000000000000, 0.0000000000000000000, -0.0000000000000000000 ) ) ;
#9371 = CARTESIAN_POINT ( 'NONE',  ( 7.874999999999989300, 7.825000000000002000, -8.200000000000004600 ) ) ;
#9373 = DIRECTION ( 'NONE',  ( 0.0000000000000000000, 1.000000000000000000, 0.0000000000000000000 ) ) ;
#9374 = LINE ( 'NONE', #7422, #9647 ) ;
#9375 = ORIENTED_EDGE ( 'NONE', *, *, #8796, .F. ) ;
#9376 = CARTESIAN_POINT ( 'NONE',  ( -7.950000000000000200, 3.100000000000000500, 9.950000000000001100 ) ) ;
#9377 = ORIENTED_EDGE ( 'NONE', *, *, #10616, .T. ) ;
#9378 = VERTEX_POINT ( 'NONE', #2359 ) ;
#9379 = ORIENTED_EDGE ( 'NONE', *, *, #7430, .T. ) ;
#9380 = CARTESIAN_POINT ( 'NONE',  ( -0.5723153489772224700, 1.827774078792768100, -7.920609600931535400 ) ) ;
#9381 = EDGE_CURVE ( 'NONE', #3937, #6564, #7008, .T. ) ;
#9382 = LINE ( 'NONE', #10518, #7060 ) ;
#9383 = VERTEX_POINT ( 'NONE', #1473 ) ;
#9384 = EDGE_CURVE ( 'NONE', #10900, #9649, #4387, .T. ) ;
#9385 = DIRECTION ( 'NONE',  ( -0.0000000000000000000, -0.0000000000000000000, 1.000000000000000000 ) ) ;
#9386 = EDGE_LOOP ( 'NONE', ( #4640, #6253, #8458, #6832, #2511, #7768 ) ) ;
#9387 = CARTESIAN_POINT ( 'NONE',  ( 2.311115933264683000E-030, 7.825000000000000200, 3.469446951953614200E-015 ) ) ;
#9388 = ADVANCED_FACE ( 'NONE', ( #250 ), #2474, .F. ) ;
#9389 = DIRECTION ( 'NONE',  ( 0.0000000000000000000, 0.0000000000000000000, -1.000000000000000000 ) ) ;
#9390 = ORIENTED_EDGE ( 'NONE', *, *, #9045, .T. ) ;
#9391 = CARTESIAN_POINT ( 'NONE',  ( -3.214999999999955900, 7.825000000000000200, 22.67500000000000800 ) ) ;
#9392 = CARTESIAN_POINT ( 'NONE',  ( 7.900000000000114900, 8.400000000000000400, 2.200000000000000600 ) ) ;
#9393 = CIRCLE ( 'NONE', #10050, 0.9999999999999978900 ) ;
#9394 = EDGE_LOOP ( 'NONE', ( #6221, #11041, #9013, #3980, #9679, #6205, #1250, #1712, #9967, #3129, #4840, #4085, #146, #7741, #4746, #2765, #10488, #2004, #1578, #6609, #4607, #2234, #3210, #7427, #1945, #9776, #7746, #1703 ) ) ;
#9395 = ORIENTED_EDGE ( 'NONE', *, *, #1349, .T. ) ;
#9396 = PLANE ( 'NONE',  #7598 ) ;
#9397 = CARTESIAN_POINT ( 'NONE',  ( 2.796158179461937600E-014, 7.825000000000000200, 12.49999999999999800 ) ) ;
#9398 = EDGE_CURVE ( 'NONE', #4278, #7016, #493, .T. ) ;
#9399 = EDGE_LOOP ( 'NONE', ( #136, #8692, #1808, #4562 ) ) ;
#9400 = CARTESIAN_POINT ( 'NONE',  ( 0.0000000000000000000, 7.825000000000000200, 20.85000000000000100 ) ) ;
#9401 = EDGE_CURVE ( 'NONE', #6019, #1442, #10237, .T. ) ;
#9402 = CARTESIAN_POINT ( 'NONE',  ( -9.999999999999996400, 1.600000000000000100, 17.44999999999999900 ) ) ;
#9403 = AXIS2_PLACEMENT_3D ( 'NONE', #2085, #9151, #5585 ) ;
#9404 = ORIENTED_EDGE ( 'NONE', *, *, #8725, .F. ) ;
#9405 = VECTOR ( 'NONE', #3222, 1000.000000000000000 ) ;
#9406 = ORIENTED_EDGE ( 'NONE', *, *, #1799, .T. ) ;
#9407 = VERTEX_POINT ( 'NONE', #1509 ) ;
#9408 = UNCERTAINTY_MEASURE_WITH_UNIT (LENGTH_MEASURE( 1.000000000000000100E-005 ), #6115, 'distance_accuracy_value', 'NONE');
#9409 = CARTESIAN_POINT ( 'NONE',  ( -4.816425578598542100, 11.57506703724288700, 9.976871373291905000 ) ) ;
#9410 = DIRECTION ( 'NONE',  ( 0.0000000000000000000, 5.782411586589357600E-016, -1.000000000000000000 ) ) ;
#9411 = CARTESIAN_POINT ( 'NONE',  ( 8.350000000000001400, 3.299999999999999800, 3.450000000000000600 ) ) ;
#9412 = ORIENTED_EDGE ( 'NONE', *, *, #6078, .T. ) ;
#9413 = ORIENTED_EDGE ( 'NONE', *, *, #3721, .T. ) ;
#9414 = LINE ( 'NONE', #2636, #9141 ) ;
#9415 = VECTOR ( 'NONE', #2251, 1000.000000000000100 ) ;
#9416 = EDGE_CURVE ( 'NONE', #7505, #4900, #6777, .T. ) ;
#9417 = VERTEX_POINT ( 'NONE', #5862 ) ;
#9418 = CARTESIAN_POINT ( 'NONE',  ( -8.350000000000001400, 0.4000000000000001900, 9.800000000000000700 ) ) ;
#9419 = AXIS2_PLACEMENT_3D ( 'NONE', #8234, #3132, #2160 ) ;
#9420 = CARTESIAN_POINT ( 'NONE',  ( -9.999999999999996400, 3.299999999999956300, 11.19999999999999800 ) ) ;
#9421 = CARTESIAN_POINT ( 'NONE',  ( -4.104359146306979500, 10.57570944474777400, 14.70000000000011700 ) ) ;
#9422 = ORIENTED_EDGE ( 'NONE', *, *, #10589, .F. ) ;
#9423 = CARTESIAN_POINT ( 'NONE',  ( 0.0000000000000000000, 8.400000000000000400, 0.0000000000000000000 ) ) ;
#9424 = ORIENTED_EDGE ( 'NONE', *, *, #988, .T. ) ;
#9425 = VECTOR ( 'NONE', #5273, 1000.000000000000000 ) ;
#9426 = DIRECTION ( 'NONE',  ( -0.0000000000000000000, 1.000000000000000000, -0.0000000000000000000 ) ) ;
#9427 = LINE ( 'NONE', #8386, #220 ) ;
#9428 = EDGE_CURVE ( 'NONE', #8030, #4886, #5936, .T. ) ;
#9429 = ADVANCED_FACE ( 'NONE', ( #27 ), #8466, .F. ) ;
#9430 = DIRECTION ( 'NONE',  ( 0.0000000000000000000, 0.0000000000000000000, -1.000000000000000000 ) ) ;
#9431 = LINE ( 'NONE', #64, #6444 ) ;
#9432 = DIRECTION ( 'NONE',  ( -0.0000000000000000000, -0.0000000000000000000, 1.000000000000000000 ) ) ;
#9433 = FACE_BOUND ( 'NONE', #2780, .T. ) ;
#9434 = ORIENTED_EDGE ( 'NONE', *, *, #11371, .T. ) ;
#9435 = DIRECTION ( 'NONE',  ( -0.0000000000000000000, -0.0000000000000000000, 1.000000000000000000 ) ) ;
#9436 = VERTEX_POINT ( 'NONE', #6746 ) ;
#9437 = DIRECTION ( 'NONE',  ( 1.000000000000000000, -0.0000000000000000000, -0.0000000000000000000 ) ) ;
#9438 = FACE_OUTER_BOUND ( 'NONE', #7065, .T. ) ;
#9439 = LINE ( 'NONE', #6616, #9571 ) ;
#9440 = DIRECTION ( 'NONE',  ( 0.0000000000000000000, 0.0000000000000000000, 1.000000000000000000 ) ) ;
#9441 = LINE ( 'NONE', #4845, #7117 ) ;
#9442 = DIRECTION ( 'NONE',  ( -0.1261989691358260900, -0.9920049496797155300, 0.0000000000000000000 ) ) ;
#9443 = VECTOR ( 'NONE', #2043, 1000.000000000000000 ) ;
#9444 = ADVANCED_FACE ( 'NONE', ( #563 ), #3363, .F. ) ;
#9446 = CARTESIAN_POINT ( 'NONE',  ( -8.450000000000001100, 8.223606797749978300, 3.923606797750092100 ) ) ;
#9445 = FILL_AREA_STYLE ('',( #5888 ) ) ;
#9447 = LINE ( 'NONE', #9262, #6574 ) ;
#9448 = VERTEX_POINT ( 'NONE', #1548 ) ;
#9449 = CARTESIAN_POINT ( 'NONE',  ( -8.350000000000001400, 8.000000000000000000, 3.300000000000114400 ) ) ;
#9450 = EDGE_CURVE ( 'NONE', #5722, #7376, #2333, .T. ) ;
#9451 = CIRCLE ( 'NONE', #2521, 0.4500000000000007300 ) ;
#9452 = CARTESIAN_POINT ( 'NONE',  ( 3.210233636357328700, 8.000000000000023100, 1.355898211009252600E-015 ) ) ;
#9453 = DIRECTION ( 'NONE',  ( -3.502725030463842900E-018, -2.753366839191349700E-017, -1.000000000000000000 ) ) ;
#9454 = AXIS2_PLACEMENT_3D ( 'NONE', #4153, #10278, #8508 ) ;
#9455 = VECTOR ( 'NONE', #4726, 1000.000000000000100 ) ;
#9456 = CYLINDRICAL_SURFACE ( 'NONE', #6419, 3.214999999999999900 ) ;
#9457 = DIRECTION ( 'NONE',  ( 0.0000000000000000000, 1.000000000000000000, 0.0000000000000000000 ) ) ;
#9458 = DIRECTION ( 'NONE',  ( -1.000000000000000000, 0.0000000000000000000, 0.0000000000000000000 ) ) ;
#9459 = VECTOR ( 'NONE', #9121, 1000.000000000000200 ) ;
#9460 = VERTEX_POINT ( 'NONE', #669 ) ;
#9461 = CARTESIAN_POINT ( 'NONE',  ( 5.950000000000002000, 8.900000000000000400, 4.199999999999989500 ) ) ;
#9462 = FACE_BOUND ( 'NONE', #4471, .T. ) ;
#9463 = VECTOR ( 'NONE', #6152, 1000.000000000000000 ) ;
#9464 = DIRECTION ( 'NONE',  ( 0.0000000000000000000, 1.000000000000000000, 0.0000000000000000000 ) ) ;
#9465 = DIRECTION ( 'NONE',  ( -1.000000000000000000, 0.0000000000000000000, -3.614007241618350200E-016 ) ) ;
#9466 = ORIENTED_EDGE ( 'NONE', *, *, #7314, .T. ) ;
#9467 = EDGE_CURVE ( 'NONE', #4578, #8769, #544, .T. ) ;
#9468 = VECTOR ( 'NONE', #1866, 1000.000000000000000 ) ;
#9469 = ORIENTED_EDGE ( 'NONE', *, *, #5195, .T. ) ;
#9470 = EDGE_CURVE ( 'NONE', #9827, #1170, #2181, .T. ) ;
#9471 = CARTESIAN_POINT ( 'NONE',  ( -4.578274166955046000E-015, 7.825000000000000200, -8.199999999999995700 ) ) ;
#9472 = LINE ( 'NONE', #3944, #10697 ) ;
#9473 = CARTESIAN_POINT ( 'NONE',  ( -4.265326036467361100E-015, 7.825000000000000200, -7.899999999999990600 ) ) ;
#9474 = CARTESIAN_POINT ( 'NONE',  ( -7.950000000000000200, 8.000000000000000000, 2.200000000000114300 ) ) ;
#9475 = DIRECTION ( 'NONE',  ( 1.000000000000000000, -0.0000000000000000000, -0.0000000000000000000 ) ) ;
#9476 = ORIENTED_EDGE ( 'NONE', *, *, #4176, .F. ) ;
#9477 = DIRECTION ( 'NONE',  ( 1.000000000000000000, 0.0000000000000000000, 0.0000000000000000000 ) ) ;
#9478 = VECTOR ( 'NONE', #7301, 1000.000000000000100 ) ;
#9479 = ORIENTED_EDGE ( 'NONE', *, *, #6136, .F. ) ;
#9480 = CARTESIAN_POINT ( 'NONE',  ( 3.363691886471190000, 8.985542794568329900, 10.97187702998818400 ) ) ;
#9481 = CYLINDRICAL_SURFACE ( 'NONE', #10576, 1.099999999999996800 ) ;
#9482 = VERTEX_POINT ( 'NONE', #8688 ) ;
#9483 = EDGE_CURVE ( 'NONE', #9640, #5596, #10268, .T. ) ;
#9485 = DIRECTION ( 'NONE',  ( -1.000000000000000000, -0.0000000000000000000, -0.0000000000000000000 ) ) ;
#9484 = CARTESIAN_POINT ( 'NONE',  ( -8.350000000000001400, 12.30000000000000100, 14.70000000000011700 ) ) ;
#9486 = CARTESIAN_POINT ( 'NONE',  ( 5.950000000000002000, 8.400000000000000400, 3.999999999999865000 ) ) ;
#9487 = AXIS2_PLACEMENT_3D ( 'NONE', #11076, #3258, #4080 ) ;
#9488 = DIRECTION ( 'NONE',  ( -1.579750383876801700E-015, -0.0000000000000000000, -1.000000000000000000 ) ) ;
#9489 = VERTEX_POINT ( 'NONE', #3446 ) ;
#9490 = DIRECTION ( 'NONE',  ( 1.000000000000000000, 0.0000000000000000000, 0.0000000000000000000 ) ) ;
#9491 = ORIENTED_EDGE ( 'NONE', *, *, #7641, .T. ) ;
#9492 = ADVANCED_FACE ( 'NONE', ( #3002 ), #1698, .F. ) ;
#9493 = ORIENTED_EDGE ( 'NONE', *, *, #9099, .F. ) ;
#9494 = CARTESIAN_POINT ( 'NONE',  ( -8.450000000000002800, 12.30000000000000100, 10.72639320225013500 ) ) ;
#9495 = CARTESIAN_POINT ( 'NONE',  ( 4.403554195056584400E-014, 7.825000000000000200, 22.67500000000000400 ) ) ;
#9496 = LINE ( 'NONE', #5058, #8801 ) ;
#9497 = VERTEX_POINT ( 'NONE', #1626 ) ;
#9498 = ORIENTED_EDGE ( 'NONE', *, *, #5794, .T. ) ;
#9499 = CARTESIAN_POINT ( 'NONE',  ( 7.950000000000000200, 3.299999999999999800, 4.850000000000117800 ) ) ;
#9500 = DIRECTION ( 'NONE',  ( 1.000000000000000000, 0.0000000000000000000, 0.0000000000000000000 ) ) ;
#9501 = EDGE_CURVE ( 'NONE', #11341, #5695, #2813, .T. ) ;
#9502 = ADVANCED_FACE ( 'NONE', ( #5738 ), #2202, .T. ) ;
#9503 = EDGE_LOOP ( 'NONE', ( #6504, #2533, #8665, #3903 ) ) ;
#9504 = DIRECTION ( 'NONE',  ( 0.0000000000000000000, 0.0000000000000000000, 1.000000000000000000 ) ) ;
#9505 = CARTESIAN_POINT ( 'NONE',  ( 8.347213595500074100, 8.000000000000000000, 6.200000000000003700 ) ) ;
#9506 = AXIS2_PLACEMENT_3D ( 'NONE', #3162, #6033, #7756 ) ;
#9507 = LINE ( 'NONE', #6500, #2779 ) ;
#9508 = ORIENTED_EDGE ( 'NONE', *, *, #4305, .F. ) ;
#9509 = CARTESIAN_POINT ( 'NONE',  ( -3.210233636357317200, 8.000000000000000000, 0.0000000000000000000 ) ) ;
#9510 = ORIENTED_EDGE ( 'NONE', *, *, #9334, .F. ) ;
#9511 = CARTESIAN_POINT ( 'NONE',  ( -5.493317281818449700, 12.93985310985218700, 10.95000000000011500 ) ) ;
#9512 = ORIENTED_EDGE ( 'NONE', *, *, #9956, .F. ) ;
#9513 = DIRECTION ( 'NONE',  ( -1.000000000000000000, 0.0000000000000000000, 5.507058653894629800E-016 ) ) ;
#9514 = DIRECTION ( 'NONE',  ( -6.982962677686266700E-015, 1.000000000000000000, -1.474688087338532600E-030 ) ) ;
#9515 = CARTESIAN_POINT ( 'NONE',  ( -9.999999999999996400, 0.0000000000000000000, 17.60000000000000100 ) ) ;
#9516 = ORIENTED_EDGE ( 'NONE', *, *, #1139, .F. ) ;
#9517 = FILL_AREA_STYLE_COLOUR ( '', #9884 ) ;
#9518 = CIRCLE ( 'NONE', #2259, 7.774999999999995000 ) ;
#9519 = EDGE_CURVE ( 'NONE', #6753, #7209, #291, .T. ) ;
#9520 = ORIENTED_EDGE ( 'NONE', *, *, #8132, .T. ) ;
#9521 = VERTEX_POINT ( 'NONE', #2628 ) ;
#9522 = CARTESIAN_POINT ( 'NONE',  ( -8.350000000000001400, -1.843908891458577100, 17.60000000000011500 ) ) ;
#9523 = DIRECTION ( 'NONE',  ( 1.000000000000000000, 0.0000000000000000000, 0.0000000000000000000 ) ) ;
#9524 = ORIENTED_EDGE ( 'NONE', *, *, #9829, .F. ) ;
#9525 = DIRECTION ( 'NONE',  ( -0.0000000000000000000, -0.0000000000000000000, -1.000000000000000000 ) ) ;
#9526 = FACE_OUTER_BOUND ( 'NONE', #4098, .T. ) ;
#9527 = ORIENTED_EDGE ( 'NONE', *, *, #11016, .F. ) ;
#9528 = VERTEX_POINT ( 'NONE', #2664 ) ;
#9529 = CARTESIAN_POINT ( 'NONE',  ( 3.646209105255879600E-015, 7.825000000000000200, 0.05000000000000056500 ) ) ;
#9530 = EDGE_CURVE ( 'NONE', #3960, #9534, #3208, .T. ) ;
#9531 = ORIENTED_EDGE ( 'NONE', *, *, #1215, .F. ) ;
#9532 = EDGE_CURVE ( 'NONE', #9926, #10225, #6823, .T. ) ;
#9533 = DIRECTION ( 'NONE',  ( 0.0000000000000000000, 1.000000000000000000, 0.0000000000000000000 ) ) ;
#9534 = VERTEX_POINT ( 'NONE', #7852 ) ;
#9535 = DIRECTION ( 'NONE',  ( -0.0000000000000000000, -0.0000000000000000000, 1.000000000000000000 ) ) ;
#9536 = AXIS2_PLACEMENT_3D ( 'NONE', #7720, #8598, #3349 ) ;
#9537 = VECTOR ( 'NONE', #1399, 1000.000000000000000 ) ;
#9538 = EDGE_LOOP ( 'NONE', ( #9002, #7207, #8203, #6141 ) ) ;
#9539 = DIRECTION ( 'NONE',  ( -0.9920049496797154200, 0.1261989691358265700, 1.531799377548433800E-018 ) ) ;
#9540 = ORIENTED_EDGE ( 'NONE', *, *, #10230, .F. ) ;
#9541 = ORIENTED_EDGE ( 'NONE', *, *, #10145, .F. ) ;
#9542 = ADVANCED_FACE ( 'NONE', ( #2191 ), #10456, .F. ) ;
#9543 = EDGE_LOOP ( 'NONE', ( #10388, #7057, #9084, #3228 ) ) ;
#9544 = FACE_OUTER_BOUND ( 'NONE', #8987, .T. ) ;
#9545 = CYLINDRICAL_SURFACE ( 'NONE', #4400, 7.874999999999994700 ) ;
#9546 = VERTEX_POINT ( 'NONE', #9684 ) ;
#9547 = DIRECTION ( 'NONE',  ( -1.000000000000000000, 0.0000000000000000000, 0.0000000000000000000 ) ) ;
#9548 = ORIENTED_EDGE ( 'NONE', *, *, #10080, .T. ) ;
#9549 =( BOUNDED_CURVE ( )  B_SPLINE_CURVE ( 3, ( #4106, #6124, #3399, #10417 ),
 .UNSPECIFIED., .F., .F. ) 
 B_SPLINE_CURVE_WITH_KNOTS ( ( 4, 4 ),
 ( 2.011491962923467100, 2.411864997362833200 ),
 .UNSPECIFIED. ) 
 CURVE ( )  GEOMETRIC_REPRESENTATION_ITEM ( )  RATIONAL_B_SPLINE_CURVE ( ( 1.000000000000000000, 0.9866863370284214600, 0.9866863370284214600, 1.000000000000000000 ) ) 
 REPRESENTATION_ITEM ( '' )  );
#9550 = EDGE_CURVE ( 'NONE', #8588, #9681, #6599, .T. ) ;
#9551 = CARTESIAN_POINT ( 'NONE',  ( -8.350000000000001400, 1.600000000000000100, 3.700000000000000600 ) ) ;
#9552 = DIRECTION ( 'NONE',  ( -0.1033761435547758700, -0.8126028824749383900, 0.5735764363510447200 ) ) ;
#9553 = EDGE_CURVE ( 'NONE', #5256, #8950, #2456, .T. ) ;
#9554 = AXIS2_PLACEMENT_3D ( 'NONE', #4272, #11316, #6180 ) ;
#9555 = ADVANCED_FACE ( 'NONE', ( #1625 ), #1903, .T. ) ;
#9556 = EDGE_LOOP ( 'NONE', ( #2126, #5464, #3696, #6566 ) ) ;
#9557 = DIRECTION ( 'NONE',  ( 1.000000000000000000, 0.0000000000000000000, -0.0000000000000000000 ) ) ;
#9558 = VERTEX_POINT ( 'NONE', #7773 ) ;
#9559 = FACE_OUTER_BOUND ( 'NONE', #2915, .T. ) ;
#9560 = LINE ( 'NONE', #11228, #4909 ) ;
#9561 = ORIENTED_EDGE ( 'NONE', *, *, #717, .F. ) ;
#9563 = CARTESIAN_POINT ( 'NONE',  ( 5.950000000000002000, 8.400000000000000400, 4.900000000000114000 ) ) ;
#9562 = CARTESIAN_POINT ( 'NONE',  ( -5.493317281818449700, 12.93985310985218700, 2.200000000000114300 ) ) ;
#9564 = DIRECTION ( 'NONE',  ( -5.583261179213479200E-016, -0.0000000000000000000, -1.000000000000000000 ) ) ;
#9565 = CARTESIAN_POINT ( 'NONE',  ( 5.950000000000165400, 8.400000000000000400, 10.24999999999998900 ) ) ;
#9566 = LINE ( 'NONE', #5809, #3395 ) ;
#9567 = EDGE_CURVE ( 'NONE', #4265, #9362, #7270, .T. ) ;
#9568 = ORIENTED_EDGE ( 'NONE', *, *, #4466, .F. ) ;
#9569 = VERTEX_POINT ( 'NONE', #2592 ) ;
#9570 = AXIS2_PLACEMENT_3D ( 'NONE', #5034, #11160, #9364 ) ;
#9571 = VECTOR ( 'NONE', #4895, 1000.000000000000200 ) ;
#9572 = ADVANCED_FACE ( 'NONE', ( #8085 ), #9613, .F. ) ;
#9573 = DIRECTION ( 'NONE',  ( -0.9591136517499727600, -0.2830212059666766800, 6.546180402528816200E-016 ) ) ;
#9574 = VECTOR ( 'NONE', #11095, 1000.000000000000200 ) ;
#9575 = CARTESIAN_POINT ( 'NONE',  ( 4.897361323415045000, 11.33697320723683600, -7.922534543251197500 ) ) ;
#9576 = VERTEX_POINT ( 'NONE', #6980 ) ;
#9577 = CARTESIAN_POINT ( 'NONE',  ( -8.450000000000001100, 8.000000000000000000, 10.17360679775009300 ) ) ;
#9578 = FACE_OUTER_BOUND ( 'NONE', #9623, .T. ) ;
#9579 = CARTESIAN_POINT ( 'NONE',  ( -4.499999999999999100, 7.825000000000000200, -10.94999999999999900 ) ) ;
#9580 = VERTEX_POINT ( 'NONE', #4295 ) ;
#9581 = LINE ( 'NONE', #2222, #4929 ) ;
#9582 = FACE_OUTER_BOUND ( 'NONE', #8431, .T. ) ;
#9583 = CARTESIAN_POINT ( 'NONE',  ( -9.999999999999996400, -3.349999999999998800, 11.10000000000011900 ) ) ;
#9584 = FACE_OUTER_BOUND ( 'NONE', #238, .T. ) ;
#9585 = VECTOR ( 'NONE', #5230, 1000.000000000000000 ) ;
#9586 = EDGE_CURVE ( 'NONE', #10097, #5256, #7419, .T. ) ;
#9587 = FACE_OUTER_BOUND ( 'NONE', #9219, .T. ) ;
#9588 = AXIS2_PLACEMENT_3D ( 'NONE', #7029, #7135, #1857 ) ;
#9589 = CARTESIAN_POINT ( 'NONE',  ( -4.816425578598541300, 11.57506703724288300, 17.17312862670832600 ) ) ;
#9590 = VECTOR ( 'NONE', #6349, 1000.000000000000000 ) ;
#9591 = CARTESIAN_POINT ( 'NONE',  ( -7.299999999999995400, 0.0000000000000000000, 17.60000000000000100 ) ) ;
#9592 = CARTESIAN_POINT ( 'NONE',  ( 0.0000000000000000000, 8.400000000000000400, 0.0000000000000000000 ) ) ;
#9593 = EDGE_LOOP ( 'NONE', ( #5747, #2277, #2250, #3110 ) ) ;
#9594 = CARTESIAN_POINT ( 'NONE',  ( 5.950000000000133400, 8.400000000000000400, 17.39999999999998800 ) ) ;
#9595 = LINE ( 'NONE', #974, #11104 ) ;
#9596 = LINE ( 'NONE', #5769, #4944 ) ;
#9597 = CARTESIAN_POINT ( 'NONE',  ( -8.350000000000001400, 9.360147050873548500, 9.800000000000000700 ) ) ;
#9598 = LINE ( 'NONE', #9781, #1361 ) ;
#9600 = DIRECTION ( 'NONE',  ( -1.579750383876801700E-015, -0.0000000000000000000, -1.000000000000000000 ) ) ;
#9599 = DIRECTION ( 'NONE',  ( -0.0000000000000000000, -0.0000000000000000000, 1.000000000000000000 ) ) ;
#9601 = DIRECTION ( 'NONE',  ( -0.0000000000000000000, -0.0000000000000000000, -1.000000000000000000 ) ) ;
#9602 = DIRECTION ( 'NONE',  ( 0.0000000000000000000, 0.0000000000000000000, 1.000000000000000000 ) ) ;
#9603 = EDGE_CURVE ( 'NONE', #6774, #6801, #110, .T. ) ;
#9604 = LINE ( 'NONE', #4154, #6726 ) ;
#9605 = DIRECTION ( 'NONE',  ( 1.000000000000000000, -0.0000000000000000000, -0.0000000000000000000 ) ) ;
#9606 = EDGE_LOOP ( 'NONE', ( #4584, #5063, #3309, #10382 ) ) ;
#9607 = AXIS2_PLACEMENT_3D ( 'NONE', #2426, #4324, #7689 ) ;
#9608 = EDGE_CURVE ( 'NONE', #4161, #1966, #9869, .T. ) ;
#9609 = ADVANCED_FACE ( 'NONE', ( #2740 ), #8988, .F. ) ;
#9610 = FACE_OUTER_BOUND ( 'NONE', #4958, .T. ) ;
#9611 = VECTOR ( 'NONE', #10256, 1000.000000000000000 ) ;
#9612 = VERTEX_POINT ( 'NONE', #1743 ) ;
#9613 = PLANE ( 'NONE',  #10811 ) ;
#9614 = DIRECTION ( 'NONE',  ( 0.6846169860849561400, 0.3601944209030643100, -0.6336872742246424400 ) ) ;
#9615 =( BOUNDED_CURVE ( )  B_SPLINE_CURVE ( 3, ( #1717, #760, #3462, #9628 ),
 .UNSPECIFIED., .F., .F. ) 
 B_SPLINE_CURVE_WITH_KNOTS ( ( 4, 4 ),
 ( 5.672320068981572500, 6.283185307179586200 ),
 .UNSPECIFIED. ) 
 CURVE ( )  GEOMETRIC_REPRESENTATION_ITEM ( )  RATIONAL_B_SPLINE_CURVE ( ( 1.000000000000000000, 0.9691446338321514400, 0.9691446338321514400, 1.000000000000000000 ) ) 
 REPRESENTATION_ITEM ( '' )  );
#9616 = LINE ( 'NONE', #7322, #3878 ) ;
#9617 = CLOSED_SHELL ( 'NONE', ( #5352, #2206, #1078, #8681, #9160, #8568, #7884, #1099, #4266, #5186, #4355, #522 ) ) ;
#9618 = CARTESIAN_POINT ( 'NONE',  ( -7.950000000000000200, 3.299999999999999800, 17.44999999999999900 ) ) ;
#9619 = ORIENTED_EDGE ( 'NONE', *, *, #10790, .T. ) ;
#9620 = EDGE_CURVE ( 'NONE', #2266, #2551, #9595, .T. ) ;
#9621 = AXIS2_PLACEMENT_3D ( 'NONE', #7225, #7154, #1872 ) ;
#9622 = ORIENTED_EDGE ( 'NONE', *, *, #10474, .F. ) ;
#9623 = EDGE_LOOP ( 'NONE', ( #7623, #8806, #3009, #7219 ) ) ;
#9624 = DIRECTION ( 'NONE',  ( 0.0000000000000000000, 0.0000000000000000000, -1.000000000000000000 ) ) ;
#9625 = CIRCLE ( 'NONE', #8007, 1.000000000000000900 ) ;
#9626 = ORIENTED_EDGE ( 'NONE', *, *, #5175, .F. ) ;
#9627 = ADVANCED_FACE ( 'NONE', ( #5080 ), #152, .F. ) ;
#9628 = CARTESIAN_POINT ( 'NONE',  ( 3.004255071646474700, 8.796433938085819200, 10.45000000000011500 ) ) ;
#9629 = CARTESIAN_POINT ( 'NONE',  ( 1.309085912708786400, 10.29025604452769800, 6.200000000000113900 ) ) ;
#9630 = ORIENTED_EDGE ( 'NONE', *, *, #4820, .F. ) ;
#9631 = DIRECTION ( 'NONE',  ( -0.9920049496797154200, 0.1261989691358265700, 0.0000000000000000000 ) ) ;
#9632 = ORIENTED_EDGE ( 'NONE', *, *, #5416, .F. ) ;
#9633 = ORIENTED_EDGE ( 'NONE', *, *, #6392, .T. ) ;
#9634 = ORIENTED_EDGE ( 'NONE', *, *, #6872, .F. ) ;
#9635 = EDGE_CURVE ( 'NONE', #10084, #10783, #243, .T. ) ;
#9636 = DIRECTION ( 'NONE',  ( 0.0000000000000000000, 0.0000000000000000000, -1.000000000000000000 ) ) ;
#9637 = CARTESIAN_POINT ( 'NONE',  ( 3.061838949330783600, 8.826730281731135700, 16.45752060232476700 ) ) ;
#9638 = CARTESIAN_POINT ( 'NONE',  ( -7.950000000000000200, 1.600000000000000100, 9.950000000000001100 ) ) ;
#9639 = AXIS2_PLACEMENT_3D ( 'NONE', #3528, #5291, #819 ) ;
#9640 = VERTEX_POINT ( 'NONE', #7197 ) ;
#9641 = DIRECTION ( 'NONE',  ( 0.0000000000000000000, 0.0000000000000000000, -1.000000000000000000 ) ) ;
#9642 = CARTESIAN_POINT ( 'NONE',  ( 1.000000000000005600, 7.825000000000000200, 24.80000000000000400 ) ) ;
#9643 = AXIS2_PLACEMENT_3D ( 'NONE', #6598, #10087, #10966 ) ;
#9644 = ORIENTED_EDGE ( 'NONE', *, *, #9685, .F. ) ;
#9645 = DIRECTION ( 'NONE',  ( 0.0000000000000000000, 0.0000000000000000000, 1.000000000000000000 ) ) ;
#9646 = VERTEX_POINT ( 'NONE', #1893 ) ;
#9647 = VECTOR ( 'NONE', #10099, 1000.000000000000000 ) ;
#9648 = VERTEX_POINT ( 'NONE', #34 ) ;
#9649 = VERTEX_POINT ( 'NONE', #2697 ) ;
#9650 = ORIENTED_EDGE ( 'NONE', *, *, #4832, .T. ) ;
#9651 = DIRECTION ( 'NONE',  ( -0.5726248390748290800, 0.5201357824263477300, 0.6336872742246423300 ) ) ;
#9652 = EDGE_CURVE ( 'NONE', #6790, #212, #8629, .T. ) ;
#9653 = CARTESIAN_POINT ( 'NONE',  ( 7.950000000000000200, 1.599999999999912200, 17.35000000000011500 ) ) ;
#9654 = DIRECTION ( 'NONE',  ( 0.8849876374630411000, 0.4656145203251128600, 0.0000000000000000000 ) ) ;
#9655 = AXIS2_PLACEMENT_3D ( 'NONE', #4651, #210, #7299 ) ;
#9656 = EDGE_CURVE ( 'NONE', #1130, #10621, #3428, .T. ) ;
#9657 = EDGE_LOOP ( 'NONE', ( #5052, #552, #622, #7863 ) ) ;
#9658 = CARTESIAN_POINT ( 'NONE',  ( -5.045029801309496500, 4.568796099152695700, -7.932195697510250600 ) ) ;
#9659 = VECTOR ( 'NONE', #11254, 1000.000000000000000 ) ;
#9660 = ORIENTED_EDGE ( 'NONE', *, *, #5493, .T. ) ;
#9661 = ORIENTED_EDGE ( 'NONE', *, *, #6326, .T. ) ;
#9662 = ADVANCED_FACE ( 'NONE', ( #2037 ), #1087, .F. ) ;
#9663 = DIRECTION ( 'NONE',  ( 0.0000000000000000000, 0.0000000000000000000, 1.000000000000000000 ) ) ;
#9664 = CARTESIAN_POINT ( 'NONE',  ( -9.999999999999996400, 0.0000000000000000000, 11.35000000000000100 ) ) ;
#9665 = DIRECTION ( 'NONE',  ( -1.000000000000000000, -0.0000000000000000000, -0.0000000000000000000 ) ) ;
#9666 = VERTEX_POINT ( 'NONE', #8839 ) ;
#9667 = CARTESIAN_POINT ( 'NONE',  ( 8.350000000000001400, 3.299999999999912800, 17.44999999999999600 ) ) ;
#9668 = EDGE_CURVE ( 'NONE', #7417, #11158, #6863, .T. ) ;
#9669 = DIRECTION ( 'NONE',  ( 0.0000000000000000000, 0.0000000000000000000, -1.000000000000000000 ) ) ;
#9670 = AXIS2_PLACEMENT_3D ( 'NONE', #9807, #3694, #4604 ) ;
#9671 = VECTOR ( 'NONE', #8421, 1000.000000000000000 ) ;
#9672 = ORIENTED_EDGE ( 'NONE', *, *, #7922, .T. ) ;
#9673 = ORIENTED_EDGE ( 'NONE', *, *, #7872, .F. ) ;
#9674 = DIRECTION ( 'NONE',  ( 0.0000000000000000000, 0.0000000000000000000, 1.000000000000000000 ) ) ;
#9675 = VERTEX_POINT ( 'NONE', #8880 ) ;
#9676 = CARTESIAN_POINT ( 'NONE',  ( 3.004255071646474700, 8.796433938085819200, 4.200000000000113900 ) ) ;
#9677 = VERTEX_POINT ( 'NONE', #9832 ) ;
#9678 = FACE_OUTER_BOUND ( 'NONE', #4360, .T. ) ;
#9679 = ORIENTED_EDGE ( 'NONE', *, *, #10907, .F. ) ;
#9680 = DIRECTION ( 'NONE',  ( -1.000000000000000000, 0.0000000000000000000, -0.0000000000000000000 ) ) ;
#9681 = VERTEX_POINT ( 'NONE', #9792 ) ;
#9682 = ADVANCED_FACE ( 'NONE', ( #4664, #1079 ), #939, .T. ) ;
#9683 = EDGE_CURVE ( 'NONE', #1647, #3830, #10420, .T. ) ;
#9684 = CARTESIAN_POINT ( 'NONE',  ( 7.673004626611401600, 8.000000000000000000, 6.249999999999999100 ) ) ;
#9685 = EDGE_CURVE ( 'NONE', #3877, #4736, #4818, .T. ) ;
#9686 = DIRECTION ( 'NONE',  ( -5.583261179213479200E-016, -0.0000000000000000000, -1.000000000000000000 ) ) ;
#9687 = ORIENTED_EDGE ( 'NONE', *, *, #5130, .F. ) ;
#9688 = DIRECTION ( 'NONE',  ( 0.9920049496797154200, -0.1261989691358265700, 0.0000000000000000000 ) ) ;
#9689 = ORIENTED_EDGE ( 'NONE', *, *, #5453, .T. ) ;
#9690 = LINE ( 'NONE', #8330, #9284 ) ;
#9691 = VECTOR ( 'NONE', #5561, 1000.000000000000000 ) ;
#9692 = EDGE_LOOP ( 'NONE', ( #1836, #11199, #432, #2136, #8138, #1592 ) ) ;
#9693 = CARTESIAN_POINT ( 'NONE',  ( -4.808410434011671300, 11.65487620520117000, 16.29563617577965600 ) ) ;
#9694 = ORIENTED_EDGE ( 'NONE', *, *, #246, .F. ) ;
#9695 = CARTESIAN_POINT ( 'NONE',  ( -9.999999999999996400, 3.299999999999999800, 4.950000000000000200 ) ) ;
#9696 = CYLINDRICAL_SURFACE ( 'NONE', #9301, 0.3000000000000016500 ) ;
#9697 = EDGE_CURVE ( 'NONE', #8966, #1923, #9194, .T. ) ;
#9698 = CARTESIAN_POINT ( 'NONE',  ( 7.950000000000000200, 9.360147050873548500, 3.700000000000000600 ) ) ;
#9699 = DIRECTION ( 'NONE',  ( 0.0000000000000000000, 0.5766660201766968800, -0.8169799882332305900 ) ) ;
#9700 = PLANE ( 'NONE',  #9732 ) ;
#9701 = CARTESIAN_POINT ( 'NONE',  ( -8.350000000000001400, -3.349999999999998800, 11.10000000000011900 ) ) ;
#9702 = APPLICATION_CONTEXT ( 'automotive_design' ) ;
#9703 = CYLINDRICAL_SURFACE ( 'NONE', #9782, 1.499999999999999600 ) ;
#9704 = CIRCLE ( 'NONE', #384, 0.3000000000000001600 ) ;
#9705 = VERTEX_POINT ( 'NONE', #7963 ) ;
#9706 = CARTESIAN_POINT ( 'NONE',  ( -3.927680589516822100, 11.96451637429937500, 2.200000000000114300 ) ) ;
#9707 = EDGE_LOOP ( 'NONE', ( #612, #1225, #4338, #10608, #11043, #8268, #10283, #5164 ) ) ;
#9708 = DIRECTION ( 'NONE',  ( 2.496005001405477600E-016, 0.0000000000000000000, 1.000000000000000000 ) ) ;
#9709 = LINE ( 'NONE', #10279, #2705 ) ;
#9710 = VECTOR ( 'NONE', #4169, 1000.000000000000000 ) ;
#9711 = CARTESIAN_POINT ( 'NONE',  ( -3.927680589516822100, 11.96451637429937500, 18.70000000000011700 ) ) ;
#9712 = FACE_OUTER_BOUND ( 'NONE', #3941, .T. ) ;
#9713 = EDGE_CURVE ( 'NONE', #2482, #7122, #8913, .T. ) ;
#9714 = LINE ( 'NONE', #8640, #3838 ) ;
#9715 = ADVANCED_FACE ( 'NONE', ( #9462, #10823 ), #2080, .F. ) ;
#9716 = EDGE_CURVE ( 'NONE', #3892, #10695, #5763, .T. ) ;
#9717 = ORIENTED_EDGE ( 'NONE', *, *, #9384, .F. ) ;
#9718 = DIRECTION ( 'NONE',  ( 0.4265687399014603800, -0.9044551454543670000, -5.425587432726187700E-016 ) ) ;
#9719 = AXIS2_PLACEMENT_3D ( 'NONE', #11354, #10399, #2561 ) ;
#9720 = LINE ( 'NONE', #7239, #1073 ) ;
#9721 = VERTEX_POINT ( 'NONE', #10906 ) ;
#9722 = VECTOR ( 'NONE', #8041, 1000.000000000000000 ) ;
#9723 = VECTOR ( 'NONE', #2620, 1000.000000000000000 ) ;
#9724 = CONICAL_SURFACE ( 'NONE', #7729, 7.874999999999992900, 0.7853981633974479500 ) ;
#9725 = CARTESIAN_POINT ( 'NONE',  ( -3.462500000000002600, 13.82222592120722900, -7.274999999999981700 ) ) ;
#9726 = DIRECTION ( 'NONE',  ( -0.7014534268891475800, 0.08923614685469501200, -0.7071067811865464600 ) ) ;
#9727 = LINE ( 'NONE', #10293, #1486 ) ;
#9728 = FACE_OUTER_BOUND ( 'NONE', #2757, .T. ) ;
#9729 = CARTESIAN_POINT ( 'NONE',  ( -4.016308949537902100, 2.786999317078757300, -7.689874850355505700 ) ) ;
#9730 = ORIENTED_EDGE ( 'NONE', *, *, #1628, .T. ) ;
#9731 = EDGE_CURVE ( 'NONE', #8291, #8451, #4943, .T. ) ;
#9732 = AXIS2_PLACEMENT_3D ( 'NONE', #840, #3505, #9631 ) ;
#9733 = VECTOR ( 'NONE', #1429, 1000.000000000000000 ) ;
#9734 = DIRECTION ( 'NONE',  ( -1.000000000000000000, 0.0000000000000000000, 5.507058653894629800E-016 ) ) ;
#9735 = DIRECTION ( 'NONE',  ( 0.0000000000000000000, 0.0000000000000000000, 1.000000000000000000 ) ) ;
#9736 = DIRECTION ( 'NONE',  ( 0.0000000000000000000, 0.0000000000000000000, -1.000000000000000000 ) ) ;
#9737 = LINE ( 'NONE', #93, #2745 ) ;
#9738 = DIRECTION ( 'NONE',  ( 0.0000000000000000000, -1.000000000000000000, 0.0000000000000000000 ) ) ;
#9739 = ORIENTED_EDGE ( 'NONE', *, *, #11371, .F. ) ;
#9740 = DIRECTION ( 'NONE',  ( 0.0000000000000000000, 1.000000000000000000, 0.0000000000000000000 ) ) ;
#9741 = VECTOR ( 'NONE', #5508, 1000.000000000000000 ) ;
#9742 = CARTESIAN_POINT ( 'NONE',  ( -8.350000000000001400, -3.349999999999998800, 16.70000000000011700 ) ) ;
#9743 = EDGE_CURVE ( 'NONE', #9824, #4019, #10155, .T. ) ;
#9744 = DIRECTION ( 'NONE',  ( 1.032573497605242200E-016, 0.0000000000000000000, -1.000000000000000000 ) ) ;
#9745 = ORIENTED_EDGE ( 'NONE', *, *, #5860, .F. ) ;
#9746 = PLANE ( 'NONE',  #7074 ) ;
#9747 = EDGE_CURVE ( 'NONE', #2380, #8383, #6305, .T. ) ;
#9748 = LINE ( 'NONE', #370, #6733 ) ;
#9749 = ORIENTED_EDGE ( 'NONE', *, *, #6976, .T. ) ;
#9750 = CARTESIAN_POINT ( 'NONE',  ( 8.350000000000001400, 9.360147050873548500, 17.35000000000011500 ) ) ;
#9751 = UNCERTAINTY_MEASURE_WITH_UNIT (LENGTH_MEASURE( 1.000000000000000100E-005 ), #614, 'distance_accuracy_value', 'NONE');
#9752 = VECTOR ( 'NONE', #10004, 1000.000000000000000 ) ;
#9753 = EDGE_LOOP ( 'NONE', ( #3608, #10480, #3008, #629 ) ) ;
#9754 = ORIENTED_EDGE ( 'NONE', *, *, #1417, .F. ) ;
#9755 = DIRECTION ( 'NONE',  ( 1.000000000000000000, 0.0000000000000000000, -0.0000000000000000000 ) ) ;
#9756 = EDGE_LOOP ( 'NONE', ( #7061, #10736, #10398, #848, #8648, #9512, #4680, #773 ) ) ;
#9757 = CARTESIAN_POINT ( 'NONE',  ( -4.605334709818942300, 11.84277813914759600, -7.897222960784771900 ) ) ;
#9758 = CARTESIAN_POINT ( 'NONE',  ( -4.104359146306979500, 10.57570944474777400, 8.450000000000113000 ) ) ;
#9759 = ORIENTED_EDGE ( 'NONE', *, *, #1554, .T. ) ;
#9760 = VECTOR ( 'NONE', #6321, 1000.000000000000000 ) ;
#9761 = ORIENTED_EDGE ( 'NONE', *, *, #8370, .T. ) ;
#9762 = EDGE_CURVE ( 'NONE', #2704, #8710, #8372, .T. ) ;
#9763 = DIRECTION ( 'NONE',  ( 1.000000000000000000, 0.0000000000000000000, 0.0000000000000000000 ) ) ;
#9764 = DIRECTION ( 'NONE',  ( -0.4999999999999996100, 0.8660254037844388200, 0.0000000000000000000 ) ) ;
#9765 = ORIENTED_EDGE ( 'NONE', *, *, #4220, .T. ) ;
#9766 = EDGE_CURVE ( 'NONE', #8046, #1422, #6031, .T. ) ;
#9767 = ADVANCED_FACE ( 'NONE', ( #4122 ), #532, .T. ) ;
#9768 = ORIENTED_EDGE ( 'NONE', *, *, #8139, .F. ) ;
#9769 = PLANE ( 'NONE',  #2660 ) ;
#9770 = CARTESIAN_POINT ( 'NONE',  ( 8.350000000000001400, 3.299999999999999800, 3.450000000000000600 ) ) ;
#9771 = DIRECTION ( 'NONE',  ( -5.583261179213479200E-016, 0.0000000000000000000, -1.000000000000000000 ) ) ;
#9772 = DIRECTION ( 'NONE',  ( -1.579750383876801700E-015, 0.0000000000000000000, -1.000000000000000000 ) ) ;
#9773 = CIRCLE ( 'NONE', #9101, 3.214999999999999900 ) ;
#9774 = ORIENTED_EDGE ( 'NONE', *, *, #6078, .F. ) ;
#9775 = CARTESIAN_POINT ( 'NONE',  ( -7.950000000000000200, 0.3999999999999993000, 9.800000000000000700 ) ) ;
#9776 = ORIENTED_EDGE ( 'NONE', *, *, #7862, .F. ) ;
#9777 = PLANE ( 'NONE',  #9655 ) ;
#9778 = EDGE_CURVE ( 'NONE', #489, #5009, #391, .T. ) ;
#9779 = ORIENTED_EDGE ( 'NONE', *, *, #5246, .F. ) ;
#9780 = DIRECTION ( 'NONE',  ( -1.000000000000000000, 1.084202172485503800E-015, 0.0000000000000000000 ) ) ;
#9781 = CARTESIAN_POINT ( 'NONE',  ( -5.000000000000004400, 3.600000000000000100, 9.449999999999994000 ) ) ;
#9782 = AXIS2_PLACEMENT_3D ( 'NONE', #9902, #5618, #10740 ) ;
#9783 = CARTESIAN_POINT ( 'NONE',  ( -5.000000000000004400, 3.600000000000000100, 11.24999999999999300 ) ) ;
#9784 = AXIS2_PLACEMENT_3D ( 'NONE', #3253, #4104, #3400 ) ;
#9785 = VECTOR ( 'NONE', #4657, 1000.000000000000000 ) ;
#9786 = ORIENTED_EDGE ( 'NONE', *, *, #2130, .T. ) ;
#9787 = ORIENTED_EDGE ( 'NONE', *, *, #7325, .T. ) ;
#9788 = DIRECTION ( 'NONE',  ( 0.0000000000000000000, 0.0000000000000000000, -1.000000000000000000 ) ) ;
#9789 = ORIENTED_EDGE ( 'NONE', *, *, #9381, .T. ) ;
#9791 = DIRECTION ( 'NONE',  ( -0.0000000000000000000, -1.000000000000000000, -0.0000000000000000000 ) ) ;
#9790 = DIRECTION ( 'NONE',  ( 0.0000000000000000000, -1.000000000000000000, 0.0000000000000000000 ) ) ;
#9792 = CARTESIAN_POINT ( 'NONE',  ( 7.950000000000000200, 8.000000000000000000, 3.300000000000000700 ) ) ;
#9793 = VECTOR ( 'NONE', #7840, 1000.000000000000000 ) ;
#9794 = EDGE_CURVE ( 'NONE', #2546, #4994, #798, .T. ) ;
#9795 = ORIENTED_EDGE ( 'NONE', *, *, #11301, .F. ) ;
#9796 = CARTESIAN_POINT ( 'NONE',  ( -6.653411090263350800, 8.295405790436120700, -7.520496821607294700 ) ) ;
#9797 = CARTESIAN_POINT ( 'NONE',  ( -8.150000000000000400, 12.30000000000000100, 4.476393202250135600 ) ) ;
#9798 = ORIENTED_EDGE ( 'NONE', *, *, #4689, .F. ) ;
#9799 = ORIENTED_EDGE ( 'NONE', *, *, #3144, .T. ) ;
#9800 = PLANE ( 'NONE',  #4897 ) ;
#9801 = ORIENTED_EDGE ( 'NONE', *, *, #1816, .T. ) ;
#9802 = VECTOR ( 'NONE', #3409, 1000.000000000000000 ) ;
#9803 = EDGE_LOOP ( 'NONE', ( #7230, #143, #241, #227 ) ) ;
#9804 = DIRECTION ( 'NONE',  ( -0.0000000000000000000, -0.0000000000000000000, -1.000000000000000000 ) ) ;
#9805 = ORIENTED_EDGE ( 'NONE', *, *, #2353, .F. ) ;
#9806 = CARTESIAN_POINT ( 'NONE',  ( 3.462499999999991000, 1.827774078792768100, -6.400000000000001200 ) ) ;
#9807 = CARTESIAN_POINT ( 'NONE',  ( 5.950000000000002000, 8.400000000000000400, 4.199999999999989500 ) ) ;
#9808 = CARTESIAN_POINT ( 'NONE',  ( 8.350000000000116900, 7.949999999999998400, 2.200000000000000600 ) ) ;
#9809 = EDGE_CURVE ( 'NONE', #10234, #5620, #4493, .T. ) ;
#9810 = ORIENTED_EDGE ( 'NONE', *, *, #8825, .T. ) ;
#9811 = CARTESIAN_POINT ( 'NONE',  ( -9.999999999999996400, 3.299999999999999800, 4.950000000000000200 ) ) ;
#9812 = AXIS2_PLACEMENT_3D ( 'NONE', #2479, #8582, #8547 ) ;
#9813 = ORIENTED_EDGE ( 'NONE', *, *, #8499, .F. ) ;
#9814 = VECTOR ( 'NONE', #8404, 1000.000000000000000 ) ;
#9815 = VECTOR ( 'NONE', #9738, 1000.000000000000000 ) ;
#9816 = ORIENTED_EDGE ( 'NONE', *, *, #4095, .T. ) ;
#9817 = ORIENTED_EDGE ( 'NONE', *, *, #1139, .T. ) ;
#9818 = CARTESIAN_POINT ( 'NONE',  ( 4.115249749999066800E-014, 7.825000000000000200, 20.85000000000000100 ) ) ;
#9819 = CARTESIAN_POINT ( 'NONE',  ( -9.999999999999996400, 3.299999999999912800, 17.44999999999999600 ) ) ;
#9820 = DIRECTION ( 'NONE',  ( -0.0000000000000000000, 1.000000000000000000, -0.0000000000000000000 ) ) ;
#9821 = ADVANCED_FACE ( 'NONE', ( #6587 ), #2591, .T. ) ;
#9822 = ORIENTED_EDGE ( 'NONE', *, *, #7222, .T. ) ;
#9823 = DIRECTION ( 'NONE',  ( 0.0000000000000000000, 1.000000000000000000, 0.0000000000000000000 ) ) ;
#9824 = VERTEX_POINT ( 'NONE', #346 ) ;
#9825 = LINE ( 'NONE', #2768, #2411 ) ;
#9826 = LINE ( 'NONE', #2178, #7368 ) ;
#9827 = VERTEX_POINT ( 'NONE', #6511 ) ;
#9828 = DIRECTION ( 'NONE',  ( 0.8660254037844388200, 0.4999999999999996100, -1.368103964075529500E-015 ) ) ;
#9829 = EDGE_CURVE ( 'NONE', #331, #7828, #5484, .T. ) ;
#9831 = DIRECTION ( 'NONE',  ( 0.0000000000000000000, 1.000000000000000000, 0.0000000000000000000 ) ) ;
#9830 = DIRECTION ( 'NONE',  ( -0.0000000000000000000, 1.000000000000000000, 5.782411586589357600E-016 ) ) ;
#9832 = CARTESIAN_POINT ( 'NONE',  ( 7.950000000000000200, 1.599999999999912600, 15.94999999999999900 ) ) ;
#9833 = EDGE_CURVE ( 'NONE', #4669, #8803, #7138, .T. ) ;
#9834 = CARTESIAN_POINT ( 'NONE',  ( -6.924999999999998900, 7.825000000000002000, -7.274999999999975500 ) ) ;
#9835 = EDGE_LOOP ( 'NONE', ( #4428, #7300, #336, #6509 ) ) ;
#9836 = CARTESIAN_POINT ( 'NONE',  ( 0.0000000000000000000, 0.4000000000000000200, 0.0000000000000000000 ) ) ;
#9837 = AXIS2_PLACEMENT_3D ( 'NONE', #1673, #831, #4390 ) ;
#9838 = CARTESIAN_POINT ( 'NONE',  ( -6.924999999999997200, 7.825000000000002000, -6.399999999999985300 ) ) ;
#9839 = ORIENTED_EDGE ( 'NONE', *, *, #9883, .T. ) ;
#9840 = VERTEX_POINT ( 'NONE', #3022 ) ;
#9841 = FACE_OUTER_BOUND ( 'NONE', #9889, .T. ) ;
#9842 = VECTOR ( 'NONE', #4708, 1000.000000000000000 ) ;
#9843 = DIRECTION ( 'NONE',  ( -0.0000000000000000000, -0.0000000000000000000, 1.000000000000000000 ) ) ;
#9844 = LINE ( 'NONE', #2193, #10265 ) ;
#9845 = CARTESIAN_POINT ( 'NONE',  ( 8.349999999999999600, 1.600000000000000500, 3.700000000000000600 ) ) ;
#9846 = VERTEX_POINT ( 'NONE', #7396 ) ;
#9847 = DIRECTION ( 'NONE',  ( 0.0000000000000000000, 0.0000000000000000000, -1.000000000000000000 ) ) ;
#9848 = EDGE_CURVE ( 'NONE', #9646, #185, #6716, .T. ) ;
#9849 = ADVANCED_FACE ( 'NONE', ( #1359 ), #10141, .T. ) ;
#9850 = LINE ( 'NONE', #7615, #8753 ) ;
#9851 = DIRECTION ( 'NONE',  ( 0.9044551454543665600, 0.4265687399014614900, 0.0000000000000000000 ) ) ;
#9852 = DIRECTION ( 'NONE',  ( -0.0000000000000000000, -0.0000000000000000000, 1.000000000000000000 ) ) ;
#9853 = ORIENTED_EDGE ( 'NONE', *, *, #6796, .F. ) ;
#9854 = AXIS2_PLACEMENT_3D ( 'NONE', #10607, #7890, #9654 ) ;
#9855 = VECTOR ( 'NONE', #3457, 1000.000000000000000 ) ;
#9856 = VECTOR ( 'NONE', #31, 1000.000000000000100 ) ;
#9857 = CARTESIAN_POINT ( 'NONE',  ( 7.950000000000000200, 9.360147050873548500, 15.94999999999999900 ) ) ;
#9858 = AXIS2_PLACEMENT_3D ( 'NONE', #3640, #186, #7998 ) ;
#9859 = LINE ( 'NONE', #7290, #8210 ) ;
#9860 = DIRECTION ( 'NONE',  ( -0.0000000000000000000, -0.0000000000000000000, 1.000000000000000000 ) ) ;
#9861 = LINE ( 'NONE', #8478, #8225 ) ;
#9862 = DIRECTION ( 'NONE',  ( -0.1261989691358260700, -0.9920049496797154200, 0.0000000000000000000 ) ) ;
#9863 = LINE ( 'NONE', #6130, #8495 ) ;
#9864 = ORIENTED_EDGE ( 'NONE', *, *, #4727, .T. ) ;
#9865 = CARTESIAN_POINT ( 'NONE',  ( -7.350000000000001400, 1.600000000000000300, 9.950000000000001100 ) ) ;
#9866 = ADVANCED_FACE ( 'NONE', ( #2873 ), #8418, .F. ) ;
#9867 = ORIENTED_EDGE ( 'NONE', *, *, #4486, .F. ) ;
#9868 = DIRECTION ( 'NONE',  ( -0.0000000000000000000, -1.000000000000000000, -0.0000000000000000000 ) ) ;
#9869 = LINE ( 'NONE', #5255, #10976 ) ;
#9870 = LINE ( 'NONE', #3122, #6446 ) ;
#9871 = EDGE_CURVE ( 'NONE', #1536, #3055, #9183, .T. ) ;
#9872 = CARTESIAN_POINT ( 'NONE',  ( 1.000000000000005600, 7.825000000000000200, 24.80000000000000400 ) ) ;
#9873 = FACE_OUTER_BOUND ( 'NONE', #8344, .T. ) ;
#9875 = DIRECTION ( 'NONE',  ( -0.1033761435547758700, -0.8126028824749383900, 0.5735764363510447200 ) ) ;
#9874 = DIRECTION ( 'NONE',  ( -0.7071067811865557900, 0.0000000000000000000, -0.7071067811865392500 ) ) ;
#9876 = CONICAL_SURFACE ( 'NONE', #2803, 3.214999999999999900, 0.7853981633974583800 ) ;
#9877 = ORIENTED_EDGE ( 'NONE', *, *, #2438, .F. ) ;
#9878 = CARTESIAN_POINT ( 'NONE',  ( -6.791526800171450200, 8.056182363551840800, -7.414368575402555500 ) ) ;
#9879 = CARTESIAN_POINT ( 'NONE',  ( 2.806005623304877800, 9.192570267145338600, 17.04716679393220200 ) ) ;
#9880 = LINE ( 'NONE', #219, #8235 ) ;
#9881 = VERTEX_POINT ( 'NONE', #7546 ) ;
#9882 = CARTESIAN_POINT ( 'NONE',  ( 1.105825268713746200E-015, 7.825000000000000200, -10.94999999999999900 ) ) ;
#9883 = EDGE_CURVE ( 'NONE', #330, #5636, #7812, .T. ) ;
#9884 = COLOUR_RGB ( '',0.7921568627450980000, 0.8196078431372548800, 0.9333333333333333500 ) ;
#9885 = ORIENTED_EDGE ( 'NONE', *, *, #10080, .F. ) ;
#9886 = DIRECTION ( 'NONE',  ( -0.0000000000000000000, -0.0000000000000000000, -1.000000000000000000 ) ) ;
#9887 = CARTESIAN_POINT ( 'NONE',  ( 4.194641597934171400, 9.923166996255259800, 12.08250000000011100 ) ) ;
#9888 = CYLINDRICAL_SURFACE ( 'NONE', #9403, 0.3000000000000001600 ) ;
#9889 = EDGE_LOOP ( 'NONE', ( #9256, #3182, #5423, #5967 ) ) ;
#9890 = DIRECTION ( 'NONE',  ( 0.4656145203251128600, -0.8849876374630411000, 2.273603650596014100E-017 ) ) ;
#9891 = DIRECTION ( 'NONE',  ( 0.0000000000000000000, -0.0000000000000000000, 1.000000000000000000 ) ) ;
#9892 = ORIENTED_EDGE ( 'NONE', *, *, #9216, .T. ) ;
#9893 = FACE_OUTER_BOUND ( 'NONE', #1736, .T. ) ;
#9894 = CARTESIAN_POINT ( 'NONE',  ( -7.299999999999995400, 0.0000000000000000000, 15.80000000000000100 ) ) ;
#9895 = VERTEX_POINT ( 'NONE', #8497 ) ;
#9896 = DIRECTION ( 'NONE',  ( 1.000000000000000000, 0.0000000000000000000, 0.0000000000000000000 ) ) ;
#9897 = CARTESIAN_POINT ( 'NONE',  ( 6.699454095875466900, 9.604514599187295300, 12.45000000000011300 ) ) ;
#9898 = MANIFOLD_SOLID_BREP ( 'Pin S', #5926 ) ;
#9899 = CIRCLE ( 'NONE', #6687, 0.9999999999999983300 ) ;
#9900 = ORIENTED_EDGE ( 'NONE', *, *, #9078, .T. ) ;
#9901 = CARTESIAN_POINT ( 'NONE',  ( -4.808410434011671300, 11.65487620520117000, 17.10436382422057000 ) ) ;
#9902 = CARTESIAN_POINT ( 'NONE',  ( -6.850000000000002300, 12.30000000000000100, 2.200000000000114300 ) ) ;
#9903 = DIRECTION ( 'NONE',  ( 0.9920049496797154200, -0.1261989691358267300, -0.0000000000000000000 ) ) ;
#9904 = EDGE_CURVE ( 'NONE', #3791, #3334, #97, .T. ) ;
#9905 = ORIENTED_EDGE ( 'NONE', *, *, #5124, .T. ) ;
#9906 = DIRECTION ( 'NONE',  ( -1.000000000000000000, -0.0000000000000000000, -0.0000000000000000000 ) ) ;
#9907 = PRODUCT_RELATED_PRODUCT_CATEGORY ( 'part', '', ( #7146 ) ) ;
#9908 = ORIENTED_EDGE ( 'NONE', *, *, #1393, .T. ) ;
#9909 = DIRECTION ( 'NONE',  ( 1.000000000000000000, 0.0000000000000000000, 0.0000000000000000000 ) ) ;
#9910 =( GEOMETRIC_REPRESENTATION_CONTEXT ( 3 ) GLOBAL_UNCERTAINTY_ASSIGNED_CONTEXT ( ( #1180 ) ) GLOBAL_UNIT_ASSIGNED_CONTEXT ( ( #2221, #2140, #5687 ) ) REPRESENTATION_CONTEXT ( 'NONE', 'WORKASPACE' ) );
#9911 = VERTEX_POINT ( 'NONE', #4062 ) ;
#9912 = ADVANCED_FACE ( 'NONE', ( #5752 ), #4940, .T. ) ;
#9913 = VECTOR ( 'NONE', #9500, 1000.000000000000000 ) ;
#9914 = ORIENTED_EDGE ( 'NONE', *, *, #7237, .T. ) ;
#9916 = CARTESIAN_POINT ( 'NONE',  ( -8.350000000000001400, 9.360147050873548500, 11.20000000000000100 ) ) ;
#9915 = CARTESIAN_POINT ( 'NONE',  ( -1.880187805439772300, 9.527196853685959300, 4.544145861810740400 ) ) ;
#9917 = PRODUCT_DEFINITION_CONTEXT ( 'detailed design', #6262, 'design' ) ;
#9918 = CARTESIAN_POINT ( 'NONE',  ( -7.950000000000000200, 9.360147050873548500, 3.550000000000001200 ) ) ;
#9919 = CARTESIAN_POINT ( 'NONE',  ( -9.999999999999996400, 0.0000000000000000000, 0.0000000000000000000 ) ) ;
#9920 = CARTESIAN_POINT ( 'NONE',  ( -5.000000000000004400, 3.600000000000000100, 11.24999999999999300 ) ) ;
#9921 = ORIENTED_EDGE ( 'NONE', *, *, #2096, .F. ) ;
#9922 = EDGE_CURVE ( 'NONE', #10093, #9227, #2857, .T. ) ;
#9923 = DIRECTION ( 'NONE',  ( 1.000000000000000000, 0.0000000000000000000, 0.0000000000000000000 ) ) ;
#9924 = ADVANCED_FACE ( 'NONE', ( #3570, #7675 ), #2348, .T. ) ;
#9925 = VERTEX_POINT ( 'NONE', #6731 ) ;
#9926 = VERTEX_POINT ( 'NONE', #9225 ) ;
#9927 = AXIS2_PLACEMENT_3D ( 'NONE', #10470, #9514, #1560 ) ;
#9928 = CARTESIAN_POINT ( 'NONE',  ( 7.950000000000000200, 9.360147050873548500, 9.800000000000114400 ) ) ;
#9929 = CARTESIAN_POINT ( 'NONE',  ( -7.950000000000000200, -3.349999999999998800, 10.45000000000011700 ) ) ;
#9930 = VERTEX_POINT ( 'NONE', #9261 ) ;
#9931 = CARTESIAN_POINT ( 'NONE',  ( 4.750000000000067500, 8.400000000000000400, 12.45000000000000300 ) ) ;
#9932 = SURFACE_SIDE_STYLE ('',( #10842 ) ) ;
#9933 = DIRECTION ( 'NONE',  ( 0.0000000000000000000, 0.0000000000000000000, -1.000000000000000000 ) ) ;
#9934 = LINE ( 'NONE', #3315, #6931 ) ;
#9935 = VERTEX_POINT ( 'NONE', #4904 ) ;
#9936 = EDGE_CURVE ( 'NONE', #6623, #4378, #7538, .T. ) ;
#9937 = CARTESIAN_POINT ( 'NONE',  ( 1.224791270491731200, 9.627646017810292300, 4.200000000000113900 ) ) ;
#9938 = ORIENTED_EDGE ( 'NONE', *, *, #7128, .F. ) ;
#9939 = ORIENTED_EDGE ( 'NONE', *, *, #8542, .F. ) ;
#9940 = EDGE_CURVE ( 'NONE', #7439, #3755, #7126, .T. ) ;
#9941 = DIRECTION ( 'NONE',  ( 0.7402181274868354600, -0.6723668074346643700, 0.0000000000000000000 ) ) ;
#9942 = AXIS2_PLACEMENT_3D ( 'NONE', #9001, #8321, #3769 ) ;
#9943 = VERTEX_POINT ( 'NONE', #464 ) ;
#9944 = CARTESIAN_POINT ( 'NONE',  ( -4.818121451446275600, 11.74266190665380300, 4.520823178374177700 ) ) ;
#9945 = AXIS2_PLACEMENT_3D ( 'NONE', #7529, #10173, #535 ) ;
#9946 = ADVANCED_FACE ( 'NONE', ( #6014 ), #616, .F. ) ;
#9947 = CARTESIAN_POINT ( 'NONE',  ( 7.900000000000114900, 7.949999999999998400, 15.80000000000000100 ) ) ;
#9948 = LINE ( 'NONE', #6477, #877 ) ;
#9949 = EDGE_LOOP ( 'NONE', ( #4350, #7993, #3866, #5970, #9516, #3647, #5015, #1515 ) ) ;
#9950 = DIRECTION ( 'NONE',  ( 0.0000000000000000000, 0.0000000000000000000, 1.000000000000000000 ) ) ;
#9951 = ORIENTED_EDGE ( 'NONE', *, *, #6668, .F. ) ;
#9953 = DIRECTION ( 'NONE',  ( -1.000000000000000000, 0.0000000000000000000, 0.0000000000000000000 ) ) ;
#9952 = CARTESIAN_POINT ( 'NONE',  ( -4.832135734971188900, 11.53794763439791800, 6.200000000000113900 ) ) ;
#9954 = EDGE_LOOP ( 'NONE', ( #3441, #4969, #6798, #3521 ) ) ;
#9955 = DIRECTION ( 'NONE',  ( 0.0000000000000000000, 0.0000000000000000000, -1.000000000000000000 ) ) ;
#9956 = EDGE_CURVE ( 'NONE', #10786, #2518, #4520, .T. ) ;
#9957 = DIRECTION ( 'NONE',  ( -1.000000000000000000, 0.0000000000000000000, -6.938893903907228400E-016 ) ) ;
#9958 = DIRECTION ( 'NONE',  ( -0.1261989691358267300, -0.9920049496797154200, 0.0000000000000000000 ) ) ;
#9959 = ORIENTED_EDGE ( 'NONE', *, *, #8101, .F. ) ;
#9960 = AXIS2_PLACEMENT_3D ( 'NONE', #3125, #9255, #3089 ) ;
#9961 = DIRECTION ( 'NONE',  ( -0.0000000000000000000, -0.0000000000000000000, 1.000000000000000000 ) ) ;
#9962 = LINE ( 'NONE', #7557, #178 ) ;
#9963 = ORIENTED_EDGE ( 'NONE', *, *, #6456, .F. ) ;
#9964 = ORIENTED_EDGE ( 'NONE', *, *, #1317, .F. ) ;
#9965 = DIRECTION ( 'NONE',  ( -0.4265687399014589400, 0.9044551454543676700, -0.0000000000000000000 ) ) ;
#9966 = PLANE ( 'NONE',  #2407 ) ;
#9967 = ORIENTED_EDGE ( 'NONE', *, *, #7641, .F. ) ;
#9968 = ORIENTED_EDGE ( 'NONE', *, *, #1526, .T. ) ;
#9969 = VECTOR ( 'NONE', #1264, 1000.000000000000000 ) ;
#9970 = VECTOR ( 'NONE', #9089, 1000.000000000000000 ) ;
#9971 = VERTEX_POINT ( 'NONE', #548 ) ;
#9972 = ADVANCED_FACE ( 'NONE', ( #11234 ), #5043, .F. ) ;
#9973 = DIRECTION ( 'NONE',  ( -0.1261989691358260700, -0.9920049496797154200, 0.0000000000000000000 ) ) ;
#9974 = CARTESIAN_POINT ( 'NONE',  ( -2.860270609150313600, 10.41744139280553200, 2.200000000000114800 ) ) ;
#9975 = EDGE_CURVE ( 'NONE', #8332, #9260, #8902, .T. ) ;
#9976 = AXIS2_PLACEMENT_3D ( 'NONE', #5459, #7267, #1991 ) ;
#9977 = EDGE_CURVE ( 'NONE', #5410, #1462, #2169, .T. ) ;
#9978 = DIRECTION ( 'NONE',  ( 0.0000000000000000000, 0.0000000000000000000, -1.000000000000000000 ) ) ;
#9979 = ORIENTED_EDGE ( 'NONE', *, *, #5840, .F. ) ;
#9980 = ORIENTED_EDGE ( 'NONE', *, *, #323, .T. ) ;
#9981 = FACE_OUTER_BOUND ( 'NONE', #4283, .T. ) ;
#9982 = VECTOR ( 'NONE', #10436, 1000.000000000000000 ) ;
#9983 = CARTESIAN_POINT ( 'NONE',  ( 6.648974508221141600, 9.207712619315408600, 8.450000000000113000 ) ) ;
#9984 = CARTESIAN_POINT ( 'NONE',  ( 8.350000000000067100, 8.400000000000000400, 8.450000000000001100 ) ) ;
#9985 = ADVANCED_FACE ( 'NONE', ( #4248 ), #6927, .F. ) ;
#9986 = CARTESIAN_POINT ( 'NONE',  ( 1.105825268713746200E-015, 7.825000000000000200, 0.05000000000000143200 ) ) ;
#9987 = DIRECTION ( 'NONE',  ( 0.0000000000000000000, -1.000000000000000000, -0.0000000000000000000 ) ) ;
#9988 = ORIENTED_EDGE ( 'NONE', *, *, #9553, .F. ) ;
#9989 = CONICAL_SURFACE ( 'NONE', #2734, 7.874999999999992900, 0.7853981633974479500 ) ;
#9990 = LINE ( 'NONE', #2164, #7655 ) ;
#9991 = ORIENTED_EDGE ( 'NONE', *, *, #3839, .F. ) ;
#9992 = EDGE_LOOP ( 'NONE', ( #2179, #7761, #6242, #7158 ) ) ;
#9993 = VECTOR ( 'NONE', #5640, 1000.000000000000000 ) ;
#9994 = FACE_OUTER_BOUND ( 'NONE', #10496, .T. ) ;
#9995 = EDGE_CURVE ( 'NONE', #8535, #4991, #2725, .T. ) ;
#9996 = CARTESIAN_POINT ( 'NONE',  ( 1.105825268713746200E-015, 7.825000000000000200, 1.734723475976807100E-015 ) ) ;
#9997 = DIRECTION ( 'NONE',  ( -0.4265687399014594400, 0.9044551454543675600, 0.0000000000000000000 ) ) ;
#9998 = EDGE_CURVE ( 'NONE', #7122, #4204, #662, .T. ) ;
#9999 = LINE ( 'NONE', #11073, #9324 ) ;
#10000 = CARTESIAN_POINT ( 'NONE',  ( -6.850000000000002300, 12.30000000000000100, 16.42360679775009700 ) ) ;
#10001 = CARTESIAN_POINT ( 'NONE',  ( 8.350000000000116900, 7.949999999999998400, 2.200000000000000600 ) ) ;
#10002 = CIRCLE ( 'NONE', #9135, 4.500000000000000000 ) ;
#10003 = AXIS2_PLACEMENT_3D ( 'NONE', #9073, #8152, #3061 ) ;
#10004 = DIRECTION ( 'NONE',  ( 2.496005001405477600E-016, 0.0000000000000000000, 1.000000000000000000 ) ) ;
#10005 = ORIENTED_EDGE ( 'NONE', *, *, #11014, .F. ) ;
#10006 = CYLINDRICAL_SURFACE ( 'NONE', #6117, 0.5999999999999997600 ) ;
#10007 = EDGE_LOOP ( 'NONE', ( #10109, #8389, #10933, #3768 ) ) ;
#10008 = DIRECTION ( 'NONE',  ( -1.000000000000000000, 0.0000000000000000000, 1.079143686455245600E-015 ) ) ;
#10009 = VERTEX_POINT ( 'NONE', #8672 ) ;
#10010 = LINE ( 'NONE', #7360, #8219 ) ;
#10011 = VECTOR ( 'NONE', #694, 1000.000000000000000 ) ;
#10012 = VECTOR ( 'NONE', #910, 1000.000000000000100 ) ;
#10013 = FILL_AREA_STYLE ('',( #4807 ) ) ;
#10014 = CARTESIAN_POINT ( 'NONE',  ( -8.450000000000001100, 8.000000000000000000, 4.476393202250135600 ) ) ;
#10015 = CIRCLE ( 'NONE', #7022, 1.499999999999999600 ) ;
#10016 = DIRECTION ( 'NONE',  ( 0.0000000000000000000, -0.0000000000000000000, 1.000000000000000000 ) ) ;
#10017 = EDGE_CURVE ( 'NONE', #159, #1428, #3284, .T. ) ;
#10018 = CARTESIAN_POINT ( 'NONE',  ( -8.350000000000001400, -1.843908891458577100, 3.300000000000114400 ) ) ;
#10019 = ORIENTED_EDGE ( 'NONE', *, *, #10067, .T. ) ;
#10020 = CARTESIAN_POINT ( 'NONE',  ( 4.403554195056584400E-014, 7.825000000000000200, 22.67500000000000400 ) ) ;
#10021 = AXIS2_PLACEMENT_3D ( 'NONE', #9423, #7026, #4419 ) ;
#10022 = LINE ( 'NONE', #630, #6584 ) ;
#10023 = DIRECTION ( 'NONE',  ( 0.7014534268891475800, -0.08923614685469524700, 0.7071067811865464600 ) ) ;
#10024 = EDGE_LOOP ( 'NONE', ( #3113, #10970 ) ) ;
#10025 = DIRECTION ( 'NONE',  ( -0.0000000000000000000, -0.0000000000000000000, 1.000000000000000000 ) ) ;
#10026 = VECTOR ( 'NONE', #8175, 1000.000000000000000 ) ;
#10027 = CARTESIAN_POINT ( 'NONE',  ( -6.850000000000002300, 12.30000000000000100, 8.450000000000113000 ) ) ;
#10028 = ORIENTED_EDGE ( 'NONE', *, *, #6293, .T. ) ;
#10029 = PLANE ( 'NONE',  #9133 ) ;
#10030 = PLANE ( 'NONE',  #7150 ) ;
#10031 = LINE ( 'NONE', #4605, #10694 ) ;
#10032 = DIRECTION ( 'NONE',  ( -5.583261179213479200E-016, -0.0000000000000000000, -1.000000000000000000 ) ) ;
#10033 = ORIENTED_EDGE ( 'NONE', *, *, #2489, .F. ) ;
#10034 = EDGE_CURVE ( 'NONE', #6899, #5720, #10962, .T. ) ;
#10035 = PLANE ( 'NONE',  #2084 ) ;
#10036 = AXIS2_PLACEMENT_3D ( 'NONE', #4487, #10573, #8848 ) ;
#10037 = FACE_OUTER_BOUND ( 'NONE', #7978, .T. ) ;
#10038 = ADVANCED_FACE ( 'NONE', ( #1216 ), #1499, .F. ) ;
#10040 = CARTESIAN_POINT ( 'NONE',  ( -9.999999999999996400, 1.599999999999956600, 10.94999999999999900 ) ) ;
#10039 = DIRECTION ( 'NONE',  ( -0.0000000000000000000, -0.0000000000000000000, 1.000000000000000000 ) ) ;
#10041 = VECTOR ( 'NONE', #124, 1000.000000000000000 ) ;
#10042 = CARTESIAN_POINT ( 'NONE',  ( 5.950000000000133400, 8.400000000000000400, 16.69999999999998900 ) ) ;
#10043 = VERTEX_POINT ( 'NONE', #9449 ) ;
#10044 = CARTESIAN_POINT ( 'NONE',  ( -8.350000000000001400, 0.4000000000000001900, 17.60000000000011500 ) ) ;
#10045 = LINE ( 'NONE', #6915, #10439 ) ;
#10046 = ORIENTED_EDGE ( 'NONE', *, *, #3872, .F. ) ;
#10047 = DIRECTION ( 'NONE',  ( -0.0000000000000000000, 0.0000000000000000000, 1.000000000000000000 ) ) ;
#10048 = ADVANCED_FACE ( 'NONE', ( #9584 ), #10375, .F. ) ;
#10049 = EDGE_CURVE ( 'NONE', #2380, #2985, #8359, .T. ) ;
#10050 = AXIS2_PLACEMENT_3D ( 'NONE', #5360, #1851, #1817 ) ;
#10051 = EDGE_CURVE ( 'NONE', #2810, #8605, #1617, .T. ) ;
#10052 = ORIENTED_EDGE ( 'NONE', *, *, #7888, .F. ) ;
#10053 = ORIENTED_EDGE ( 'NONE', *, *, #2233, .F. ) ;
#10054 = PLANE ( 'NONE',  #1420 ) ;
#10055 =( BOUNDED_CURVE ( )  B_SPLINE_CURVE ( 3, ( #2753, #5396, #6174, #9693 ),
 .UNSPECIFIED., .F., .F. ) 
 B_SPLINE_CURVE_WITH_KNOTS ( ( 4, 4 ),
 ( 3.871320309816750300, 4.271693344256119600 ),
 .UNSPECIFIED. ) 
 CURVE ( )  GEOMETRIC_REPRESENTATION_ITEM ( )  RATIONAL_B_SPLINE_CURVE ( ( 1.000000000000000000, 0.9866863370284213500, 0.9866863370284213500, 1.000000000000000000 ) ) 
 REPRESENTATION_ITEM ( '' )  );
#10056 = LINE ( 'NONE', #10613, #5260 ) ;
#10057 = ORIENTED_EDGE ( 'NONE', *, *, #2252, .F. ) ;
#10058 = CARTESIAN_POINT ( 'NONE',  ( 4.999999999999997300, 3.600000000000000100, 1.949999999999993500 ) ) ;
#10059 = ORIENTED_EDGE ( 'NONE', *, *, #5106, .F. ) ;
#10060 = DIRECTION ( 'NONE',  ( -1.000000000000000000, 0.0000000000000000000, 0.0000000000000000000 ) ) ;
#10061 = ORIENTED_EDGE ( 'NONE', *, *, #5355, .F. ) ;
#10062 = DIRECTION ( 'NONE',  ( -1.000000000000000000, 0.0000000000000000000, 0.0000000000000000000 ) ) ;
#10063 = CARTESIAN_POINT ( 'NONE',  ( -6.850000000000002300, 12.30000000000000100, 16.97639320225013600 ) ) ;
#10064 = CARTESIAN_POINT ( 'NONE',  ( -8.350000000000001400, -1.843908891458577100, 15.80000000000011600 ) ) ;
#10065 = VECTOR ( 'NONE', #8555, 1000.000000000000000 ) ;
#10066 = VERTEX_POINT ( 'NONE', #2496 ) ;
#10067 = EDGE_CURVE ( 'NONE', #1165, #2791, #1347, .T. ) ;
#10068 = CLOSED_SHELL ( 'NONE', ( #3397, #7708, #3520, #10359, #6266, #10720, #1848, #9145, #2088, #30, #114, #11389, #2476, #10465, #7285, #4001, #812 ) ) ;
#10069 = DIRECTION ( 'NONE',  ( 0.0000000000000000000, 0.0000000000000000000, 1.000000000000000000 ) ) ;
#10070 = EDGE_CURVE ( 'NONE', #6410, #9197, #1484, .T. ) ;
#10071 = DIRECTION ( 'NONE',  ( 1.000000000000000000, -0.0000000000000000000, -0.0000000000000000000 ) ) ;
#10072 = AXIS2_PLACEMENT_3D ( 'NONE', #2831, #6252, #3729 ) ;
#10073 = VERTEX_POINT ( 'NONE', #10337 ) ;
#10074 = CARTESIAN_POINT ( 'NONE',  ( -4.808410434011671300, 11.65487620520117000, 4.604363824220572000 ) ) ;
#10075 = DIRECTION ( 'NONE',  ( 0.0000000000000000000, 0.0000000000000000000, -1.000000000000000000 ) ) ;
#10076 = FACE_OUTER_BOUND ( 'NONE', #989, .T. ) ;
#10077 = ORIENTED_EDGE ( 'NONE', *, *, #5419, .T. ) ;
#10078 = VERTEX_POINT ( 'NONE', #9638 ) ;
#10079 = DIRECTION ( 'NONE',  ( -5.583261179213479200E-016, -0.0000000000000000000, -1.000000000000000000 ) ) ;
#10080 = EDGE_CURVE ( 'NONE', #5712, #9824, #8071, .T. ) ;
#10081 = ORIENTED_EDGE ( 'NONE', *, *, #599, .F. ) ;
#10082 = STYLED_ITEM ( 'NONE', ( #1364 ), #825 ) ;
#10083 = CIRCLE ( 'NONE', #4111, 1.400000000000000100 ) ;
#10084 = VERTEX_POINT ( 'NONE', #1729 ) ;
#10085 =( LENGTH_UNIT ( ) NAMED_UNIT ( * ) SI_UNIT ( .MILLI., .METRE. ) );
#10086 = ORIENTED_EDGE ( 'NONE', *, *, #9766, .T. ) ;
#10087 = DIRECTION ( 'NONE',  ( -0.0000000000000000000, -0.0000000000000000000, 1.000000000000000000 ) ) ;
#10088 = ADVANCED_FACE ( 'NONE', ( #5625 ), #10444, .F. ) ;
#10089 = CARTESIAN_POINT ( 'NONE',  ( -5.000000000000004400, 0.7000000000000000700, 11.24999999999999300 ) ) ;
#10090 = ORIENTED_EDGE ( 'NONE', *, *, #5898, .T. ) ;
#10091 = DIRECTION ( 'NONE',  ( -1.000000000000000000, 0.0000000000000000000, -0.0000000000000000000 ) ) ;
#10092 = DIRECTION ( 'NONE',  ( -0.0000000000000000000, -1.000000000000000000, -0.0000000000000000000 ) ) ;
#10093 = VERTEX_POINT ( 'NONE', #10592 ) ;
#10094 = CYLINDRICAL_SURFACE ( 'NONE', #1576, 0.6500000000000012400 ) ;
#10095 = EDGE_CURVE ( 'NONE', #4578, #2614, #1067, .T. ) ;
#10096 = ORIENTED_EDGE ( 'NONE', *, *, #8649, .F. ) ;
#10097 = VERTEX_POINT ( 'NONE', #3474 ) ;
#10098 = CARTESIAN_POINT ( 'NONE',  ( 0.0000000000000000000, 7.825000000000000200, -5.199999999999991300 ) ) ;
#10099 = DIRECTION ( 'NONE',  ( 0.0000000000000000000, 0.0000000000000000000, 1.000000000000000000 ) ) ;
#10100 = ADVANCED_FACE ( 'NONE', ( #515 ), #4433, .F. ) ;
#10101 = CARTESIAN_POINT ( 'NONE',  ( -4.578274166955052300E-015, 7.825000000000000200, -8.199999999999999300 ) ) ;
#10102 = ORIENTED_EDGE ( 'NONE', *, *, #4797, .F. ) ;
#10103 = DIRECTION ( 'NONE',  ( 0.0000000000000000000, 0.0000000000000000000, -1.000000000000000000 ) ) ;
#10104 = DIRECTION ( 'NONE',  ( 1.000000000000000000, 0.0000000000000000000, 0.0000000000000000000 ) ) ;
#10105 = ORIENTED_EDGE ( 'NONE', *, *, #959, .T. ) ;
#10106 = LINE ( 'NONE', #4043, #9814 ) ;
#10107 = CIRCLE ( 'NONE', #2170, 1.499999999999999600 ) ;
#10108 = EDGE_LOOP ( 'NONE', ( #43, #2183, #4600, #2585 ) ) ;
#10109 = ORIENTED_EDGE ( 'NONE', *, *, #7418, .T. ) ;
#10111 = DIRECTION ( 'NONE',  ( 0.0000000000000000000, 0.0000000000000000000, 1.000000000000000000 ) ) ;
#10110 = DIRECTION ( 'NONE',  ( 1.000000000000000000, -0.0000000000000000000, 0.0000000000000000000 ) ) ;
#10112 = CONTEXT_DEPENDENT_SHAPE_REPRESENTATION ( #994, #3494 ) ;
#10113 = EDGE_CURVE ( 'NONE', #5651, #7233, #3140, .T. ) ;
#10114 = DIRECTION ( 'NONE',  ( -0.0000000000000000000, -0.0000000000000000000, 1.000000000000000000 ) ) ;
#10115 = DIRECTION ( 'NONE',  ( 0.0000000000000000000, 0.0000000000000000000, -1.000000000000000000 ) ) ;
#10116 = VERTEX_POINT ( 'NONE', #1767 ) ;
#10117 =( BOUNDED_CURVE ( )  B_SPLINE_CURVE ( 3, ( #791, #6873, #6099, #11239 ),
 .UNSPECIFIED., .F., .F. ) 
 B_SPLINE_CURVE_WITH_KNOTS ( ( 4, 4 ),
 ( 4.271693344256119600, 4.712388980384690600 ),
 .UNSPECIFIED. ) 
 CURVE ( )  GEOMETRIC_REPRESENTATION_ITEM ( )  RATIONAL_B_SPLINE_CURVE ( ( 1.000000000000000000, 0.9838809907308638800, 0.9838809907308638800, 1.000000000000000000 ) ) 
 REPRESENTATION_ITEM ( '' )  );
#10118 = LINE ( 'NONE', #3702, #5307 ) ;
#10119 = LINE ( 'NONE', #2060, #9970 ) ;
#10120 = ORIENTED_EDGE ( 'NONE', *, *, #7101, .T. ) ;
#10121 = LINE ( 'NONE', #2570, #3811 ) ;
#10122 = FILL_AREA_STYLE_COLOUR ( '', #10660 ) ;
#10123 = CARTESIAN_POINT ( 'NONE',  ( 7.950000000000000200, 3.099999999999957000, 11.10000000000011700 ) ) ;
#10124 = ORIENTED_EDGE ( 'NONE', *, *, #4523, .T. ) ;
#10125 = CARTESIAN_POINT ( 'NONE',  ( -8.350000000000001400, 3.299999999999999800, 4.950000000000000200 ) ) ;
#10126 = ORIENTED_EDGE ( 'NONE', *, *, #4288, .F. ) ;
#10127 = LINE ( 'NONE', #10014, #4509 ) ;
#10128 = EDGE_CURVE ( 'NONE', #2431, #3885, #7257, .T. ) ;
#10129 = VECTOR ( 'NONE', #722, 1000.000000000000000 ) ;
#10130 = EDGE_CURVE ( 'NONE', #7224, #1998, #10550, .T. ) ;
#10131 = CARTESIAN_POINT ( 'NONE',  ( 7.950000000000000200, 0.4000000000000001900, 16.05000000000011400 ) ) ;
#10132 = LINE ( 'NONE', #344, #2696 ) ;
#10133 = DIRECTION ( 'NONE',  ( -1.579750383876801700E-015, -0.0000000000000000000, -1.000000000000000000 ) ) ;
#10134 = LINE ( 'NONE', #10308, #9304 ) ;
#10135 = SURFACE_SIDE_STYLE ('',( #998 ) ) ;
#10136 = ORIENTED_EDGE ( 'NONE', *, *, #1294, .T. ) ;
#10137 = CARTESIAN_POINT ( 'NONE',  ( 6.946575993125049900, 9.169852928574661300, 2.200000000000114300 ) ) ;
#10138 = VECTOR ( 'NONE', #8296, 1000.000000000000000 ) ;
#10139 = VECTOR ( 'NONE', #180, 1000.000000000000000 ) ;
#10140 = DIRECTION ( 'NONE',  ( 0.0000000000000000000, 0.0000000000000000000, 1.000000000000000000 ) ) ;
#10141 = CYLINDRICAL_SURFACE ( 'NONE', #1983, 0.3000000000000001600 ) ;
#10142 = VECTOR ( 'NONE', #5336, 1000.000000000000000 ) ;
#10143 = VECTOR ( 'NONE', #7632, 1000.000000000000000 ) ;
#10144 = ADVANCED_FACE ( 'NONE', ( #8222 ), #10517, .T. ) ;
#10145 = EDGE_CURVE ( 'NONE', #316, #1773, #5343, .T. ) ;
#10147 = CARTESIAN_POINT ( 'NONE',  ( 3.462499999999994100, 13.82222592120723300, -6.400000000000001200 ) ) ;
#10146 = CARTESIAN_POINT ( 'NONE',  ( 0.0000000000000000000, 7.825000000000000200, 24.18285556752039200 ) ) ;
#10148 = FACE_OUTER_BOUND ( 'NONE', #5673, .T. ) ;
#10149 = ORIENTED_EDGE ( 'NONE', *, *, #8002, .F. ) ;
#10150 = DIRECTION ( 'NONE',  ( 0.0000000000000000000, -0.0000000000000000000, -1.000000000000000000 ) ) ;
#10151 = EDGE_CURVE ( 'NONE', #8177, #4554, #4932, .T. ) ;
#10152 = CARTESIAN_POINT ( 'NONE',  ( -9.999999999999996400, 8.000000000000000000, 0.0000000000000000000 ) ) ;
#10153 = CARTESIAN_POINT ( 'NONE',  ( 8.350000000000132900, 8.400000000000000400, 18.70000000000000300 ) ) ;
#10154 = AXIS2_PLACEMENT_3D ( 'NONE', #5740, #2979, #6622 ) ;
#10155 = LINE ( 'NONE', #3834, #9039 ) ;
#10157 = DIRECTION ( 'NONE',  ( 0.0000000000000000000, 0.0000000000000000000, -1.000000000000000000 ) ) ;
#10156 = LINE ( 'NONE', #2930, #245 ) ;
#10158 = VECTOR ( 'NONE', #3559, 1000.000000000000000 ) ;
#10159 = PLANE ( 'NONE',  #1127 ) ;
#10160 = VECTOR ( 'NONE', #6362, 1000.000000000000000 ) ;
#10161 = ORIENTED_EDGE ( 'NONE', *, *, #869, .T. ) ;
#10162 = CARTESIAN_POINT ( 'NONE',  ( 6.946575993125049900, 9.169852928574661300, 8.750000000000108400 ) ) ;
#10163 = DIRECTION ( 'NONE',  ( -1.000000000000000000, 0.0000000000000000000, -0.0000000000000000000 ) ) ;
#10164 = CIRCLE ( 'NONE', #1027, 7.874999999999994700 ) ;
#10165 = EDGE_CURVE ( 'NONE', #2546, #2572, #534, .T. ) ;
#10166 = CARTESIAN_POINT ( 'NONE',  ( 4.500000000000000900, 7.825000000000000200, -10.94999999999999900 ) ) ;
#10167 = CARTESIAN_POINT ( 'NONE',  ( 1.162765584358865800, 9.140084288325327900, 3.855854138189487700 ) ) ;
#10168 = CARTESIAN_POINT ( 'NONE',  ( -3.042877342671344500E-015, 7.825000000000000200, -5.449999999999997500 ) ) ;
#10169 = AXIS2_PLACEMENT_3D ( 'NONE', #62, #7046, #11402 ) ;
#10170 = VECTOR ( 'NONE', #4200, 999.9999999999998900 ) ;
#10171 = CARTESIAN_POINT ( 'NONE',  ( -8.150000000000000400, 8.223606797749978300, 9.950000000000114800 ) ) ;
#10172 = ORIENTED_EDGE ( 'NONE', *, *, #3011, .T. ) ;
#10173 = DIRECTION ( 'NONE',  ( 0.0000000000000000000, 0.0000000000000000000, -1.000000000000000000 ) ) ;
#10174 = CIRCLE ( 'NONE', #2117, 1.000000000000000900 ) ;
#10175 = EDGE_LOOP ( 'NONE', ( #1853, #4474, #4052, #1861 ) ) ;
#10176 = DIRECTION ( 'NONE',  ( 0.0000000000000000000, 0.0000000000000000000, 1.000000000000000000 ) ) ;
#10177 = CARTESIAN_POINT ( 'NONE',  ( -5.493317281818449700, 12.93985310985218700, 8.450000000000113000 ) ) ;
#10178 = ORIENTED_EDGE ( 'NONE', *, *, #4727, .F. ) ;
#10179 = EDGE_CURVE ( 'NONE', #7841, #9521, #7007, .T. ) ;
#10180 = LINE ( 'NONE', #11032, #4422 ) ;
#10181 = CARTESIAN_POINT ( 'NONE',  ( -9.999999999999991100, 8.000000000000000000, 20.85000000000000100 ) ) ;
#10182 = EDGE_LOOP ( 'NONE', ( #9540, #11071, #9370, #2703 ) ) ;
#10183 = AXIS2_PLACEMENT_3D ( 'NONE', #5091, #2281, #9305 ) ;
#10184 = VECTOR ( 'NONE', #10233, 1000.000000000000100 ) ;
#10185 = ORIENTED_EDGE ( 'NONE', *, *, #4782, .F. ) ;
#10187 = CARTESIAN_POINT ( 'NONE',  ( -7.950000000000000200, 9.360147050873548500, 16.05000000000000100 ) ) ;
#10186 =( NAMED_UNIT ( * ) PLANE_ANGLE_UNIT ( ) SI_UNIT ( $, .RADIAN. ) );
#10188 = DIRECTION ( 'NONE',  ( 0.0000000000000000000, 1.000000000000000000, 0.0000000000000000000 ) ) ;
#10189 = ORIENTED_EDGE ( 'NONE', *, *, #521, .T. ) ;
#10190 = DIRECTION ( 'NONE',  ( -0.1261989691358260700, -0.9920049496797154200, 0.0000000000000000000 ) ) ;
#10191 = DIRECTION ( 'NONE',  ( 0.4265687399014593800, -0.9044551454543674500, -0.0000000000000000000 ) ) ;
#10192 = ORIENTED_EDGE ( 'NONE', *, *, #8763, .T. ) ;
#10193 = EDGE_LOOP ( 'NONE', ( #7, #7516, #796, #6666, #285, #10053, #8696, #748 ) ) ;
#10194 = MANIFOLD_SOLID_BREP ( 'Pin RN', #8313 ) ;
#10195 = VECTOR ( 'NONE', #2123, 1000.000000000000000 ) ;
#10196 = EDGE_CURVE ( 'NONE', #376, #782, #10690, .T. ) ;
#10197 = ORIENTED_EDGE ( 'NONE', *, *, #2304, .T. ) ;
#10198 = ORIENTED_EDGE ( 'NONE', *, *, #2537, .T. ) ;
#10199 = AXIS2_PLACEMENT_3D ( 'NONE', #5849, #3477, #6888 ) ;
#10200 = EDGE_CURVE ( 'NONE', #7725, #9489, #2876, .T. ) ;
#10201 = CARTESIAN_POINT ( 'NONE',  ( 7.299999999999998900, 8.000000000000000000, 17.60000000000000100 ) ) ;
#10202 = ADVANCED_FACE ( 'NONE', ( #6590 ), #10776, .F. ) ;
#10203 = VERTEX_POINT ( 'NONE', #3778 ) ;
#10204 = CARTESIAN_POINT ( 'NONE',  ( -8.350000000000001400, 8.000000000000000000, 3.700000000000113900 ) ) ;
#10205 = DIRECTION ( 'NONE',  ( 0.0000000000000000000, 0.0000000000000000000, 1.000000000000000000 ) ) ;
#10206 = LINE ( 'NONE', #7878, #8419 ) ;
#10207 = EDGE_LOOP ( 'NONE', ( #5188, #9905, #1856, #5047 ) ) ;
#10208 = ORIENTED_EDGE ( 'NONE', *, *, #1349, .F. ) ;
#10209 = ORIENTED_EDGE ( 'NONE', *, *, #2904, .T. ) ;
#10210 = VERTEX_POINT ( 'NONE', #8095 ) ;
#10211 = CARTESIAN_POINT ( 'NONE',  ( -5.493317281818449700, 12.93985310985218700, 14.70000000000011700 ) ) ;
#10212 = EDGE_CURVE ( 'NONE', #8993, #6485, #1444, .T. ) ;
#10213 = AXIS2_PLACEMENT_3D ( 'NONE', #9706, #2809, #5347 ) ;
#10214 = FACE_OUTER_BOUND ( 'NONE', #10321, .T. ) ;
#10215 = ORIENTED_EDGE ( 'NONE', *, *, #1105, .F. ) ;
#10216 = DIRECTION ( 'NONE',  ( -1.000000000000000000, 0.0000000000000000000, -0.0000000000000000000 ) ) ;
#10217 = ORIENTED_EDGE ( 'NONE', *, *, #823, .T. ) ;
#10218 = AXIS2_PLACEMENT_3D ( 'NONE', #8453, #11136, #8531 ) ;
#10220 = CARTESIAN_POINT ( 'NONE',  ( -4.808410434011671300, 11.61456914526348800, 10.00918024802088300 ) ) ;
#10219 = CARTESIAN_POINT ( 'NONE',  ( -8.350000000000001400, 8.000000000000000000, 3.300000000000114400 ) ) ;
#10221 = EDGE_LOOP ( 'NONE', ( #758, #9839 ) ) ;
#10222 = DIRECTION ( 'NONE',  ( -0.4265687399014594400, 0.9044551454543675600, 0.0000000000000000000 ) ) ;
#10223 = CARTESIAN_POINT ( 'NONE',  ( 7.950000000000000200, 9.360147050873548500, 11.10000000000011700 ) ) ;
#10224 = CARTESIAN_POINT ( 'NONE',  ( 4.750000000000132300, 8.400000000000000400, 14.70000000000000100 ) ) ;
#10225 = VERTEX_POINT ( 'NONE', #5532 ) ;
#10226 = DIRECTION ( 'NONE',  ( 1.000000000000000000, -0.0000000000000000000, -0.0000000000000000000 ) ) ;
#10227 = VECTOR ( 'NONE', #10568, 1000.000000000000000 ) ;
#10228 = ORIENTED_EDGE ( 'NONE', *, *, #735, .T. ) ;
#10229 = ORIENTED_EDGE ( 'NONE', *, *, #10571, .F. ) ;
#10230 = EDGE_CURVE ( 'NONE', #6623, #6753, #8087, .T. ) ;
#10231 = CARTESIAN_POINT ( 'NONE',  ( -0.7211618481916105500, 1.827774078792768300, -7.913192059410101300 ) ) ;
#10232 = EDGE_LOOP ( 'NONE', ( #324, #3633, #9130, #3775 ) ) ;
#10233 = DIRECTION ( 'NONE',  ( -0.9920049496797153100, 0.1261989691358270700, -0.0000000000000000000 ) ) ;
#10234 = VERTEX_POINT ( 'NONE', #6368 ) ;
#10235 = EDGE_LOOP ( 'NONE', ( #1940, #1116, #8024, #10185 ) ) ;
#10236 = CARTESIAN_POINT ( 'NONE',  ( 6.648974508221138900, 9.207712619315408600, 2.200000000000113400 ) ) ;
#10237 = CIRCLE ( 'NONE', #1543, 5.499999999999994700 ) ;
#10238 = ORIENTED_EDGE ( 'NONE', *, *, #10890, .T. ) ;
#10239 = DIRECTION ( 'NONE',  ( -0.0000000000000000000, -0.0000000000000000000, 1.000000000000000000 ) ) ;
#10240 = CARTESIAN_POINT ( 'NONE',  ( -9.999999999999996400, 8.000000000000000000, 3.300000000000000700 ) ) ;
#10241 = VERTEX_POINT ( 'NONE', #173 ) ;
#10242 = DIRECTION ( 'NONE',  ( -0.9044551454543676700, -0.4265687399014589400, 0.0000000000000000000 ) ) ;
#10243 = CARTESIAN_POINT ( 'NONE',  ( -8.350000000000001400, 8.000000000000000000, 18.70000000000011700 ) ) ;
#10244 = EDGE_CURVE ( 'NONE', #1695, #8401, #232, .T. ) ;
#10245 = ORIENTED_EDGE ( 'NONE', *, *, #3578, .F. ) ;
#10246 = ORIENTED_EDGE ( 'NONE', *, *, #4376, .T. ) ;
#10247 = CARTESIAN_POINT ( 'NONE',  ( -7.950000000000000200, 9.360147050873548500, 3.700000000000000600 ) ) ;
#10248 =( GEOMETRIC_REPRESENTATION_CONTEXT ( 3 ) GLOBAL_UNCERTAINTY_ASSIGNED_CONTEXT ( ( #322 ) ) GLOBAL_UNIT_ASSIGNED_CONTEXT ( ( #10898, #2531, #725 ) ) REPRESENTATION_CONTEXT ( 'NONE', 'WORKASPACE' ) );
#10249 = VECTOR ( 'NONE', #10092, 1000.000000000000000 ) ;
#10250 = FACE_OUTER_BOUND ( 'NONE', #257, .T. ) ;
#10251 = ORIENTED_EDGE ( 'NONE', *, *, #4931, .F. ) ;
#10252 = EDGE_CURVE ( 'NONE', #4976, #7600, #8774, .T. ) ;
#10253 = PLANE ( 'NONE',  #9010 ) ;
#10254 = DIRECTION ( 'NONE',  ( 1.000000000000000000, -0.0000000000000000000, -0.0000000000000000000 ) ) ;
#10255 = CARTESIAN_POINT ( 'NONE',  ( -1.176764153946479500, 9.486566750274775500, 10.40413740836358700 ) ) ;
#10256 = DIRECTION ( 'NONE',  ( 0.0000000000000000000, 0.0000000000000000000, -1.000000000000000000 ) ) ;
#10257 = DIRECTION ( 'NONE',  ( 1.000000000000000000, -0.0000000000000000000, -0.0000000000000000000 ) ) ;
#10258 = ADVANCED_FACE ( 'NONE', ( #8375 ), #3431, .T. ) ;
#10259 = ORIENTED_EDGE ( 'NONE', *, *, #8812, .F. ) ;
#10260 = ORIENTED_EDGE ( 'NONE', *, *, #3496, .F. ) ;
#10261 = FACE_OUTER_BOUND ( 'NONE', #1076, .T. ) ;
#10262 = DIRECTION ( 'NONE',  ( 0.0000000000000000000, 0.0000000000000000000, 1.000000000000000000 ) ) ;
#10263 = CARTESIAN_POINT ( 'NONE',  ( -8.350000000000001400, 8.000000000000000000, 15.80000000000011600 ) ) ;
#10264 = EDGE_CURVE ( 'NONE', #10450, #3892, #6170, .T. ) ;
#10265 = VECTOR ( 'NONE', #546, 1000.000000000000000 ) ;
#10266 = AXIS2_PLACEMENT_3D ( 'NONE', #6640, #443, #1369 ) ;
#10267 = EDGE_CURVE ( 'NONE', #9840, #4315, #4124, .T. ) ;
#10268 = LINE ( 'NONE', #7698, #2447 ) ;
#10269 = VERTEX_POINT ( 'NONE', #9897 ) ;
#10270 = CARTESIAN_POINT ( 'NONE',  ( -9.999999999999996400, -3.349999999999998800, 16.05000000000011800 ) ) ;
#10271 = ORIENTED_EDGE ( 'NONE', *, *, #5285, .T. ) ;
#10272 = CYLINDRICAL_SURFACE ( 'NONE', #9942, 0.5999999999999997600 ) ;
#10273 = CIRCLE ( 'NONE', #9150, 1.599999999999999900 ) ;
#10274 = LINE ( 'NONE', #1258, #6432 ) ;
#10275 = CARTESIAN_POINT ( 'NONE',  ( 7.350000000000001400, 1.600000000000000300, 10.94999999999999900 ) ) ;
#10276 = LINE ( 'NONE', #9068, #10952 ) ;
#10277 = CARTESIAN_POINT ( 'NONE',  ( 0.0000000000000000000, 0.4000000000000000200, 0.0000000000000000000 ) ) ;
#10278 = DIRECTION ( 'NONE',  ( 0.0000000000000000000, 1.000000000000000000, 0.0000000000000000000 ) ) ;
#10279 = CARTESIAN_POINT ( 'NONE',  ( -1.662550703725274700, 9.329509229152996900, 4.303300805249041800 ) ) ;
#10280 = VECTOR ( 'NONE', #3795, 1000.000000000000100 ) ;
#10281 = CARTESIAN_POINT ( 'NONE',  ( -5.108410434011671200, 11.65487620520117000, 8.450000000000113000 ) ) ;
#10282 = EDGE_LOOP ( 'NONE', ( #6474, #1687, #8160, #10762 ) ) ;
#10283 = ORIENTED_EDGE ( 'NONE', *, *, #5664, .F. ) ;
#10284 = VECTOR ( 'NONE', #4192, 1000.000000000000000 ) ;
#10285 = FACE_BOUND ( 'NONE', #1419, .T. ) ;
#10286 = EDGE_CURVE ( 'NONE', #2394, #4603, #7273, .T. ) ;
#10287 = DIRECTION ( 'NONE',  ( -0.0000000000000000000, -0.0000000000000000000, 1.000000000000000000 ) ) ;
#10288 = VECTOR ( 'NONE', #7467, 1000.000000000000100 ) ;
#10289 = EDGE_CURVE ( 'NONE', #1422, #10203, #1764, .T. ) ;
#10290 = LINE ( 'NONE', #5112, #5211 ) ;
#10291 = FACE_OUTER_BOUND ( 'NONE', #3597, .T. ) ;
#10292 = AXIS2_PLACEMENT_3D ( 'NONE', #1713, #6018, #9624 ) ;
#10293 = CARTESIAN_POINT ( 'NONE',  ( -8.350000000000001400, 9.360147050873548500, 9.700000000000001100 ) ) ;
#10294 = CARTESIAN_POINT ( 'NONE',  ( -2.610512356868663500, 10.78889192452703600, 2.567500000000112200 ) ) ;
#10295 = ORIENTED_EDGE ( 'NONE', *, *, #323, .F. ) ;
#10296 = DIRECTION ( 'NONE',  ( -1.000000000000000000, 0.0000000000000000000, 1.458256504586804900E-015 ) ) ;
#10297 = DIRECTION ( 'NONE',  ( 0.0000000000000000000, 0.0000000000000000000, -1.000000000000000000 ) ) ;
#10298 = EDGE_LOOP ( 'NONE', ( #6944, #554, #10945, #4303 ) ) ;
#10299 = DIRECTION ( 'NONE',  ( 1.000000000000000000, -0.0000000000000000000, -0.0000000000000000000 ) ) ;
#10300 = VECTOR ( 'NONE', #8136, 1000.000000000000000 ) ;
#10301 = EDGE_CURVE ( 'NONE', #3638, #7354, #9598, .T. ) ;
#10303 = CARTESIAN_POINT ( 'NONE',  ( 5.950000000000133400, 8.900000000000000400, 16.69999999999998900 ) ) ;
#10302 = CARTESIAN_POINT ( 'NONE',  ( 7.950000000000000200, -1.843908891458577100, 3.300000000000000700 ) ) ;
#10304 = ORIENTED_EDGE ( 'NONE', *, *, #5860, .T. ) ;
#10305 = MECHANICAL_DESIGN_GEOMETRIC_PRESENTATION_REPRESENTATION (  '', ( #10082 ), #10874 ) ;
#10306 = LINE ( 'NONE', #3546, #5356 ) ;
#10307 = DIRECTION ( 'NONE',  ( -1.579750383876801700E-015, -0.0000000000000000000, -1.000000000000000000 ) ) ;
#10308 = CARTESIAN_POINT ( 'NONE',  ( -4.808410434011671300, 11.65487620520117000, 8.450000000000113000 ) ) ;
#10309 = AXIS2_PLACEMENT_3D ( 'NONE', #10443, #2424, #802 ) ;
#10310 = EDGE_LOOP ( 'NONE', ( #9650, #2310, #6225, #6861 ) ) ;
#10311 = LINE ( 'NONE', #3019, #3595 ) ;
#10312 = CARTESIAN_POINT ( 'NONE',  ( 3.200948314322416900, 1.827774078792768100, -7.411552078896172600 ) ) ;
#10313 = ORIENTED_EDGE ( 'NONE', *, *, #2100, .T. ) ;
#10314 = VECTOR ( 'NONE', #9601, 1000.000000000000000 ) ;
#10315 = DIRECTION ( 'NONE',  ( 5.583261179213479200E-016, 0.0000000000000000000, 1.000000000000000000 ) ) ;
#10316 = EDGE_CURVE ( 'NONE', #2756, #7835, #6719, .T. ) ;
#10317 = EDGE_LOOP ( 'NONE', ( #8016, #2110, #10910, #338 ) ) ;
#10318 = EDGE_CURVE ( 'NONE', #4315, #212, #5486, .T. ) ;
#10319 = ADVANCED_FACE ( 'NONE', ( #3155 ), #800, .T. ) ;
#10320 = AXIS2_PLACEMENT_3D ( 'NONE', #8485, #6793, #3232 ) ;
#10321 = EDGE_LOOP ( 'NONE', ( #8847, #2864, #28, #8907, #7470, #5530 ) ) ;
#10322 = DIRECTION ( 'NONE',  ( -0.0000000000000000000, -0.0000000000000000000, 1.000000000000000000 ) ) ;
#10323 = VERTEX_POINT ( 'NONE', #451 ) ;
#10324 = VERTEX_POINT ( 'NONE', #4776 ) ;
#10325 = CARTESIAN_POINT ( 'NONE',  ( -7.950000000000000200, 8.000000000000000000, 14.70000000000011700 ) ) ;
#10326 = ORIENTED_EDGE ( 'NONE', *, *, #2599, .F. ) ;
#10327 = EDGE_LOOP ( 'NONE', ( #2485, #9063, #8191, #3558 ) ) ;
#10328 = DIRECTION ( 'NONE',  ( -1.000000000000000000, 0.0000000000000000000, 5.782411586589356700E-016 ) ) ;
#10329 = LINE ( 'NONE', #1057, #2634 ) ;
#10330 = ORIENTED_EDGE ( 'NONE', *, *, #10985, .F. ) ;
#10331 = VERTEX_POINT ( 'NONE', #4738 ) ;
#10332 = EDGE_CURVE ( 'NONE', #7770, #7376, #4648, .T. ) ;
#10333 = AXIS2_PLACEMENT_3D ( 'NONE', #10654, #7976, #2724 ) ;
#10334 = VERTEX_POINT ( 'NONE', #409 ) ;
#10336 = DIRECTION ( 'NONE',  ( -0.0000000000000000000, -0.0000000000000000000, 1.000000000000000000 ) ) ;
#10335 = CARTESIAN_POINT ( 'NONE',  ( -7.950000000000000200, 1.599999999999999900, 11.20000000000000100 ) ) ;
#10337 = CARTESIAN_POINT ( 'NONE',  ( -4.053879558652648800, 10.97251142461965900, 6.200000000000113900 ) ) ;
#10338 = CYLINDRICAL_SURFACE ( 'NONE', #3166, 0.2999999999999999300 ) ;
#10339 = EDGE_LOOP ( 'NONE', ( #4240, #613, #9754, #4864 ) ) ;
#10340 = DIRECTION ( 'NONE',  ( 0.9591136517499718700, -0.2830212059666797300, 0.0000000000000000000 ) ) ;
#10341 = ORIENTED_EDGE ( 'NONE', *, *, #7017, .F. ) ;
#10342 = EDGE_LOOP ( 'NONE', ( #2473, #2481, #561, #866, #1288, #8911 ) ) ;
#10343 = CARTESIAN_POINT ( 'NONE',  ( -3.462500000000003500, 1.827774078792768100, -7.274999999999975500 ) ) ;
#10344 = CARTESIAN_POINT ( 'NONE',  ( 7.950000000000000200, 9.360147050873548500, 17.35000000000011500 ) ) ;
#10345 = EDGE_CURVE ( 'NONE', #9236, #8177, #1082, .T. ) ;
#10346 = VECTOR ( 'NONE', #10818, 1000.000000000000000 ) ;
#10347 = ORIENTED_EDGE ( 'NONE', *, *, #10441, .T. ) ;
#10348 = EDGE_CURVE ( 'NONE', #2269, #2777, #9323, .T. ) ;
#10349 = ORIENTED_EDGE ( 'NONE', *, *, #10130, .F. ) ;
#10350 = CARTESIAN_POINT ( 'NONE',  ( 7.900000000000114900, 8.400000000000000400, 2.200000000000000600 ) ) ;
#10351 =( GEOMETRIC_REPRESENTATION_CONTEXT ( 3 ) GLOBAL_UNCERTAINTY_ASSIGNED_CONTEXT ( ( #9751 ) ) GLOBAL_UNIT_ASSIGNED_CONTEXT ( ( #614, #10186, #6767 ) ) REPRESENTATION_CONTEXT ( 'NONE', 'WORKASPACE' ) );
#10352 = CARTESIAN_POINT ( 'NONE',  ( -9.999999999999996400, 3.299999999999999800, 4.950000000000000200 ) ) ;
#10353 = CARTESIAN_POINT ( 'NONE',  ( 5.950000000000002000, 8.900000000000000400, 4.199999999999989500 ) ) ;
#10354 = ORIENTED_EDGE ( 'NONE', *, *, #4193, .T. ) ;
#10355 = CARTESIAN_POINT ( 'NONE',  ( -8.350000000000001400, 0.3999999999999993000, 11.10000000000000300 ) ) ;
#10356 = VECTOR ( 'NONE', #6169, 1000.000000000000000 ) ;
#10357 = ORIENTED_EDGE ( 'NONE', *, *, #8635, .F. ) ;
#10358 = ORIENTED_EDGE ( 'NONE', *, *, #10244, .F. ) ;
#10359 = ADVANCED_FACE ( 'NONE', ( #9873 ), #2041, .T. ) ;
#10360 = DIRECTION ( 'NONE',  ( -1.000000000000000000, 0.0000000000000000000, -0.0000000000000000000 ) ) ;
#10361 = DIRECTION ( 'NONE',  ( 0.0000000000000000000, 1.000000000000000000, 0.0000000000000000000 ) ) ;
#10362 = DIRECTION ( 'NONE',  ( 0.0000000000000000000, 1.000000000000000000, 0.0000000000000000000 ) ) ;
#10363 = EDGE_CURVE ( 'NONE', #4308, #1409, #4667, .T. ) ;
#10364 = ORIENTED_EDGE ( 'NONE', *, *, #5145, .T. ) ;
#10365 = EDGE_CURVE ( 'NONE', #1134, #9263, #11107, .T. ) ;
#10366 = AXIS2_PLACEMENT_3D ( 'NONE', #2901, #118, #1046 ) ;
#10367 = ORIENTED_EDGE ( 'NONE', *, *, #9652, .F. ) ;
#10368 = CIRCLE ( 'NONE', #9454, 0.3000000000000016500 ) ;
#10369 = ORIENTED_EDGE ( 'NONE', *, *, #10637, .T. ) ;
#10370 = ADVANCED_FACE ( 'NONE', ( #249 ), #6499, .F. ) ;
#10371 = CARTESIAN_POINT ( 'NONE',  ( 6.946575993125049900, 9.169852928574661300, 5.900000000000115800 ) ) ;
#10372 = EDGE_LOOP ( 'NONE', ( #4824, #9548, #4775, #8496 ) ) ;
#10374 = CARTESIAN_POINT ( 'NONE',  ( -1.674978353764041100E-015, 7.825000000000000200, -2.999999999999995600 ) ) ;
#10373 = DIRECTION ( 'NONE',  ( 0.0000000000000000000, 1.000000000000000000, 0.0000000000000000000 ) ) ;
#10375 = PLANE ( 'NONE',  #5026 ) ;
#10376 = ORIENTED_EDGE ( 'NONE', *, *, #433, .F. ) ;
#10377 = PLANE ( 'NONE',  #7659 ) ;
#10378 = ORIENTED_EDGE ( 'NONE', *, *, #9731, .T. ) ;
#10379 = CYLINDRICAL_SURFACE ( 'NONE', #1784, 0.2999999999999999300 ) ;
#10380 = CIRCLE ( 'NONE', #10844, 3.214999999999999900 ) ;
#10381 = EDGE_CURVE ( 'NONE', #6564, #8564, #4526, .T. ) ;
#10382 = ORIENTED_EDGE ( 'NONE', *, *, #8385, .F. ) ;
#10383 = AXIS2_PLACEMENT_3D ( 'NONE', #9327, #2261, #7424 ) ;
#10384 = AXIS2_PLACEMENT_3D ( 'NONE', #9471, #9094, #539 ) ;
#10385 = CARTESIAN_POINT ( 'NONE',  ( -7.950000000000000200, 3.299999999999999800, 11.20000000000000100 ) ) ;
#10386 = CARTESIAN_POINT ( 'NONE',  ( -6.850000000000002300, 12.30000000000000100, 6.200000000000113900 ) ) ;
#10387 = DIRECTION ( 'NONE',  ( 1.000000000000000000, 0.0000000000000000000, -0.0000000000000000000 ) ) ;
#10388 = ORIENTED_EDGE ( 'NONE', *, *, #9743, .F. ) ;
#10389 = ORIENTED_EDGE ( 'NONE', *, *, #3216, .T. ) ;
#10390 = VECTOR ( 'NONE', #5989, 1000.000000000000000 ) ;
#10391 = VECTOR ( 'NONE', #4771, 1000.000000000000000 ) ;
#10392 = CARTESIAN_POINT ( 'NONE',  ( 1.195506840486542500, 9.397451589815954500, 16.35283320606802000 ) ) ;
#10393 = DIRECTION ( 'NONE',  ( -0.0000000000000000000, 1.000000000000000000, -0.0000000000000000000 ) ) ;
#10394 = EDGE_CURVE ( 'NONE', #2216, #1321, #3703, .T. ) ;
#10395 = CARTESIAN_POINT ( 'NONE',  ( 8.347213595500074100, 8.000000000000000000, 18.70000000000000300 ) ) ;
#10396 = AXIS2_PLACEMENT_3D ( 'NONE', #6742, #7619, #2354 ) ;
#10397 = DIRECTION ( 'NONE',  ( 0.0000000000000000000, 0.5766660201766968800, -0.8169799882332305900 ) ) ;
#10398 = ORIENTED_EDGE ( 'NONE', *, *, #9975, .F. ) ;
#10399 = DIRECTION ( 'NONE',  ( 0.1261989691358270700, 0.9920049496797153100, 0.0000000000000000000 ) ) ;
#10400 = ORIENTED_EDGE ( 'NONE', *, *, #10318, .F. ) ;
#10401 = CARTESIAN_POINT ( 'NONE',  ( -7.950000000000000200, 8.000000000000000000, 2.200000000000114300 ) ) ;
#10402 = LINE ( 'NONE', #4016, #82 ) ;
#10403 = CARTESIAN_POINT ( 'NONE',  ( -3.927680589516822100, 11.96451637429937500, 8.450000000000113000 ) ) ;
#10404 = DIRECTION ( 'NONE',  ( 1.000000000000000000, 0.0000000000000000000, 0.0000000000000000000 ) ) ;
#10405 = COLOUR_RGB ( '',0.2509803921568627400, 0.2509803921568627400, 0.2509803921568627400 ) ;
#10406 = CARTESIAN_POINT ( 'NONE',  ( 8.350000000000116900, 7.949999999999998400, 9.550000000000000700 ) ) ;
#10407 = DIRECTION ( 'NONE',  ( 0.9044551454543665600, 0.4265687399014614900, 0.0000000000000000000 ) ) ;
#10408 = VECTOR ( 'NONE', #5813, 1000.000000000000000 ) ;
#10409 = CARTESIAN_POINT ( 'NONE',  ( 3.004255071646474700, 8.796433938085819200, 16.70000000000011300 ) ) ;
#10410 = ORIENTED_EDGE ( 'NONE', *, *, #50, .F. ) ;
#10411 = LINE ( 'NONE', #5000, #4108 ) ;
#10412 = EDGE_CURVE ( 'NONE', #2794, #7417, #2449, .T. ) ;
#10413 = VECTOR ( 'NONE', #8683, 1000.000000000000000 ) ;
#10414 = CIRCLE ( 'NONE', #7362, 0.6500000000000012400 ) ;
#10415 = LINE ( 'NONE', #2410, #5070 ) ;
#10416 = ADVANCED_FACE ( 'NONE', ( #3016 ), #6572, .T. ) ;
#10417 = CARTESIAN_POINT ( 'NONE',  ( -4.832135734971188900, 11.53794763439791800, 10.95000000000011500 ) ) ;
#10418 = LINE ( 'NONE', #10677, #1211 ) ;
#10419 = ORIENTED_EDGE ( 'NONE', *, *, #5632, .F. ) ;
#10420 = LINE ( 'NONE', #10604, #4531 ) ;
#10421 = LINE ( 'NONE', #7456, #11378 ) ;
#10422 = ADVANCED_FACE ( 'NONE', ( #8905 ), #1896, .T. ) ;
#10423 = DIRECTION ( 'NONE',  ( 2.111837275102199700E-016, -0.0000000000000000000, -1.000000000000000000 ) ) ;
#10424 = VECTOR ( 'NONE', #7265, 1000.000000000000000 ) ;
#10425 = DIRECTION ( 'NONE',  ( 0.9920049496797154200, -0.1261989691358267300, -0.0000000000000000000 ) ) ;
#10426 = ORIENTED_EDGE ( 'NONE', *, *, #8858, .T. ) ;
#10427 = EDGE_CURVE ( 'NONE', #2812, #3523, #383, .T. ) ;
#10428 = CIRCLE ( 'NONE', #1025, 0.4500000000000007300 ) ;
#10429 = ORIENTED_EDGE ( 'NONE', *, *, #903, .F. ) ;
#10430 = EDGE_CURVE ( 'NONE', #10490, #8030, #6299, .T. ) ;
#10431 = AXIS2_PLACEMENT_3D ( 'NONE', #475, #1426, #5754 ) ;
#10432 = CARTESIAN_POINT ( 'NONE',  ( 6.997055580779380600, 9.566654908446548000, 8.750000000000108400 ) ) ;
#10433 = CARTESIAN_POINT ( 'NONE',  ( 2.343809613684551400, 13.82222592120723300, -7.708850642499262700 ) ) ;
#10434 = CARTESIAN_POINT ( 'NONE',  ( -1.880187805439771800, 9.527196853685957500, 16.35585413818948600 ) ) ;
#10435 = LINE ( 'NONE', #10622, #4138 ) ;
#10436 = DIRECTION ( 'NONE',  ( 1.000000000000000000, -0.0000000000000000000, -0.0000000000000000000 ) ) ;
#10437 = ORIENTED_EDGE ( 'NONE', *, *, #2325, .F. ) ;
#10438 = CARTESIAN_POINT ( 'NONE',  ( -9.999999999999996400, 3.299999999999999800, 17.44999999999999900 ) ) ;
#10439 = VECTOR ( 'NONE', #4427, 1000.000000000000000 ) ;
#10440 = ORIENTED_EDGE ( 'NONE', *, *, #84, .T. ) ;
#10441 = EDGE_CURVE ( 'NONE', #2203, #4734, #5627, .T. ) ;
#10443 = CARTESIAN_POINT ( 'NONE',  ( -3.573287154696624500E-015, 7.825000000000000200, -6.399999999999997700 ) ) ;
#10442 = DIRECTION ( 'NONE',  ( 0.1261989691358260700, 0.9920049496797155300, 0.0000000000000000000 ) ) ;
#10444 = PLANE ( 'NONE',  #10529 ) ;
#10445 = AXIS2_PLACEMENT_3D ( 'NONE', #619, #3174, #4942 ) ;
#10446 = CARTESIAN_POINT ( 'NONE',  ( 4.194641597934185600, 9.923166996255266900, 15.06750000000011300 ) ) ;
#10447 = VERTEX_POINT ( 'NONE', #5568 ) ;
#10448 = DIRECTION ( 'NONE',  ( -0.0000000000000000000, 1.000000000000000000, -0.0000000000000000000 ) ) ;
#10449 = FACE_OUTER_BOUND ( 'NONE', #3311, .T. ) ;
#10450 = VERTEX_POINT ( 'NONE', #8334 ) ;
#10451 = CARTESIAN_POINT ( 'NONE',  ( 7.900000000000114900, 7.949999999999998400, 3.300000000000000700 ) ) ;
#10452 = VECTOR ( 'NONE', #8955, 1000.000000000000000 ) ;
#10453 = ORIENTED_EDGE ( 'NONE', *, *, #769, .T. ) ;
#10454 = CARTESIAN_POINT ( 'NONE',  ( -9.999999999999996400, 8.000000000000000000, 3.300000000000000700 ) ) ;
#10455 = VERTEX_POINT ( 'NONE', #4697 ) ;
#10456 = PLANE ( 'NONE',  #2959 ) ;
#10457 = EDGE_CURVE ( 'NONE', #10877, #376, #789, .T. ) ;
#10458 = VERTEX_POINT ( 'NONE', #1304 ) ;
#10459 = CARTESIAN_POINT ( 'NONE',  ( 3.462499999999992800, 13.82222592120723300, -7.274999999999975500 ) ) ;
#10460 = ORIENTED_EDGE ( 'NONE', *, *, #4693, .F. ) ;
#10461 = AXIS2_PLACEMENT_3D ( 'NONE', #10438, #5200, #9557 ) ;
#10462 = CIRCLE ( 'NONE', #8302, 7.874999999999994700 ) ;
#10463 = ORIENTED_EDGE ( 'NONE', *, *, #6002, .F. ) ;
#10464 = EDGE_LOOP ( 'NONE', ( #2215, #6781, #4120, #2162, #5274, #7295, #3779, #6483 ) ) ;
#10465 = ADVANCED_FACE ( 'NONE', ( #10552 ), #9456, .F. ) ;
#10466 = CARTESIAN_POINT ( 'NONE',  ( 3.210233636357328700, 8.000000000000023100, 1.355898211009252600E-015 ) ) ;
#10467 = ORIENTED_EDGE ( 'NONE', *, *, #9203, .F. ) ;
#10468 = DIRECTION ( 'NONE',  ( 0.0000000000000000000, -1.000000000000000000, 0.0000000000000000000 ) ) ;
#10469 = CARTESIAN_POINT ( 'NONE',  ( -8.350000000000001400, 1.600000000000000100, 3.450000000000000600 ) ) ;
#10470 = CARTESIAN_POINT ( 'NONE',  ( 1.134207462249531500E-014, 8.000000000000000000, 0.0000000000000000000 ) ) ;
#10471 = DIRECTION ( 'NONE',  ( 0.7402181274868354600, -0.6723668074346643700, 0.0000000000000000000 ) ) ;
#10472 = ORIENTED_EDGE ( 'NONE', *, *, #7494, .F. ) ;
#10473 = LINE ( 'NONE', #3780, #8288 ) ;
#10474 = EDGE_CURVE ( 'NONE', #9926, #4213, #664, .T. ) ;
#10475 = ORIENTED_EDGE ( 'NONE', *, *, #9794, .F. ) ;
#10476 = PLANE ( 'NONE',  #8708 ) ;
#10477 = ORIENTED_EDGE ( 'NONE', *, *, #9778, .F. ) ;
#10478 = AXIS2_PLACEMENT_3D ( 'NONE', #1273, #5733, #10104 ) ;
#10479 = DIRECTION ( 'NONE',  ( 0.0000000000000000000, 0.0000000000000000000, -1.000000000000000000 ) ) ;
#10480 = ORIENTED_EDGE ( 'NONE', *, *, #10683, .F. ) ;
#10481 = FILL_AREA_STYLE_COLOUR ( '', #3714 ) ;
#10482 = CARTESIAN_POINT ( 'NONE',  ( -5.108410434011671200, 11.65487620520117000, 8.450000000000113000 ) ) ;
#10483 = DIRECTION ( 'NONE',  ( -0.1261989691358260700, -0.9920049496797154200, 0.0000000000000000000 ) ) ;
#10484 = LINE ( 'NONE', #550, #2805 ) ;
#10485 = ORIENTED_EDGE ( 'NONE', *, *, #9747, .F. ) ;
#10486 = ORIENTED_EDGE ( 'NONE', *, *, #11162, .F. ) ;
#10487 = ADVANCED_FACE ( 'NONE', ( #10291 ), #9361, .F. ) ;
#10488 = ORIENTED_EDGE ( 'NONE', *, *, #7101, .F. ) ;
#10489 = EDGE_CURVE ( 'NONE', #5639, #10447, #2173, .T. ) ;
#10490 = VERTEX_POINT ( 'NONE', #4962 ) ;
#10491 = DIRECTION ( 'NONE',  ( -0.0000000000000000000, -0.0000000000000000000, 1.000000000000000000 ) ) ;
#10492 = AXIS2_PLACEMENT_3D ( 'NONE', #10590, #2730, #7106 ) ;
#10493 = FACE_OUTER_BOUND ( 'NONE', #6654, .T. ) ;
#10494 = EDGE_LOOP ( 'NONE', ( #6941, #1803, #2752, #1016 ) ) ;
#10495 = DIRECTION ( 'NONE',  ( 0.0000000000000000000, -1.000000000000000000, 0.0000000000000000000 ) ) ;
#10496 = EDGE_LOOP ( 'NONE', ( #5405, #10560, #4673, #3101 ) ) ;
#10497 = DIRECTION ( 'NONE',  ( -0.0000000000000000000, -0.0000000000000000000, 1.000000000000000000 ) ) ;
#10498 = ORIENTED_EDGE ( 'NONE', *, *, #9384, .T. ) ;
#10499 = DIRECTION ( 'NONE',  ( 0.0000000000000000000, 0.0000000000000000000, 1.000000000000000000 ) ) ;
#10500 = VERTEX_POINT ( 'NONE', #3197 ) ;
#10501 = FACE_OUTER_BOUND ( 'NONE', #463, .T. ) ;
#10502 = ORIENTED_EDGE ( 'NONE', *, *, #5744, .F. ) ;
#10503 = DIRECTION ( 'NONE',  ( 1.000000000000000000, 0.0000000000000000000, 0.0000000000000000000 ) ) ;
#10504 = ORIENTED_EDGE ( 'NONE', *, *, #7653, .T. ) ;
#10505 = DIRECTION ( 'NONE',  ( 0.0000000000000000000, 0.0000000000000000000, 1.000000000000000000 ) ) ;
#10506 = EDGE_CURVE ( 'NONE', #4918, #2311, #519, .T. ) ;
#10507 = DIRECTION ( 'NONE',  ( 0.2830212059666766800, -0.9591136517499727600, 0.0000000000000000000 ) ) ;
#10508 = AXIS2_PLACEMENT_3D ( 'NONE', #8613, #746, #7777 ) ;
#10509 = DIRECTION ( 'NONE',  ( 1.000000000000000000, 0.0000000000000000000, 0.0000000000000000000 ) ) ;
#10510 = AXIS2_PLACEMENT_3D ( 'NONE', #11313, #4233, #1638 ) ;
#10511 = CARTESIAN_POINT ( 'NONE',  ( 8.350000000000001400, 0.4000000000000001900, 15.80000000000000100 ) ) ;
#10512 = ORIENTED_EDGE ( 'NONE', *, *, #6260, .F. ) ;
#10513 = LINE ( 'NONE', #5378, #3118 ) ;
#10514 = LINE ( 'NONE', #2925, #11343 ) ;
#10516 = CARTESIAN_POINT ( 'NONE',  ( -4.818121451446275600, 11.74266190665380300, 3.879176821626050500 ) ) ;
#10515 = DIRECTION ( 'NONE',  ( 1.000000000000000000, -0.0000000000000000000, -0.0000000000000000000 ) ) ;
#10517 = PLANE ( 'NONE',  #3262 ) ;
#10518 = CARTESIAN_POINT ( 'NONE',  ( -5.493317281818449700, 12.93985310985218700, 9.950000000000114800 ) ) ;
#10519 = DIRECTION ( 'NONE',  ( 0.0000000000000000000, 0.0000000000000000000, 1.000000000000000000 ) ) ;
#10520 = VECTOR ( 'NONE', #11289, 1000.000000000000000 ) ;
#10521 = EDGE_CURVE ( 'NONE', #3079, #3040, #9727, .T. ) ;
#10522 = ADVANCED_FACE ( 'NONE', ( #11237 ), #1443, .F. ) ;
#10523 = EDGE_CURVE ( 'NONE', #9023, #5716, #10415, .T. ) ;
#10524 = ORIENTED_EDGE ( 'NONE', *, *, #9530, .T. ) ;
#10525 = CARTESIAN_POINT ( 'NONE',  ( -7.950000000000000200, 0.3999999999999993000, 3.550000000000001200 ) ) ;
#10526 = ORIENTED_EDGE ( 'NONE', *, *, #10787, .T. ) ;
#10527 = AXIS2_PLACEMENT_3D ( 'NONE', #8442, #6649, #9177 ) ;
#10528 = LINE ( 'NONE', #11395, #9982 ) ;
#10529 = AXIS2_PLACEMENT_3D ( 'NONE', #4366, #804, #6227 ) ;
#10530 = CYLINDRICAL_SURFACE ( 'NONE', #4472, 4.500000000000000000 ) ;
#10531 = CARTESIAN_POINT ( 'NONE',  ( -1.449034526683844500, 9.733879744213474800, -2.879138655913817800E-016 ) ) ;
#10532 = CARTESIAN_POINT ( 'NONE',  ( 7.874999999999992900, 7.825000000000002000, -3.000000000000000000 ) ) ;
#10533 = VECTOR ( 'NONE', #6626, 1000.000000000000000 ) ;
#10534 = CIRCLE ( 'NONE', #8266, 3.214999999999999900 ) ;
#10535 = ORIENTED_EDGE ( 'NONE', *, *, #9416, .F. ) ;
#10536 = ORIENTED_EDGE ( 'NONE', *, *, #295, .F. ) ;
#10537 = LINE ( 'NONE', #2297, #2577 ) ;
#10538 = LINE ( 'NONE', #543, #8207 ) ;
#10539 = CARTESIAN_POINT ( 'NONE',  ( -3.462500000000003500, 1.827774078792768100, -7.274999999999975500 ) ) ;
#10540 = CYLINDRICAL_SURFACE ( 'NONE', #6704, 5.499999999999995600 ) ;
#10541 = EDGE_CURVE ( 'NONE', #7111, #9926, #6016, .T. ) ;
#10542 = FACE_OUTER_BOUND ( 'NONE', #2623, .T. ) ;
#10543 = PLANE ( 'NONE',  #10292 ) ;
#10544 = CARTESIAN_POINT ( 'NONE',  ( 7.950000000000000200, 0.4000000000000001900, 15.80000000000000100 ) ) ;
#10545 = FACE_OUTER_BOUND ( 'NONE', #2406, .T. ) ;
#10546 = CARTESIAN_POINT ( 'NONE',  ( 4.403554195056584400E-014, 7.825000000000000200, 22.67500000000000400 ) ) ;
#10547 = EDGE_LOOP ( 'NONE', ( #1351, #79, #174, #4513 ) ) ;
#10548 = VECTOR ( 'NONE', #2967, 1000.000000000000000 ) ;
#10549 = FACE_OUTER_BOUND ( 'NONE', #775, .T. ) ;
#10550 = LINE ( 'NONE', #7983, #1892 ) ;
#10551 = VECTOR ( 'NONE', #4126, 1000.000000000000000 ) ;
#10552 = FACE_OUTER_BOUND ( 'NONE', #5433, .T. ) ;
#10553 = CARTESIAN_POINT ( 'NONE',  ( 10.00000000000000200, 8.000000000000000000, 0.0000000000000000000 ) ) ;
#10554 = VERTEX_POINT ( 'NONE', #5767 ) ;
#10555 = CARTESIAN_POINT ( 'NONE',  ( 6.997055580779380600, 9.566654908446548000, 14.70000000000011700 ) ) ;
#10556 = EDGE_CURVE ( 'NONE', #10994, #2626, #6581, .T. ) ;
#10557 = FACE_OUTER_BOUND ( 'NONE', #8862, .T. ) ;
#10558 = DIRECTION ( 'NONE',  ( 1.000000000000000000, -0.0000000000000000000, 0.0000000000000000000 ) ) ;
#10559 = SURFACE_SIDE_STYLE ('',( #377 ) ) ;
#10560 = ORIENTED_EDGE ( 'NONE', *, *, #3109, .T. ) ;
#10561 = AXIS2_PLACEMENT_3D ( 'NONE', #1574, #11208, #695 ) ;
#10562 = EDGE_CURVE ( 'NONE', #1998, #11187, #2728, .T. ) ;
#10563 = VECTOR ( 'NONE', #8979, 1000.000000000000000 ) ;
#10564 = CARTESIAN_POINT ( 'NONE',  ( 8.350000000000001400, -1.843908891458577100, 9.550000000000000700 ) ) ;
#10565 = ORIENTED_EDGE ( 'NONE', *, *, #7692, .F. ) ;
#10566 = FACE_OUTER_BOUND ( 'NONE', #8406, .T. ) ;
#10567 = ORIENTED_EDGE ( 'NONE', *, *, #9652, .T. ) ;
#10568 = DIRECTION ( 'NONE',  ( -1.579750383876801700E-015, -0.0000000000000000000, -1.000000000000000000 ) ) ;
#10569 = CARTESIAN_POINT ( 'NONE',  ( -4.808410434011671300, 11.65487620520117000, 3.795636175779656200 ) ) ;
#10570 = LINE ( 'NONE', #9916, #8243 ) ;
#10571 = EDGE_CURVE ( 'NONE', #9925, #2843, #10015, .T. ) ;
#10572 = ORIENTED_EDGE ( 'NONE', *, *, #11128, .T. ) ;
#10573 = DIRECTION ( 'NONE',  ( 0.0000000000000000000, 0.0000000000000000000, 1.000000000000000000 ) ) ;
#10574 = EDGE_CURVE ( 'NONE', #3764, #10614, #9861, .T. ) ;
#10575 = LINE ( 'NONE', #2495, #10314 ) ;
#10576 = AXIS2_PLACEMENT_3D ( 'NONE', #7510, #4837, #9302 ) ;
#10577 = ADVANCED_FACE ( 'NONE', ( #3286 ), #9396, .F. ) ;
#10578 = ORIENTED_EDGE ( 'NONE', *, *, #246, .T. ) ;
#10579 = DIRECTION ( 'NONE',  ( 0.0000000000000000000, 0.0000000000000000000, -1.000000000000000000 ) ) ;
#10580 = DIRECTION ( 'NONE',  ( -1.000000000000000000, 0.0000000000000000000, 0.0000000000000000000 ) ) ;
#10581 = CARTESIAN_POINT ( 'NONE',  ( -8.350000000000001400, 12.30000000000000100, 2.200000000000114300 ) ) ;
#10582 = VECTOR ( 'NONE', #1320, 1000.000000000000000 ) ;
#10583 = ORIENTED_EDGE ( 'NONE', *, *, #2763, .F. ) ;
#10584 = CARTESIAN_POINT ( 'NONE',  ( -8.350000000000001400, 1.599999999999999900, 11.10000000000000300 ) ) ;
#10585 = DIRECTION ( 'NONE',  ( 1.000000000000000000, -0.0000000000000000000, 0.0000000000000000000 ) ) ;
#10586 = ORIENTED_EDGE ( 'NONE', *, *, #5, .T. ) ;
#10587 = ORIENTED_EDGE ( 'NONE', *, *, #6722, .T. ) ;
#10588 = EDGE_LOOP ( 'NONE', ( #3242, #8261, #10453, #2188 ) ) ;
#10589 = EDGE_CURVE ( 'NONE', #5639, #7600, #3978, .T. ) ;
#10590 = CARTESIAN_POINT ( 'NONE',  ( 0.0000000000000000000, 0.0000000000000000000, -10.45000000000000300 ) ) ;
#10591 = DIRECTION ( 'NONE',  ( 2.111837275102199700E-016, -0.0000000000000000000, -1.000000000000000000 ) ) ;
#10592 = CARTESIAN_POINT ( 'NONE',  ( 6.648974508221138000, 9.207712619315408600, 12.45000000000011300 ) ) ;
#10593 = AXIS2_PLACEMENT_3D ( 'NONE', #4325, #850, #7800 ) ;
#10594 = SURFACE_STYLE_FILL_AREA ( #10013 ) ;
#10595 = ORIENTED_EDGE ( 'NONE', *, *, #1251, .T. ) ;
#10596 = DIRECTION ( 'NONE',  ( 1.000000000000000000, 0.0000000000000000000, 0.0000000000000000000 ) ) ;
#10597 = AXIS2_PLACEMENT_3D ( 'NONE', #233, #9997, #10834 ) ;
#10598 = ORIENTED_EDGE ( 'NONE', *, *, #3721, .F. ) ;
#10599 = ADVANCED_FACE ( 'NONE', ( #9587 ), #7678, .T. ) ;
#10600 = FACE_OUTER_BOUND ( 'NONE', #3170, .T. ) ;
#10601 = ORIENTED_EDGE ( 'NONE', *, *, #9977, .T. ) ;
#10602 = PLANE ( 'NONE',  #4259 ) ;
#10603 = ORIENTED_EDGE ( 'NONE', *, *, #8972, .T. ) ;
#10604 = CARTESIAN_POINT ( 'NONE',  ( 6.997055580779380600, 9.566654908446548000, 14.70000000000011700 ) ) ;
#10605 = EDGE_CURVE ( 'NONE', #61, #6645, #100, .T. ) ;
#10606 = CARTESIAN_POINT ( 'NONE',  ( -5.493317281818449700, 12.93985310985218700, 16.20000000000011300 ) ) ;
#10607 = CARTESIAN_POINT ( 'NONE',  ( 4.194641597934187300, 9.923166996255266900, 6.250000000000000900 ) ) ;
#10608 = ORIENTED_EDGE ( 'NONE', *, *, #6620, .T. ) ;
#10609 = DIRECTION ( 'NONE',  ( 0.0000000000000000000, -1.000000000000000000, -0.0000000000000000000 ) ) ;
#10610 = VECTOR ( 'NONE', #3748, 1000.000000000000000 ) ;
#10611 = ORIENTED_EDGE ( 'NONE', *, *, #10267, .F. ) ;
#10612 = ORIENTED_EDGE ( 'NONE', *, *, #4205, .F. ) ;
#10613 = CARTESIAN_POINT ( 'NONE',  ( -9.999999999999996400, 0.0000000000000000000, 11.35000000000000100 ) ) ;
#10614 = VERTEX_POINT ( 'NONE', #3375 ) ;
#10615 = CARTESIAN_POINT ( 'NONE',  ( 3.363691886471190000, 8.985542794568329900, 4.721877029988183600 ) ) ;
#10616 = EDGE_CURVE ( 'NONE', #9436, #9227, #8622, .T. ) ;
#10617 = DIRECTION ( 'NONE',  ( 1.000000000000000000, 0.0000000000000000000, -0.0000000000000000000 ) ) ;
#10618 = AXIS2_PLACEMENT_3D ( 'NONE', #5431, #3793, #4628 ) ;
#10619 = FACE_OUTER_BOUND ( 'NONE', #9593, .T. ) ;
#10620 = VERTEX_POINT ( 'NONE', #5108 ) ;
#10621 = VERTEX_POINT ( 'NONE', #9511 ) ;
#10622 = CARTESIAN_POINT ( 'NONE',  ( 7.950000000000000200, 0.3999999999999993000, 3.550000000000115700 ) ) ;
#10623 = CARTESIAN_POINT ( 'NONE',  ( -5.000000000000004400, 3.600000000000000100, 18.74999999999999600 ) ) ;
#10624 = VERTEX_POINT ( 'NONE', #6062 ) ;
#10625 = CARTESIAN_POINT ( 'NONE',  ( 7.950000000000000200, 0.3999999999999993000, 11.10000000000011700 ) ) ;
#10626 = PLANE ( 'NONE',  #1181 ) ;
#10627 = ADVANCED_FACE ( 'NONE', ( #2862 ), #4267, .T. ) ;
#10628 = ORIENTED_EDGE ( 'NONE', *, *, #8089, .F. ) ;
#10629 = CYLINDRICAL_SURFACE ( 'NONE', #1366, 1.000000000000000900 ) ;
#10630 = VERTEX_POINT ( 'NONE', #10395 ) ;
#10631 = CARTESIAN_POINT ( 'NONE',  ( -1.176764153946479500, 9.486566750274775500, 4.154137408363586000 ) ) ;
#10632 = ORIENTED_EDGE ( 'NONE', *, *, #5840, .T. ) ;
#10633 = EDGE_CURVE ( 'NONE', #9971, #4773, #10117, .T. ) ;
#10634 = CARTESIAN_POINT ( 'NONE',  ( -7.950000000000000200, 8.000000000000000000, 2.200000000000114300 ) ) ;
#10635 = ORIENTED_EDGE ( 'NONE', *, *, #4966, .F. ) ;
#10636 = DIRECTION ( 'NONE',  ( 2.496005001405477600E-016, 0.0000000000000000000, 1.000000000000000000 ) ) ;
#10637 = EDGE_CURVE ( 'NONE', #896, #2216, #3850, .T. ) ;
#10638 = PLANE ( 'NONE',  #9854 ) ;
#10639 = ORIENTED_EDGE ( 'NONE', *, *, #10751, .F. ) ;
#10640 = FACE_OUTER_BOUND ( 'NONE', #4558, .T. ) ;
#10641 = CARTESIAN_POINT ( 'NONE',  ( -8.350000000000001400, -1.843908891458577100, 15.80000000000011600 ) ) ;
#10642 = VECTOR ( 'NONE', #2327, 1000.000000000000100 ) ;
#10643 = VERTEX_POINT ( 'NONE', #10432 ) ;
#10644 = CARTESIAN_POINT ( 'NONE',  ( -3.595973199828557100, 2.058956442344616700, -7.414368575402566100 ) ) ;
#10645 = CARTESIAN_POINT ( 'NONE',  ( -9.999999999999996400, 3.100000000000000500, 10.95000000000000100 ) ) ;
#10646 = ORIENTED_EDGE ( 'NONE', *, *, #11384, .F. ) ;
#10647 = DIRECTION ( 'NONE',  ( 0.6846169860849559100, 0.3601944209030644200, -0.6336872742246425500 ) ) ;
#10648 = ORIENTED_EDGE ( 'NONE', *, *, #11112, .F. ) ;
#10649 = CARTESIAN_POINT ( 'NONE',  ( 7.900000000000114900, 7.949999999999998400, 9.550000000000000700 ) ) ;
#10650 = FACE_OUTER_BOUND ( 'NONE', #9954, .T. ) ;
#10651 = VECTOR ( 'NONE', #5986, 1000.000000000000000 ) ;
#10652 = EDGE_CURVE ( 'NONE', #10458, #7918, #5212, .T. ) ;
#10653 = B_SPLINE_CURVE_WITH_KNOTS ( 'NONE', 3,
 ( #10343, #11142, #11108, #11072, #5962, #10231, #9380, #4986, #8569, #6858, #5899, #7553, #11176, #5817, #10312, #6699 ),
 .UNSPECIFIED., .F., .F.,
 ( 4, 2, 2, 2, 2, 2, 2, 4 ),
 ( 0.02096026658544194300, 0.02271438011375425900, 0.02359143687791041800, 0.02402996525998849600, 0.02446849364206657800, 0.02622260717037889700, 0.02709966393453505300, 0.02797672069869121300 ),
 .UNSPECIFIED. ) ;
#10654 = CARTESIAN_POINT ( 'NONE',  ( 0.0000000000000000000, 0.4000000000000000200, 12.50000000000000000 ) ) ;
#10655 = ORIENTED_EDGE ( 'NONE', *, *, #5985, .T. ) ;
#10656 = CARTESIAN_POINT ( 'NONE',  ( 8.349999999999999600, 8.400000000000000400, 2.200000000000000600 ) ) ;
#10657 = CYLINDRICAL_SURFACE ( 'NONE', #3499, 4.500000000000000000 ) ;
#10658 = ORIENTED_EDGE ( 'NONE', *, *, #10700, .F. ) ;
#10659 = ORIENTED_EDGE ( 'NONE', *, *, #9318, .T. ) ;
#10660 = COLOUR_RGB ( '',0.7921568627450980000, 0.8196078431372548800, 0.9333333333333333500 ) ;
#10661 = FACE_OUTER_BOUND ( 'NONE', #405, .T. ) ;
#10662 = SURFACE_STYLE_USAGE ( .BOTH. , #10559 ) ;
#10663 = VECTOR ( 'NONE', #5390, 1000.000000000000000 ) ;
#10664 = EDGE_CURVE ( 'NONE', #9612, #10914, #1619, .T. ) ;
#10665 = EDGE_LOOP ( 'NONE', ( #6613, #3655, #601, #4070, #7278, #6074, #6819, #907, #7087, #1873, #3925, #7327 ) ) ;
#10666 = AXIS2_PLACEMENT_3D ( 'NONE', #1682, #6187, #6073 ) ;
#10667 = VECTOR ( 'NONE', #5045, 1000.000000000000000 ) ;
#10668 = EDGE_LOOP ( 'NONE', ( #6786, #9375, #2896, #5787 ) ) ;
#10669 = LINE ( 'NONE', #1826, #9166 ) ;
#10670 = LINE ( 'NONE', #5051, #7124 ) ;
#10672 = CARTESIAN_POINT ( 'NONE',  ( -3.210233636357317200, 8.000000000000000000, 0.0000000000000000000 ) ) ;
#10671 = DIRECTION ( 'NONE',  ( 0.0000000000000000000, -1.000000000000000000, 0.0000000000000000000 ) ) ;
#10673 = VECTOR ( 'NONE', #7112, 1000.000000000000000 ) ;
#10674 = DIRECTION ( 'NONE',  ( 0.0000000000000000000, -1.000000000000000000, 0.0000000000000000000 ) ) ;
#10675 = LINE ( 'NONE', #10581, #10142 ) ;
#10676 = PLANE ( 'NONE',  #11369 ) ;
#10677 = CARTESIAN_POINT ( 'NONE',  ( 3.210233636357328700, 8.000000000000023100, 1.355898211009252600E-015 ) ) ;
#10678 = VECTOR ( 'NONE', #3931, 1000.000000000000000 ) ;
#10679 = CARTESIAN_POINT ( 'NONE',  ( 6.699454095875470500, 9.604514599187295300, 8.450000000000113000 ) ) ;
#10680 = ORIENTED_EDGE ( 'NONE', *, *, #204, .T. ) ;
#10681 = CYLINDRICAL_SURFACE ( 'NONE', #5679, 3.214999999999999900 ) ;
#10682 = VERTEX_POINT ( 'NONE', #752 ) ;
#10683 = EDGE_CURVE ( 'NONE', #3205, #8764, #8077, .T. ) ;
#10684 = ADVANCED_FACE ( 'NONE', ( #1070 ), #6854, .T. ) ;
#10685 = VECTOR ( 'NONE', #8072, 1000.000000000000000 ) ;
#10686 = AXIS2_PLACEMENT_3D ( 'NONE', #7957, #9718, #5354 ) ;
#10687 = LINE ( 'NONE', #2299, #8914 ) ;
#10688 = CARTESIAN_POINT ( 'NONE',  ( -7.299999999999995400, 8.000000000000000000, 11.35000000000000100 ) ) ;
#10689 = CARTESIAN_POINT ( 'NONE',  ( 0.0000000000000000000, 8.000000000000000000, 6.249999999999999100 ) ) ;
#10690 = LINE ( 'NONE', #2575, #9043 ) ;
#10691 = DIRECTION ( 'NONE',  ( -0.0000000000000000000, -0.0000000000000000000, 1.000000000000000000 ) ) ;
#10692 = DIRECTION ( 'NONE',  ( -1.000000000000000000, 0.0000000000000000000, 6.608470384673555000E-016 ) ) ;
#10693 = CARTESIAN_POINT ( 'NONE',  ( 6.946575993125049900, 9.169852928574661300, 12.15000000000011600 ) ) ;
#10694 = VECTOR ( 'NONE', #8124, 1000.000000000000000 ) ;
#10695 = VERTEX_POINT ( 'NONE', #3337 ) ;
#10696 = DIRECTION ( 'NONE',  ( 0.0000000000000000000, 0.0000000000000000000, 1.000000000000000000 ) ) ;
#10697 = VECTOR ( 'NONE', #1242, 1000.000000000000100 ) ;
#10698 = CARTESIAN_POINT ( 'NONE',  ( -5.402871767273012400, 12.98250998384233400, 3.923606797750093900 ) ) ;
#10699 = CARTESIAN_POINT ( 'NONE',  ( -5.402871767273012400, 12.98250998384233400, 16.20000000000011300 ) ) ;
#10700 = EDGE_CURVE ( 'NONE', #8950, #6646, #1220, .T. ) ;
#10701 = ORIENTED_EDGE ( 'NONE', *, *, #7276, .F. ) ;
#10702 = DIRECTION ( 'NONE',  ( 1.000000000000000000, -0.0000000000000000000, -0.0000000000000000000 ) ) ;
#10703 = EDGE_CURVE ( 'NONE', #5668, #5875, #8492, .T. ) ;
#10704 = EDGE_LOOP ( 'NONE', ( #5455, #10578, #1395, #4222 ) ) ;
#10705 = AXIS2_PLACEMENT_3D ( 'NONE', #1386, #7576, #11204 ) ;
#10706 = CARTESIAN_POINT ( 'NONE',  ( 8.350000000000001400, 0.4000000000000001900, 5.100000000000000500 ) ) ;
#10707 = VECTOR ( 'NONE', #10191, 1000.000000000000200 ) ;
#10708 = ORIENTED_EDGE ( 'NONE', *, *, #2217, .T. ) ;
#10709 = ADVANCED_FACE ( 'NONE', ( #10965 ), #11350, .T. ) ;
#10711 = DIRECTION ( 'NONE',  ( 0.0000000000000000000, 0.0000000000000000000, 1.000000000000000000 ) ) ;
#10710 = DIRECTION ( 'NONE',  ( 0.0000000000000000000, -0.0000000000000000000, -1.000000000000000000 ) ) ;
#10712 = ORIENTED_EDGE ( 'NONE', *, *, #9762, .F. ) ;
#10713 = CARTESIAN_POINT ( 'NONE',  ( -5.674208310909323300, 12.85453936187189500, 10.72639320225013500 ) ) ;
#10714 = LINE ( 'NONE', #3744, #7031 ) ;
#10715 = CARTESIAN_POINT ( 'NONE',  ( -5.342470198690507200, 10.56602202035991700, -7.932195697510248800 ) ) ;
#10716 = ORIENTED_EDGE ( 'NONE', *, *, #11332, .F. ) ;
#10717 = LINE ( 'NONE', #10679, #2213 ) ;
#10718 = VERTEX_POINT ( 'NONE', #678 ) ;
#10719 = EDGE_CURVE ( 'NONE', #4910, #971, #10002, .T. ) ;
#10720 = ADVANCED_FACE ( 'NONE', ( #6162, #4114 ), #1557, .F. ) ;
#10721 = ORIENTED_EDGE ( 'NONE', *, *, #6978, .T. ) ;
#10722 = AXIS2_PLACEMENT_3D ( 'NONE', #3391, #6969, #1686 ) ;
#10723 = VERTEX_POINT ( 'NONE', #10466 ) ;
#10724 = ORIENTED_EDGE ( 'NONE', *, *, #5924, .F. ) ;
#10725 = DIRECTION ( 'NONE',  ( 0.0000000000000000000, 0.0000000000000000000, -1.000000000000000000 ) ) ;
#10726 = ORIENTED_EDGE ( 'NONE', *, *, #3895, .T. ) ;
#10727 = DIRECTION ( 'NONE',  ( 0.0000000000000000000, 0.0000000000000000000, -1.000000000000000000 ) ) ;
#10728 = CARTESIAN_POINT ( 'NONE',  ( 3.646209105255879600E-015, 7.825000000000000200, 0.05000000000000056500 ) ) ;
#10729 = FACE_OUTER_BOUND ( 'NONE', #6812, .T. ) ;
#10730 = ORIENTED_EDGE ( 'NONE', *, *, #2865, .T. ) ;
#10731 = CARTESIAN_POINT ( 'NONE',  ( -8.350000000000001400, 8.000000000000000000, 10.95000000000011500 ) ) ;
#10732 = ORIENTED_EDGE ( 'NONE', *, *, #8603, .T. ) ;
#10733 = ORIENTED_EDGE ( 'NONE', *, *, #3442, .T. ) ;
#10734 = DIRECTION ( 'NONE',  ( 0.0000000000000000000, 1.000000000000000000, 0.0000000000000000000 ) ) ;
#10735 = EDGE_CURVE ( 'NONE', #8707, #5798, #649, .T. ) ;
#10736 = ORIENTED_EDGE ( 'NONE', *, *, #123, .F. ) ;
#10737 = CARTESIAN_POINT ( 'NONE',  ( -8.350000000000001400, 1.600000000000000100, 4.700000000000002000 ) ) ;
#10738 = DIRECTION ( 'NONE',  ( 1.032573497605242200E-016, 0.0000000000000000000, -1.000000000000000000 ) ) ;
#10739 = CARTESIAN_POINT ( 'NONE',  ( -9.999999999999996400, 1.600000000000000100, 11.20000000000000100 ) ) ;
#10740 = DIRECTION ( 'NONE',  ( 1.000000000000000000, 0.0000000000000000000, 0.0000000000000000000 ) ) ;
#10741 = AXIS2_PLACEMENT_3D ( 'NONE', #1990, #7302, #4544 ) ;
#10742 = CARTESIAN_POINT ( 'NONE',  ( 7.299999999999998900, 0.0000000000000000000, 17.60000000000000100 ) ) ;
#10743 = LINE ( 'NONE', #10739, #9785 ) ;
#10744 = ORIENTED_EDGE ( 'NONE', *, *, #5021, .T. ) ;
#10745 = VERTEX_POINT ( 'NONE', #972 ) ;
#10746 = ADVANCED_FACE ( 'NONE', ( #6569 ), #1208, .F. ) ;
#10747 = CARTESIAN_POINT ( 'NONE',  ( -6.850000000000002300, 12.30000000000000100, 10.72639320225013500 ) ) ;
#10748 = ORIENTED_EDGE ( 'NONE', *, *, #9349, .F. ) ;
#10749 = ORIENTED_EDGE ( 'NONE', *, *, #4966, .T. ) ;
#10750 = FACE_OUTER_BOUND ( 'NONE', #2646, .T. ) ;
#10751 = EDGE_CURVE ( 'NONE', #10210, #2655, #7664, .T. ) ;
#10752 = ORIENTED_EDGE ( 'NONE', *, *, #7254, .T. ) ;
#10753 = DIRECTION ( 'NONE',  ( -0.0000000000000000000, -0.0000000000000000000, -1.000000000000000000 ) ) ;
#10754 = EDGE_LOOP ( 'NONE', ( #5392, #3319, #7081, #3614 ) ) ;
#10755 = DIRECTION ( 'NONE',  ( 0.7402181274868354600, -0.6723668074346643700, 0.0000000000000000000 ) ) ;
#10756 = ORIENTED_EDGE ( 'NONE', *, *, #7620, .T. ) ;
#10757 = DIRECTION ( 'NONE',  ( 1.000000000000000000, 0.0000000000000000000, 0.0000000000000000000 ) ) ;
#10758 = ORIENTED_EDGE ( 'NONE', *, *, #2035, .F. ) ;
#10759 = VECTOR ( 'NONE', #8923, 1000.000000000000000 ) ;
#10760 = ORIENTED_EDGE ( 'NONE', *, *, #8331, .F. ) ;
#10761 = DIRECTION ( 'NONE',  ( 1.000000000000000000, -0.0000000000000000000, -0.0000000000000000000 ) ) ;
#10762 = ORIENTED_EDGE ( 'NONE', *, *, #8649, .T. ) ;
#10763 = ADVANCED_FACE ( 'NONE', ( #8890 ), #1752, .T. ) ;
#10764 = DIRECTION ( 'NONE',  ( 0.0000000000000000000, 0.0000000000000000000, 1.000000000000000000 ) ) ;
#10765 = CARTESIAN_POINT ( 'NONE',  ( 7.950000000000000200, 0.4000000000000001900, 11.35000000000000100 ) ) ;
#10766 = EDGE_CURVE ( 'NONE', #3897, #590, #6708, .T. ) ;
#10767 = ORIENTED_EDGE ( 'NONE', *, *, #4205, .T. ) ;
#10768 = CARTESIAN_POINT ( 'NONE',  ( 0.0000000000000000000, 7.825000000000000200, 12.49999999999999800 ) ) ;
#10769 = AXIS2_PLACEMENT_3D ( 'NONE', #1418, #11171, #1388 ) ;
#10770 = EDGE_CURVE ( 'NONE', #4736, #7545, #4795, .T. ) ;
#10771 = CARTESIAN_POINT ( 'NONE',  ( -8.350000000000001400, 8.000000000000000000, 14.70000000000011700 ) ) ;
#10772 = ORIENTED_EDGE ( 'NONE', *, *, #7591, .F. ) ;
#10773 = VECTOR ( 'NONE', #11308, 1000.000000000000000 ) ;
#10774 = EDGE_LOOP ( 'NONE', ( #7177, #891, #1311, #6663 ) ) ;
#10775 = ORIENTED_EDGE ( 'NONE', *, *, #6766, .T. ) ;
#10776 = PLANE ( 'NONE',  #8548 ) ;
#10777 = DIRECTION ( 'NONE',  ( -1.579750383876801700E-015, -0.0000000000000000000, -1.000000000000000000 ) ) ;
#10778 = CARTESIAN_POINT ( 'NONE',  ( 3.004255071646474700, 8.796433938085819200, 4.200000000000113900 ) ) ;
#10779 = ADVANCED_FACE ( 'NONE', ( #11372 ), #7806, .F. ) ;
#10780 = CARTESIAN_POINT ( 'NONE',  ( -4.578274166955052300E-015, 7.825000000000000200, -8.199999999999999300 ) ) ;
#10781 = DIRECTION ( 'NONE',  ( -0.0000000000000000000, -0.0000000000000000000, 1.000000000000000000 ) ) ;
#10782 = PLANE ( 'NONE',  #11285 ) ;
#10783 = VERTEX_POINT ( 'NONE', #4217 ) ;
#10784 = LINE ( 'NONE', #10929, #1042 ) ;
#10785 = FACE_OUTER_BOUND ( 'NONE', #7585, .T. ) ;
#10786 = VERTEX_POINT ( 'NONE', #1582 ) ;
#10787 = EDGE_CURVE ( 'NONE', #9580, #7354, #9714, .T. ) ;
#10789 = CARTESIAN_POINT ( 'NONE',  ( -8.350000000000001400, 8.000000000000000000, 9.950000000000114800 ) ) ;
#10788 = CARTESIAN_POINT ( 'NONE',  ( -5.000000000000004400, 0.7000000000000000700, 9.449999999999994000 ) ) ;
#10790 = EDGE_CURVE ( 'NONE', #6279, #2551, #2583, .T. ) ;
#10791 = DIRECTION ( 'NONE',  ( 0.0000000000000000000, 1.000000000000000000, 0.0000000000000000000 ) ) ;
#10792 = CARTESIAN_POINT ( 'NONE',  ( 3.210233636357373100, 8.000000000000000000, 22.67500000000000100 ) ) ;
#10793 = ORIENTED_EDGE ( 'NONE', *, *, #5018, .T. ) ;
#10794 = CIRCLE ( 'NONE', #3787, 3.210233636357323000 ) ;
#10795 = VECTOR ( 'NONE', #914, 1000.000000000000000 ) ;
#10796 = CIRCLE ( 'NONE', #7774, 4.499999999999999100 ) ;
#10797 = ADVANCED_FACE ( 'NONE', ( #10814, #1472 ), #736, .T. ) ;
#10798 = DIRECTION ( 'NONE',  ( -1.000000000000000000, -0.0000000000000000000, -0.0000000000000000000 ) ) ;
#10799 = ORIENTED_EDGE ( 'NONE', *, *, #5711, .T. ) ;
#10800 = CARTESIAN_POINT ( 'NONE',  ( 8.309113651749971300, 1.883021205966677500, 9.949999999999999300 ) ) ;
#10801 = PLANE ( 'NONE',  #11405 ) ;
#10802 = EDGE_CURVE ( 'NONE', #7905, #2028, #8212, .T. ) ;
#10803 = VECTOR ( 'NONE', #6807, 1000.000000000000000 ) ;
#10804 = CARTESIAN_POINT ( 'NONE',  ( -7.816565650898846800E-016, 7.825000000000000200, -1.399999999999995900 ) ) ;
#10805 = DIRECTION ( 'NONE',  ( -0.9044551454543665600, -0.4265687399014614900, 0.0000000000000000000 ) ) ;
#10806 = ORIENTED_EDGE ( 'NONE', *, *, #7104, .F. ) ;
#10807 = AXIS2_PLACEMENT_3D ( 'NONE', #6734, #6694, #4140 ) ;
#10808 = CONICAL_SURFACE ( 'NONE', #9570, 7.774999999999995000, 0.7853981633974526100 ) ;
#10809 = FACE_OUTER_BOUND ( 'NONE', #10464, .T. ) ;
#10810 = CARTESIAN_POINT ( 'NONE',  ( -7.299999999999995400, 0.0000000000000000000, 3.300000000000000700 ) ) ;
#10811 = AXIS2_PLACEMENT_3D ( 'NONE', #4375, #6127, #858 ) ;
#10812 = VECTOR ( 'NONE', #9240, 1000.000000000000000 ) ;
#10813 = DIRECTION ( 'NONE',  ( 1.000000000000000000, 0.0000000000000000000, 0.0000000000000000000 ) ) ;
#10814 = FACE_BOUND ( 'NONE', #4445, .T. ) ;
#10815 = DIRECTION ( 'NONE',  ( -0.0000000000000000000, -0.0000000000000000000, 1.000000000000000000 ) ) ;
#10816 = DIRECTION ( 'NONE',  ( -0.0000000000000000000, -1.000000000000000000, -0.0000000000000000000 ) ) ;
#10817 = LINE ( 'NONE', #3644, #3840 ) ;
#10818 = DIRECTION ( 'NONE',  ( -0.0000000000000000000, -0.0000000000000000000, 1.000000000000000000 ) ) ;
#10819 = CARTESIAN_POINT ( 'NONE',  ( -1.740153877978051700, 9.399998989646013200, 16.70000000000011300 ) ) ;
#10820 = EDGE_LOOP ( 'NONE', ( #1920, #9801, #9422, #4027, #6011, #4839 ) ) ;
#10821 = VECTOR ( 'NONE', #2737, 1000.000000000000000 ) ;
#10822 = CARTESIAN_POINT ( 'NONE',  ( 7.300000000000002500, 0.0000000000000000000, 3.300000000000000700 ) ) ;
#10823 = FACE_OUTER_BOUND ( 'NONE', #9394, .T. ) ;
#10824 = CIRCLE ( 'NONE', #3996, 0.1999999999999987900 ) ;
#10825 = EDGE_CURVE ( 'NONE', #9649, #2677, #2436, .T. ) ;
#10826 = AXIS2_PLACEMENT_3D ( 'NONE', #9522, #10140, #1346 ) ;
#10827 = EDGE_CURVE ( 'NONE', #6410, #4264, #5885, .T. ) ;
#10828 = ADVANCED_FACE ( 'NONE', ( #8762 ), #10602, .F. ) ;
#10829 = EDGE_LOOP ( 'NONE', ( #10347, #3049, #2823, #9892 ) ) ;
#10831 = DIRECTION ( 'NONE',  ( 1.000000000000000000, -0.0000000000000000000, -0.0000000000000000000 ) ) ;
#10830 = CARTESIAN_POINT ( 'NONE',  ( 7.299999999999998900, 8.000000000000000000, 17.60000000000000100 ) ) ;
#10832 = LINE ( 'NONE', #8399, #11243 ) ;
#10833 = EDGE_LOOP ( 'NONE', ( #8663, #10512, #10349, #5990 ) ) ;
#10834 = DIRECTION ( 'NONE',  ( -0.9044551454543665600, -0.4265687399014614900, 0.0000000000000000000 ) ) ;
#10835 = CARTESIAN_POINT ( 'NONE',  ( -9.999999999999996400, 3.100000000000000500, 3.700000000000000600 ) ) ;
#10836 = CARTESIAN_POINT ( 'NONE',  ( 4.750000000000133200, 8.000000000000000000, 18.70000000000000300 ) ) ;
#10838 = CARTESIAN_POINT ( 'NONE',  ( -8.350000000000001400, -3.349999999999998800, 16.05000000000011800 ) ) ;
#10837 = LINE ( 'NONE', #8632, #8780 ) ;
#10839 = CARTESIAN_POINT ( 'NONE',  ( -3.210233636357316300, 8.000000000000000000, 8.349999999999999600 ) ) ;
#10840 = ADVANCED_FACE ( 'NONE', ( #10542 ), #5059, .T. ) ;
#10841 = EDGE_CURVE ( 'NONE', #5798, #10009, #7401, .T. ) ;
#10842 = SURFACE_STYLE_FILL_AREA ( #4813 ) ;
#10843 = ORIENTED_EDGE ( 'NONE', *, *, #4253, .F. ) ;
#10844 = AXIS2_PLACEMENT_3D ( 'NONE', #6901, #635, #7781 ) ;
#10845 = EDGE_CURVE ( 'NONE', #1281, #10630, #85, .T. ) ;
#10846 = DIRECTION ( 'NONE',  ( -0.0000000000000000000, 0.0000000000000000000, 1.000000000000000000 ) ) ;
#10847 = CARTESIAN_POINT ( 'NONE',  ( -7.774999999999995000, 7.825000000000002000, -1.499999999999991800 ) ) ;
#10848 = CARTESIAN_POINT ( 'NONE',  ( 7.300000000000002500, 8.000000000000000000, 3.300000000000000700 ) ) ;
#10849 = LINE ( 'NONE', #10040, #7966 ) ;
#10850 = ORIENTED_EDGE ( 'NONE', *, *, #4617, .F. ) ;
#10851 = DIRECTION ( 'NONE',  ( -5.583261179213479200E-016, -0.0000000000000000000, -1.000000000000000000 ) ) ;
#10852 = SURFACE_STYLE_USAGE ( .BOTH. , #9932 ) ;
#10853 = ORIENTED_EDGE ( 'NONE', *, *, #4144, .F. ) ;
#10854 = DIRECTION ( 'NONE',  ( -0.0000000000000000000, -0.0000000000000000000, 1.000000000000000000 ) ) ;
#10855 = ORIENTED_EDGE ( 'NONE', *, *, #4502, .T. ) ;
#10856 = CARTESIAN_POINT ( 'NONE',  ( 7.950000000000000200, 3.100000000000000500, 3.700000000000000600 ) ) ;
#10857 = CIRCLE ( 'NONE', #7499, 4.500000000000000000 ) ;
#10858 = ORIENTED_EDGE ( 'NONE', *, *, #7704, .F. ) ;
#10859 = DIRECTION ( 'NONE',  ( 0.9591136517499718700, -0.2830212059666797300, 0.0000000000000000000 ) ) ;
#10860 = CARTESIAN_POINT ( 'NONE',  ( 7.900000000000114900, 7.949999999999998400, 2.200000000000000600 ) ) ;
#10861 = EDGE_CURVE ( 'NONE', #1331, #4991, #10276, .T. ) ;
#10862 = ORIENTED_EDGE ( 'NONE', *, *, #7772, .F. ) ;
#10863 = CARTESIAN_POINT ( 'NONE',  ( -7.949999999999998400, 12.30000000000000100, 8.450000000000113000 ) ) ;
#10864 = EDGE_CURVE ( 'NONE', #747, #6462, #8611, .T. ) ;
#10865 = ORIENTED_EDGE ( 'NONE', *, *, #10244, .T. ) ;
#10866 = AXIS2_PLACEMENT_3D ( 'NONE', #4228, #10361, #11240 ) ;
#10867 = ORIENTED_EDGE ( 'NONE', *, *, #3254, .F. ) ;
#10868 = LINE ( 'NONE', #4533, #9760 ) ;
#10869 = VERTEX_POINT ( 'NONE', #1927 ) ;
#10871 = PLANE ( 'NONE',  #4871 ) ;
#10870 = DIRECTION ( 'NONE',  ( -1.000000000000000000, 0.0000000000000000000, -0.0000000000000000000 ) ) ;
#10872 = ORIENTED_EDGE ( 'NONE', *, *, #10998, .T. ) ;
#10873 = EDGE_CURVE ( 'NONE', #3502, #2546, #11221, .T. ) ;
#10874 =( GEOMETRIC_REPRESENTATION_CONTEXT ( 3 ) GLOBAL_UNCERTAINTY_ASSIGNED_CONTEXT ( ( #3091 ) ) GLOBAL_UNIT_ASSIGNED_CONTEXT ( ( #5678, #5559, #7371 ) ) REPRESENTATION_CONTEXT ( 'NONE', 'WORKASPACE' ) );
#10875 = CIRCLE ( 'NONE', #7707, 1.099999999999996800 ) ;
#10876 = ORIENTED_EDGE ( 'NONE', *, *, #2372, .F. ) ;
#10877 = VERTEX_POINT ( 'NONE', #8985 ) ;
#10878 = PLANE ( 'NONE',  #11238 ) ;
#10879 = DIRECTION ( 'NONE',  ( 2.111837275102199700E-016, -0.0000000000000000000, -1.000000000000000000 ) ) ;
#10880 = CARTESIAN_POINT ( 'NONE',  ( 7.950000000000000200, 0.4000000000000001900, 9.550000000000000700 ) ) ;
#10881 = ADVANCED_FACE ( 'NONE', ( #3688 ), #183, .F. ) ;
#10882 = ORIENTED_EDGE ( 'NONE', *, *, #8170, .T. ) ;
#10883 = DIRECTION ( 'NONE',  ( 0.0000000000000000000, 1.000000000000000000, 0.0000000000000000000 ) ) ;
#10884 = CARTESIAN_POINT ( 'NONE',  ( -8.350000000000001400, 3.299999999999999800, 15.95000000000000300 ) ) ;
#10885 = DIRECTION ( 'NONE',  ( 1.000000000000000000, 0.0000000000000000000, 0.0000000000000000000 ) ) ;
#10886 = LINE ( 'NONE', #7227, #1402 ) ;
#10887 = ORIENTED_EDGE ( 'NONE', *, *, #7938, .F. ) ;
#10888 = EDGE_CURVE ( 'NONE', #10682, #4441, #931, .T. ) ;
#10889 = ORIENTED_EDGE ( 'NONE', *, *, #3335, .F. ) ;
#10890 = EDGE_CURVE ( 'NONE', #6653, #7122, #9032, .T. ) ;
#10891 = CARTESIAN_POINT ( 'NONE',  ( 5.950000000000133400, 8.400000000000000400, 16.69999999999998900 ) ) ;
#10892 = CARTESIAN_POINT ( 'NONE',  ( -7.950000000000000200, 8.000000000000000000, 2.200000000000114300 ) ) ;
#10893 = VERTEX_POINT ( 'NONE', #9952 ) ;
#10894 = DIRECTION ( 'NONE',  ( 0.9920049496797154200, -0.1261989691358267300, -0.0000000000000000000 ) ) ;
#10895 = CARTESIAN_POINT ( 'NONE',  ( -9.999999999999996400, 3.299999999999956300, 11.19999999999999800 ) ) ;
#10896 = ADVANCED_FACE ( 'NONE', ( #4388 ), #4587, .T. ) ;
#10897 = AXIS2_PLACEMENT_3D ( 'NONE', #829, #6992, #4197 ) ;
#10898 =( LENGTH_UNIT ( ) NAMED_UNIT ( * ) SI_UNIT ( .MILLI., .METRE. ) );
#10899 = FACE_OUTER_BOUND ( 'NONE', #1822, .T. ) ;
#10900 = VERTEX_POINT ( 'NONE', #4713 ) ;
#10901 = CARTESIAN_POINT ( 'NONE',  ( 8.349999999999999600, 8.400000000000000400, 2.200000000000000600 ) ) ;
#10902 = VERTEX_POINT ( 'NONE', #5427 ) ;
#10904 = CARTESIAN_POINT ( 'NONE',  ( -4.832135734971188900, 11.53794763439791800, 8.450000000000113000 ) ) ;
#10903 = DIRECTION ( 'NONE',  ( -0.0000000000000000000, -0.0000000000000000000, -1.000000000000000000 ) ) ;
#10905 = ORIENTED_EDGE ( 'NONE', *, *, #8314, .T. ) ;
#10906 = CARTESIAN_POINT ( 'NONE',  ( -4.832135734971188900, 11.53794763439791800, 14.70000000000011700 ) ) ;
#10907 = EDGE_CURVE ( 'NONE', #2058, #4586, #6991, .T. ) ;
#10908 = DIRECTION ( 'NONE',  ( -1.000000000000000000, 1.084202172485503800E-015, 0.0000000000000000000 ) ) ;
#10909 = PLANE ( 'NONE',  #3181 ) ;
#10910 = ORIENTED_EDGE ( 'NONE', *, *, #2283, .F. ) ;
#10911 = CARTESIAN_POINT ( 'NONE',  ( -8.350000000000001400, 0.4000000000000001900, 3.300000000000114400 ) ) ;
#10912 = FACE_OUTER_BOUND ( 'NONE', #10754, .T. ) ;
#10913 = ORIENTED_EDGE ( 'NONE', *, *, #1961, .T. ) ;
#10914 = VERTEX_POINT ( 'NONE', #7164 ) ;
#10915 = CARTESIAN_POINT ( 'NONE',  ( -8.350000000000001400, 8.000000000000000000, 16.20000000000011300 ) ) ;
#10916 = DIRECTION ( 'NONE',  ( 0.0000000000000000000, 1.000000000000000000, 0.0000000000000000000 ) ) ;
#10917 = CARTESIAN_POINT ( 'NONE',  ( 8.347213595500074100, 8.000000000000000000, 5.100000000000000500 ) ) ;
#10918 = ORIENTED_EDGE ( 'NONE', *, *, #2405, .F. ) ;
#10919 = DIRECTION ( 'NONE',  ( 0.0000000000000000000, -1.000000000000000000, 0.0000000000000000000 ) ) ;
#10920 = ORIENTED_EDGE ( 'NONE', *, *, #6541, .T. ) ;
#10921 = CARTESIAN_POINT ( 'NONE',  ( -7.950000000000000200, 0.4000000000000001900, 3.300000000000114400 ) ) ;
#10922 = CONICAL_SURFACE ( 'NONE', #6508, 3.214999999999999900, 0.7853981633974583800 ) ;
#10923 = CIRCLE ( 'NONE', #5129, 3.210233636357316300 ) ;
#10924 = ORIENTED_EDGE ( 'NONE', *, *, #8841, .T. ) ;
#10925 = DIRECTION ( 'NONE',  ( 1.000000000000000000, 0.0000000000000000000, 0.0000000000000000000 ) ) ;
#10926 = DIRECTION ( 'NONE',  ( 1.740648411148072600E-016, -2.214384466385228800E-017, -1.000000000000000000 ) ) ;
#10927 = EDGE_CURVE ( 'NONE', #9066, #11159, #5332, .T. ) ;
#10928 = EDGE_CURVE ( 'NONE', #8021, #3234, #2027, .T. ) ;
#10929 = CARTESIAN_POINT ( 'NONE',  ( 3.210233636357328700, 8.000000000000023100, 1.355898211009252600E-015 ) ) ;
#10930 = AXIS2_PLACEMENT_3D ( 'NONE', #4830, #3869, #7465 ) ;
#10931 = ORIENTED_EDGE ( 'NONE', *, *, #4893, .F. ) ;
#10932 = PLANE ( 'NONE',  #5296 ) ;
#10933 = ORIENTED_EDGE ( 'NONE', *, *, #8331, .T. ) ;
#10934 = CARTESIAN_POINT ( 'NONE',  ( -3.376482978121349900, 10.88633569516712100, -1.303934659745089500E-015 ) ) ;
#10935 = PRESENTATION_STYLE_ASSIGNMENT (( #4784 ) ) ;
#10936 = VECTOR ( 'NONE', #9169, 1000.000000000000000 ) ;
#10937 = FILL_AREA_STYLE_COLOUR ( '', #854 ) ;
#10938 = CARTESIAN_POINT ( 'NONE',  ( -8.450000000000001100, 8.000000000000000000, 10.72639320225013600 ) ) ;
#10939 = PRESENTATION_STYLE_ASSIGNMENT (( #2684 ) ) ;
#10940 = CARTESIAN_POINT ( 'NONE',  ( -9.999999999999996400, 1.600000000000000100, 16.20000000000000300 ) ) ;
#10941 = DIRECTION ( 'NONE',  ( 1.000000000000000000, -0.0000000000000000000, -0.0000000000000000000 ) ) ;
#10942 = ADVANCED_FACE ( 'NONE', ( #9172 ), #8028, .F. ) ;
#10943 = VECTOR ( 'NONE', #5363, 1000.000000000000000 ) ;
#10944 = ORIENTED_EDGE ( 'NONE', *, *, #8477, .T. ) ;
#10945 = ORIENTED_EDGE ( 'NONE', *, *, #5506, .F. ) ;
#10946 = VECTOR ( 'NONE', #2993, 1000.000000000000100 ) ;
#10947 = VECTOR ( 'NONE', #2109, 1000.000000000000000 ) ;
#10948 = EDGE_CURVE ( 'NONE', #4764, #3178, #1882, .T. ) ;
#10949 = DIRECTION ( 'NONE',  ( -1.000000000000000000, 0.0000000000000000000, 0.0000000000000000000 ) ) ;
#10950 = CARTESIAN_POINT ( 'NONE',  ( 6.371191050462099900, 6.865774761714028800, -7.689874850355521700 ) ) ;
#10951 = CARTESIAN_POINT ( 'NONE',  ( 4.499999999999999100, 7.825000000000000200, 24.18285556752039200 ) ) ;
#10952 = VECTOR ( 'NONE', #9874, 1000.000000000000000 ) ;
#10953 = AXIS2_PLACEMENT_3D ( 'NONE', #10954, #3215, #3099 ) ;
#10954 = CARTESIAN_POINT ( 'NONE',  ( -8.150000000000000400, 8.223606797749978300, 16.20000000000011300 ) ) ;
#10955 = ORIENTED_EDGE ( 'NONE', *, *, #1524, .F. ) ;
#10956 = VECTOR ( 'NONE', #5958, 1000.000000000000000 ) ;
#10957 = CARTESIAN_POINT ( 'NONE',  ( -7.874999999999996400, 7.825000000000000200, -2.999999999999991600 ) ) ;
#10958 = ADVANCED_FACE ( 'NONE', ( #6842 ), #1602, .T. ) ;
#10959 = ORIENTED_EDGE ( 'NONE', *, *, #3092, .T. ) ;
#10960 = LINE ( 'NONE', #950, #8616 ) ;
#10961 = LINE ( 'NONE', #933, #4646 ) ;
#10962 = LINE ( 'NONE', #7722, #8619 ) ;
#10963 = LINE ( 'NONE', #6286, #9184 ) ;
#10964 =( NAMED_UNIT ( * ) SI_UNIT ( $, .STERADIAN. ) SOLID_ANGLE_UNIT ( ) );
#10965 = FACE_OUTER_BOUND ( 'NONE', #7626, .T. ) ;
#10966 = DIRECTION ( 'NONE',  ( 1.000000000000000000, 0.0000000000000000000, 0.0000000000000000000 ) ) ;
#10967 = EDGE_CURVE ( 'NONE', #1409, #3758, #235, .T. ) ;
#10968 = EDGE_LOOP ( 'NONE', ( #5292, #909, #845, #2961, #6121, #7169 ) ) ;
#10969 = DIRECTION ( 'NONE',  ( 1.000000000000000000, 0.0000000000000000000, 0.0000000000000000000 ) ) ;
#10970 = ORIENTED_EDGE ( 'NONE', *, *, #5399, .T. ) ;
#10971 = AXIS2_PLACEMENT_3D ( 'NONE', #6761, #2483, #8556 ) ;
#10972 = CYLINDRICAL_SURFACE ( 'NONE', #3995, 3.214999999999999900 ) ;
#10973 = DIRECTION ( 'NONE',  ( 0.0000000000000000000, 0.0000000000000000000, 1.000000000000000000 ) ) ;
#10974 = AXIS2_PLACEMENT_3D ( 'NONE', #4519, #6048, #9458 ) ;
#10975 = ORIENTED_EDGE ( 'NONE', *, *, #4271, .F. ) ;
#10976 = VECTOR ( 'NONE', #2858, 1000.000000000000000 ) ;
#10977 = VECTOR ( 'NONE', #5689, 1000.000000000000000 ) ;
#10978 = SURFACE_STYLE_FILL_AREA ( #5243 ) ;
#10979 = CARTESIAN_POINT ( 'NONE',  ( 1.149071889010235200, 9.032443048002463100, 10.45000000000011500 ) ) ;
#10980 = CARTESIAN_POINT ( 'NONE',  ( -7.950000000000000200, 1.599999999999999900, 17.35000000000000500 ) ) ;
#10981 = VERTEX_POINT ( 'NONE', #9915 ) ;
#10982 = DIRECTION ( 'NONE',  ( -1.000000000000000000, 0.0000000000000000000, 6.608470384673556900E-016 ) ) ;
#10983 = VECTOR ( 'NONE', #3463, 1000.000000000000000 ) ;
#10984 = ORIENTED_EDGE ( 'NONE', *, *, #9940, .T. ) ;
#10985 = EDGE_CURVE ( 'NONE', #1165, #4441, #4652, .T. ) ;
#10986 = CARTESIAN_POINT ( 'NONE',  ( -4.578274166955052300E-015, 7.825000000000000200, -8.199999999999999300 ) ) ;
#10987 = FACE_OUTER_BOUND ( 'NONE', #164, .T. ) ;
#10989 = DIRECTION ( 'NONE',  ( 0.0000000000000000000, 0.0000000000000000000, 1.000000000000000000 ) ) ;
#10988 = CARTESIAN_POINT ( 'NONE',  ( 7.950000000000000200, 9.360147050873548500, 4.700000000000005500 ) ) ;
#10990 =( NAMED_UNIT ( * ) PLANE_ANGLE_UNIT ( ) SI_UNIT ( $, .RADIAN. ) );
#10991 = FACE_OUTER_BOUND ( 'NONE', #10668, .T. ) ;
#10992 = PLANE ( 'NONE',  #6455 ) ;
#10993 = CARTESIAN_POINT ( 'NONE',  ( 1.309085912708786400, 10.29025604452769800, 12.08250000000011100 ) ) ;
#10994 = VERTEX_POINT ( 'NONE', #8184 ) ;
#10995 = CIRCLE ( 'NONE', #2712, 0.9999999999999983300 ) ;
#10996 = ORIENTED_EDGE ( 'NONE', *, *, #6522, .F. ) ;
#10997 = ORIENTED_EDGE ( 'NONE', *, *, #9282, .T. ) ;
#10998 = EDGE_CURVE ( 'NONE', #1453, #5758, #10796, .T. ) ;
#10999 = AXIS2_PLACEMENT_3D ( 'NONE', #10804, #10851, #5558 ) ;
#11000 = CARTESIAN_POINT ( 'NONE',  ( 3.646209105255879600E-015, 7.825000000000000200, 0.05000000000000056500 ) ) ;
#11001 = ORIENTED_EDGE ( 'NONE', *, *, #11045, .T. ) ;
#11002 = ADVANCED_FACE ( 'NONE', ( #4923 ), #8476, .T. ) ;
#11003 = CARTESIAN_POINT ( 'NONE',  ( -8.350000000000001400, 8.000000000000000000, 5.100000000000114200 ) ) ;
#11004 = CYLINDRICAL_SURFACE ( 'NONE', #7282, 4.500000000000000000 ) ;
#11005 = ORIENTED_EDGE ( 'NONE', *, *, #3124, .F. ) ;
#11006 = CARTESIAN_POINT ( 'NONE',  ( -4.104359146306979500, 10.57570944474777400, 9.021259202696967300 ) ) ;
#11007 = EDGE_LOOP ( 'NONE', ( #2883, #916, #9805, #11056, #11192 ) ) ;
#11008 = CARTESIAN_POINT ( 'NONE',  ( -1.000000000000005600, 7.825000000000000200, 24.80000000000000400 ) ) ;
#11009 = ORIENTED_EDGE ( 'NONE', *, *, #10700, .T. ) ;
#11010 = DIRECTION ( 'NONE',  ( -0.0000000000000000000, -0.0000000000000000000, 1.000000000000000000 ) ) ;
#11011 = DIRECTION ( 'NONE',  ( 0.0000000000000000000, 0.0000000000000000000, -1.000000000000000000 ) ) ;
#11012 = LINE ( 'NONE', #5982, #6218 ) ;
#11013 = ORIENTED_EDGE ( 'NONE', *, *, #7473, .T. ) ;
#11014 = EDGE_CURVE ( 'NONE', #1102, #10902, #4103, .T. ) ;
#11015 = EDGE_LOOP ( 'NONE', ( #199, #7560, #8105, #1597 ) ) ;
#11016 = EDGE_CURVE ( 'NONE', #11187, #7071, #7384, .T. ) ;
#11017 = DIRECTION ( 'NONE',  ( -0.9044551454543665600, -0.4265687399014614900, 0.0000000000000000000 ) ) ;
#11018 = ORIENTED_EDGE ( 'NONE', *, *, #6354, .T. ) ;
#11020 = PLANE ( 'NONE',  #8816 ) ;
#11019 = DIRECTION ( 'NONE',  ( 0.9920049496797153100, -0.1261989691358270700, -6.696916640619664200E-016 ) ) ;
#11021 = CARTESIAN_POINT ( 'NONE',  ( 0.0000000000000000000, 8.000000000000000000, 0.0000000000000000000 ) ) ;
#11022 = LINE ( 'NONE', #1770, #6232 ) ;
#11023 = ORIENTED_EDGE ( 'NONE', *, *, #6407, .T. ) ;
#11024 = CARTESIAN_POINT ( 'NONE',  ( 0.0000000000000000000, 8.000000000000000000, 18.75000000000000000 ) ) ;
#11025 = DIRECTION ( 'NONE',  ( 0.2830212059666797300, 0.9591136517499718700, 0.0000000000000000000 ) ) ;
#11026 = ORIENTED_EDGE ( 'NONE', *, *, #7922, .F. ) ;
#11027 = CARTESIAN_POINT ( 'NONE',  ( -8.450000000000001100, 8.223606797749978300, 3.923606797750092100 ) ) ;
#11028 = EDGE_CURVE ( 'NONE', #9930, #6462, #3405, .T. ) ;
#11029 = EDGE_LOOP ( 'NONE', ( #5098, #6096, #3031, #6809 ) ) ;
#11030 = DIRECTION ( 'NONE',  ( 0.4265687399014604400, -0.9044551454543671200, 5.425587432726173900E-016 ) ) ;
#11031 = AXIS2_PLACEMENT_3D ( 'NONE', #11328, #8601, #9490 ) ;
#11032 = CARTESIAN_POINT ( 'NONE',  ( -7.874999999999996400, 7.825000000000002000, -5.449999999999993100 ) ) ;
#11033 = AXIS2_PLACEMENT_3D ( 'NONE', #8953, #4627, #3720 ) ;
#11034 = TOROIDAL_SURFACE ( 'NONE', #1734, 4.758349359033614300, 2.999999999999999100 ) ;
#11035 = EDGE_LOOP ( 'NONE', ( #1111, #5395, #4014, #7997 ) ) ;
#11036 = CARTESIAN_POINT ( 'NONE',  ( -4.818121451446275600, 11.74266190665380300, 10.12917682162605000 ) ) ;
#11037 = ORIENTED_EDGE ( 'NONE', *, *, #10252, .T. ) ;
#11038 = CARTESIAN_POINT ( 'NONE',  ( -7.299999999999995400, 8.000000000000000000, 5.100000000000000500 ) ) ;
#11039 = CARTESIAN_POINT ( 'NONE',  ( -9.999999999999996400, 8.000000000000000000, 5.100000000000000500 ) ) ;
#11040 = DIRECTION ( 'NONE',  ( -3.502725030463851400E-018, -2.753366839191349100E-017, -1.000000000000000000 ) ) ;
#11041 = ORIENTED_EDGE ( 'NONE', *, *, #7051, .F. ) ;
#11042 = DIRECTION ( 'NONE',  ( -0.6723668074346643700, -0.7402181274868354600, 2.273603650596013800E-017 ) ) ;
#11043 = ORIENTED_EDGE ( 'NONE', *, *, #10095, .F. ) ;
#11044 = LINE ( 'NONE', #9653, #10356 ) ;
#11045 = EDGE_CURVE ( 'NONE', #6441, #2214, #3548, .T. ) ;
#11046 = EDGE_LOOP ( 'NONE', ( #10052, #8852, #9508, #8666 ) ) ;
#11047 = ORIENTED_EDGE ( 'NONE', *, *, #11190, .F. ) ;
#11048 = CARTESIAN_POINT ( 'NONE',  ( -5.855099340000199600, 12.76922561389160500, 2.200000000000114300 ) ) ;
#11049 = PLANE ( 'NONE',  #6785 ) ;
#11050 = DIRECTION ( 'NONE',  ( 0.0000000000000000000, 0.0000000000000000000, 1.000000000000000000 ) ) ;
#11051 = ORIENTED_EDGE ( 'NONE', *, *, #264, .F. ) ;
#11052 = ORIENTED_EDGE ( 'NONE', *, *, #988, .F. ) ;
#11053 = CARTESIAN_POINT ( 'NONE',  ( -5.402871767273012400, 12.98250998384233400, 16.97639320225013300 ) ) ;
#11054 = ORIENTED_EDGE ( 'NONE', *, *, #1153, .F. ) ;
#11055 = VECTOR ( 'NONE', #92, 1000.000000000000000 ) ;
#11056 = ORIENTED_EDGE ( 'NONE', *, *, #6586, .F. ) ;
#11057 = ADVANCED_FACE ( 'NONE', ( #4374 ), #2156, .F. ) ;
#11058 = VERTEX_POINT ( 'NONE', #7350 ) ;
#11060 = DIRECTION ( 'NONE',  ( 0.0000000000000000000, -1.000000000000000000, 0.0000000000000000000 ) ) ;
#11059 = CARTESIAN_POINT ( 'NONE',  ( -8.350000000000001400, 8.000000000000000000, 12.45000000000011300 ) ) ;
#11061 = CARTESIAN_POINT ( 'NONE',  ( 8.350000000000001400, 9.360147050873548500, 4.850000000000117800 ) ) ;
#11062 = EDGE_CURVE ( 'NONE', #5425, #6233, #2567, .T. ) ;
#11063 = DIRECTION ( 'NONE',  ( 1.000000000000000000, 0.0000000000000000000, -1.503009509871603600E-015 ) ) ;
#11064 = AXIS2_PLACEMENT_3D ( 'NONE', #6866, #10423, #7815 ) ;
#11065 = CARTESIAN_POINT ( 'NONE',  ( -7.950000000000000200, 8.000000000000000000, 8.450000000000113000 ) ) ;
#11066 = EDGE_CURVE ( 'NONE', #7049, #2203, #6979, .T. ) ;
#11067 = ORIENTED_EDGE ( 'NONE', *, *, #8895, .F. ) ;
#11068 = ORIENTED_EDGE ( 'NONE', *, *, #84, .F. ) ;
#11069 = LINE ( 'NONE', #9319, #8459 ) ;
#11070 = LINE ( 'NONE', #7416, #3808 ) ;
#11071 = ORIENTED_EDGE ( 'NONE', *, *, #9936, .T. ) ;
#11072 = CARTESIAN_POINT ( 'NONE',  ( -1.462358590181712400, 1.827774078792768100, -7.850692383355183600 ) ) ;
#11073 = CARTESIAN_POINT ( 'NONE',  ( 8.309113651749971300, 1.883021205966677500, 4.700000000000002000 ) ) ;
#11074 = DIRECTION ( 'NONE',  ( 1.000000000000000000, -0.0000000000000000000, -0.0000000000000000000 ) ) ;
#11075 = ORIENTED_EDGE ( 'NONE', *, *, #9398, .F. ) ;
#11076 = CARTESIAN_POINT ( 'NONE',  ( 4.758349359033614300, 7.825000000000000200, -5.199999999999999300 ) ) ;
#11077 = ORIENTED_EDGE ( 'NONE', *, *, #3058, .F. ) ;
#11078 = SURFACE_STYLE_FILL_AREA ( #4827 ) ;
#11079 = FACE_OUTER_BOUND ( 'NONE', #6932, .T. ) ;
#11080 = EDGE_CURVE ( 'NONE', #4870, #7049, #10132, .T. ) ;
#11081 = VECTOR ( 'NONE', #2978, 1000.000000000000000 ) ;
#11082 = AXIS2_PLACEMENT_3D ( 'NONE', #1305, #4049, #11011 ) ;
#11083 = DIRECTION ( 'NONE',  ( 1.000000000000000000, 0.0000000000000000000, 0.0000000000000000000 ) ) ;
#11084 = FACE_OUTER_BOUND ( 'NONE', #8320, .T. ) ;
#11085 = DIRECTION ( 'NONE',  ( -0.0000000000000000000, -0.0000000000000000000, 1.000000000000000000 ) ) ;
#11086 = CARTESIAN_POINT ( 'NONE',  ( -7.299999999999995400, 8.000000000000000000, 3.300000000000000700 ) ) ;
#11087 = ORIENTED_EDGE ( 'NONE', *, *, #2849, .T. ) ;
#11088 = FACE_OUTER_BOUND ( 'NONE', #3581, .T. ) ;
#11089 = CIRCLE ( 'NONE', #2909, 1.499999999999999600 ) ;
#11090 = VECTOR ( 'NONE', #11222, 1000.000000000000000 ) ;
#11091 = DIRECTION ( 'NONE',  ( -1.000000000000000000, 0.0000000000000000000, 6.608470384673555000E-016 ) ) ;
#11092 = VECTOR ( 'NONE', #1121, 1000.000000000000000 ) ;
#11093 = ORIENTED_EDGE ( 'NONE', *, *, #1960, .F. ) ;
#11094 = EDGE_CURVE ( 'NONE', #5902, #1299, #9427, .T. ) ;
#11096 = DIRECTION ( 'NONE',  ( -0.9044551454543675600, -0.4265687399014594400, 0.0000000000000000000 ) ) ;
#11095 = DIRECTION ( 'NONE',  ( 0.4265687399014593800, -0.9044551454543674500, -0.0000000000000000000 ) ) ;
#11097 = CIRCLE ( 'NONE', #4951, 0.6999999999999992900 ) ;
#11098 = ORIENTED_EDGE ( 'NONE', *, *, #9848, .F. ) ;
#11099 = AXIS2_PLACEMENT_3D ( 'NONE', #5719, #7294, #2059 ) ;
#11100 = VECTOR ( 'NONE', #3899, 1000.000000000000000 ) ;
#11101 = DIRECTION ( 'NONE',  ( 0.0000000000000000000, -1.000000000000000000, 0.0000000000000000000 ) ) ;
#11102 = PLANE ( 'NONE',  #8673 ) ;
#11103 = AXIS2_PLACEMENT_3D ( 'NONE', #130, #3616, #11 ) ;
#11104 = VECTOR ( 'NONE', #10636, 1000.000000000000000 ) ;
#11106 = CARTESIAN_POINT ( 'NONE',  ( -5.493317281818449700, 12.93985310985218700, 4.700000000000113900 ) ) ;
#11105 = LINE ( 'NONE', #10938, #2039 ) ;
#11107 = LINE ( 'NONE', #3081, #6989 ) ;
#11108 = CARTESIAN_POINT ( 'NONE',  ( -2.343809613684559000, 1.827774078792768100, -7.708850642499256400 ) ) ;
#11109 = VECTOR ( 'NONE', #11040, 1000.000000000000000 ) ;
#11110 = ORIENTED_EDGE ( 'NONE', *, *, #3974, .F. ) ;
#11111 = CARTESIAN_POINT ( 'NONE',  ( -9.999999999999996400, 0.0000000000000000000, 9.550000000000000700 ) ) ;
#11112 = EDGE_CURVE ( 'NONE', #4624, #8755, #5462, .T. ) ;
#11113 = CARTESIAN_POINT ( 'NONE',  ( 4.194641597934187300, 9.923166996255266900, 1.245207478481771500E-015 ) ) ;
#11114 = LINE ( 'NONE', #4020, #6458 ) ;
#11115 = EDGE_CURVE ( 'NONE', #7209, #11297, #1337, .T. ) ;
#11116 = ADVANCED_FACE ( 'NONE', ( #3821 ), #9300, .T. ) ;
#11117 = DIRECTION ( 'NONE',  ( 0.0000000000000000000, 0.0000000000000000000, -1.000000000000000000 ) ) ;
#11118 = DIRECTION ( 'NONE',  ( -1.000000000000000000, 0.0000000000000000000, 0.0000000000000000000 ) ) ;
#11119 = AXIS2_PLACEMENT_3D ( 'NONE', #5727, #3158, #5768 ) ;
#11120 = CARTESIAN_POINT ( 'NONE',  ( 6.924999999999990100, 7.825000000000000200, -6.400000000000001200 ) ) ;
#11121 = LINE ( 'NONE', #682, #6465 ) ;
#11122 = ORIENTED_EDGE ( 'NONE', *, *, #5662, .F. ) ;
#11123 = DIRECTION ( 'NONE',  ( 0.0000000000000000000, -1.000000000000000000, 0.0000000000000000000 ) ) ;
#11124 = CIRCLE ( 'NONE', #6030, 1.400000000000000100 ) ;
#11125 = ORIENTED_EDGE ( 'NONE', *, *, #10766, .F. ) ;
#11126 = DIRECTION ( 'NONE',  ( 1.000000000000000000, 0.0000000000000000000, 0.0000000000000000000 ) ) ;
#11127 = VERTEX_POINT ( 'NONE', #3093 ) ;
#11128 = EDGE_CURVE ( 'NONE', #4554, #7233, #6150, .T. ) ;
#11129 = VECTOR ( 'NONE', #23, 1000.000000000000000 ) ;
#11130 = CARTESIAN_POINT ( 'NONE',  ( -1.000000000000005600, 7.825000000000000200, 24.80000000000000400 ) ) ;
#11131 = ORIENTED_EDGE ( 'NONE', *, *, #7344, .F. ) ;
#11132 = AXIS2_PLACEMENT_3D ( 'NONE', #10058, #9933, #10091 ) ;
#11133 = LINE ( 'NONE', #5017, #2344 ) ;
#11134 = ORIENTED_EDGE ( 'NONE', *, *, #6541, .F. ) ;
#11136 = DIRECTION ( 'NONE',  ( 0.0000000000000000000, 0.0000000000000000000, -1.000000000000000000 ) ) ;
#11135 = DIRECTION ( 'NONE',  ( 0.0000000000000000000, -1.000000000000000000, 0.0000000000000000000 ) ) ;
#11137 = CARTESIAN_POINT ( 'NONE',  ( -7.950000000000000200, 9.360147050873548500, 4.850000000000003200 ) ) ;
#11138 = CARTESIAN_POINT ( 'NONE',  ( 3.300000000000014500, 3.600000000000000100, 11.24999999999999300 ) ) ;
#11139 = CARTESIAN_POINT ( 'NONE',  ( 6.997055580779380600, 9.566654908446548000, 15.00000000000011000 ) ) ;
#11140 = ORIENTED_EDGE ( 'NONE', *, *, #9450, .F. ) ;
#11141 = ORIENTED_EDGE ( 'NONE', *, *, #9381, .F. ) ;
#11142 = CARTESIAN_POINT ( 'NONE',  ( -2.932833640862353900, 1.827774078792768500, -7.551530591933457400 ) ) ;
#11143 = VECTOR ( 'NONE', #1974, 1000.000000000000000 ) ;
#11144 = EDGE_CURVE ( 'NONE', #7468, #6653, #2293, .T. ) ;
#11145 = CLOSED_SHELL ( 'NONE', ( #9555, #7053, #5728, #7342, #3750, #5572, #7935, #3715, #5717, #2838, #4725, #4810, #6638, #9502, #2872, #677, #11057, #2689, #3408, #10038, #3582, #10958, #6593, #6126, #4212, #9767, #8245, #5550, #4662, #176, #8623, #8135, #7716, #4170, #11168, #4597, #5518, #6972, #9178, #3826, #7991, #10100, #7666, #577, #9572, #4635, #1285, #6404, #7332, #5071, #7775, #4686, #2417, #6238, #10422, #851, #9849, #6865 ) ) ;
#11146 = ORIENTED_EDGE ( 'NONE', *, *, #5399, .F. ) ;
#11147 = AXIS2_PLACEMENT_3D ( 'NONE', #7951, #8759, #6229 ) ;
#11148 = EDGE_CURVE ( 'NONE', #9580, #2756, #5870, .T. ) ;
#11149 = CARTESIAN_POINT ( 'NONE',  ( -5.493317281818449700, 12.93985310985218700, 6.200000000000113900 ) ) ;
#11150 = CARTESIAN_POINT ( 'NONE',  ( 1.309085912708786400, 10.29025604452769800, 18.33250000000011300 ) ) ;
#11151 = ORIENTED_EDGE ( 'NONE', *, *, #1538, .F. ) ;
#11152 = DIRECTION ( 'NONE',  ( -1.000000000000000000, 0.0000000000000000000, 0.0000000000000000000 ) ) ;
#11153 = DIRECTION ( 'NONE',  ( 0.0000000000000000000, 0.0000000000000000000, 1.000000000000000000 ) ) ;
#11154 = VERTEX_POINT ( 'NONE', #7506 ) ;
#11155 = LINE ( 'NONE', #8441, #10065 ) ;
#11156 = EDGE_LOOP ( 'NONE', ( #9689, #5951, #1266, #1794 ) ) ;
#11157 = CARTESIAN_POINT ( 'NONE',  ( 7.299999999999998900, 0.0000000000000000000, 17.60000000000000100 ) ) ;
#11158 = VERTEX_POINT ( 'NONE', #10335 ) ;
#11159 = VERTEX_POINT ( 'NONE', #3312 ) ;
#11160 = DIRECTION ( 'NONE',  ( -5.583261179213479200E-016, -0.0000000000000000000, -1.000000000000000000 ) ) ;
#11161 = CARTESIAN_POINT ( 'NONE',  ( 5.950000000000133400, 8.900000000000000400, 16.89999999999998800 ) ) ;
#11162 = EDGE_CURVE ( 'NONE', #564, #10695, #9844, .T. ) ;
#11163 = LINE ( 'NONE', #7799, #7198 ) ;
#11164 = ORIENTED_EDGE ( 'NONE', *, *, #2249, .T. ) ;
#11165 = DIRECTION ( 'NONE',  ( 0.0000000000000000000, 0.0000000000000000000, -1.000000000000000000 ) ) ;
#11166 = ORIENTED_EDGE ( 'NONE', *, *, #558, .F. ) ;
#11167 = AXIS2_PLACEMENT_3D ( 'NONE', #8926, #9573, #3681 ) ;
#11168 = ADVANCED_FACE ( 'NONE', ( #1742 ), #5084, .F. ) ;
#11169 = DIRECTION ( 'NONE',  ( -1.000000000000000000, 0.0000000000000000000, -0.0000000000000000000 ) ) ;
#11170 = ORIENTED_EDGE ( 'NONE', *, *, #8244, .T. ) ;
#11171 = DIRECTION ( 'NONE',  ( 0.0000000000000000000, -1.000000000000000000, -0.0000000000000000000 ) ) ;
#11172 = VECTOR ( 'NONE', #6806, 1000.000000000000000 ) ;
#11173 = EDGE_LOOP ( 'NONE', ( #2131, #9968, #7728, #5855 ) ) ;
#11174 = EDGE_LOOP ( 'NONE', ( #8143, #9774 ) ) ;
#11175 = EDGE_CURVE ( 'NONE', #3672, #1158, #8061, .T. ) ;
#11176 = CARTESIAN_POINT ( 'NONE',  ( 2.353588504817993400, 1.827774078792768500, -7.690227792808159700 ) ) ;
#11177 = AXIS2_PLACEMENT_3D ( 'NONE', #6042, #771, #5282 ) ;
#11178 = ORIENTED_EDGE ( 'NONE', *, *, #652, .T. ) ;
#11179 = AXIS2_PLACEMENT_3D ( 'NONE', #580, #1356, #1387 ) ;
#11180 = DIRECTION ( 'NONE',  ( 0.4265687399014593800, -0.9044551454543674500, 0.0000000000000000000 ) ) ;
#11181 = EDGE_LOOP ( 'NONE', ( #9491, #6343, #8643, #10997 ) ) ;
#11182 = CARTESIAN_POINT ( 'NONE',  ( 8.350000000000001400, 0.3999999999999993000, 16.05000000000011400 ) ) ;
#11183 = VECTOR ( 'NONE', #5290, 1000.000000000000100 ) ;
#11184 = EDGE_LOOP ( 'NONE', ( #3425, #10126, #8010, #6397 ) ) ;
#11185 = PLANE ( 'NONE',  #2387 ) ;
#11186 = DIRECTION ( 'NONE',  ( -1.000000000000000000, 0.0000000000000000000, -0.0000000000000000000 ) ) ;
#11187 = VERTEX_POINT ( 'NONE', #2381 ) ;
#11188 = DIRECTION ( 'NONE',  ( -1.000000000000000000, 0.0000000000000000000, 5.577888990279125800E-016 ) ) ;
#11189 = ORIENTED_EDGE ( 'NONE', *, *, #7575, .T. ) ;
#11190 = EDGE_CURVE ( 'NONE', #7835, #6192, #5046, .T. ) ;
#11191 = EDGE_LOOP ( 'NONE', ( #10502, #10913, #1283, #7191, #2351 ) ) ;
#11192 = ORIENTED_EDGE ( 'NONE', *, *, #5590, .F. ) ;
#11193 = CIRCLE ( 'NONE', #11351, 0.7000000000001240800 ) ;
#11194 = FACE_OUTER_BOUND ( 'NONE', #4012, .T. ) ;
#11195 = ORIENTED_EDGE ( 'NONE', *, *, #6260, .T. ) ;
#11196 = CARTESIAN_POINT ( 'NONE',  ( -8.350000000000001400, 9.360147050873548500, 17.35000000000000500 ) ) ;
#11197 = FILL_AREA_STYLE ('',( #9517 ) ) ;
#11198 = CARTESIAN_POINT ( 'NONE',  ( 7.950000000000000200, 8.000000000000000000, 11.35000000000000100 ) ) ;
#11199 = ORIENTED_EDGE ( 'NONE', *, *, #10301, .T. ) ;
#11200 = CARTESIAN_POINT ( 'NONE',  ( -8.350000000000001400, 12.30000000000000100, 9.950000000000114800 ) ) ;
#11201 = EDGE_LOOP ( 'NONE', ( #8787, #2064, #1147, #9864 ) ) ;
#11202 = FACE_OUTER_BOUND ( 'NONE', #10665, .T. ) ;
#11203 = VECTOR ( 'NONE', #8859, 1000.000000000000000 ) ;
#11205 = CARTESIAN_POINT ( 'NONE',  ( -9.999999999999996400, 8.000000000000000000, 0.0000000000000000000 ) ) ;
#11204 = DIRECTION ( 'NONE',  ( -1.000000000000000000, 0.0000000000000000000, -0.0000000000000000000 ) ) ;
#11206 = DIRECTION ( 'NONE',  ( -0.7014534268891473600, 0.08923614685469522000, 0.7071067811865466800 ) ) ;
#11207 = EDGE_CURVE ( 'NONE', #2269, #5116, #2428, .T. ) ;
#11208 = DIRECTION ( 'NONE',  ( 1.000000000000000000, 0.0000000000000000000, -2.168404344971008100E-016 ) ) ;
#11209 = DIRECTION ( 'NONE',  ( 0.0000000000000000000, 0.0000000000000000000, -1.000000000000000000 ) ) ;
#11210 = LINE ( 'NONE', #3470, #4626 ) ;
#11211 = AXIS2_PLACEMENT_3D ( 'NONE', #1829, #9735, #4497 ) ;
#11212 = ADVANCED_FACE ( 'NONE', ( #6695 ), #10530, .F. ) ;
#11213 = LINE ( 'NONE', #1953, #10548 ) ;
#11214 = FACE_OUTER_BOUND ( 'NONE', #5483, .T. ) ;
#11215 = ORIENTED_EDGE ( 'NONE', *, *, #8761, .F. ) ;
#11216 = CARTESIAN_POINT ( 'NONE',  ( 7.950000000000000200, 0.3999999999999993000, 4.850000000000117800 ) ) ;
#11217 = DIRECTION ( 'NONE',  ( 1.000000000000000000, 0.0000000000000000000, 6.938893903907228400E-016 ) ) ;
#11218 = ORIENTED_EDGE ( 'NONE', *, *, #9794, .T. ) ;
#11219 = LINE ( 'NONE', #4641, #3560 ) ;
#11220 = FACE_OUTER_BOUND ( 'NONE', #9330, .T. ) ;
#11221 = LINE ( 'NONE', #7234, #369 ) ;
#11222 = DIRECTION ( 'NONE',  ( 1.000000000000000000, -0.0000000000000000000, 0.0000000000000000000 ) ) ;
#11223 = ADVANCED_FACE ( 'NONE', ( #5320 ), #653, .T. ) ;
#11224 = CARTESIAN_POINT ( 'NONE',  ( -5.402871767273012400, 12.98250998384233400, 10.17360679775009300 ) ) ;
#11225 = ORIENTED_EDGE ( 'NONE', *, *, #7276, .T. ) ;
#11226 = CARTESIAN_POINT ( 'NONE',  ( -3.210233636357284800, 8.000000000000000000, 22.67500000000000800 ) ) ;
#11227 = LINE ( 'NONE', #9642, #7794 ) ;
#11228 = CARTESIAN_POINT ( 'NONE',  ( -7.673004626611402500, 8.000000000000000000, 0.0000000000000000000 ) ) ;
#11229 = ORIENTED_EDGE ( 'NONE', *, *, #8073, .T. ) ;
#11230 = VECTOR ( 'NONE', #6611, 1000.000000000000000 ) ;
#11231 = VECTOR ( 'NONE', #4745, 1000.000000000000000 ) ;
#11232 = EDGE_CURVE ( 'NONE', #3638, #7313, #2010, .T. ) ;
#11233 = CARTESIAN_POINT ( 'NONE',  ( 5.950000000000002000, 8.400000000000000400, 4.199999999999989500 ) ) ;
#11234 = FACE_OUTER_BOUND ( 'NONE', #10232, .T. ) ;
#11235 = EDGE_CURVE ( 'NONE', #2677, #10043, #8749, .T. ) ;
#11236 = CIRCLE ( 'NONE', #439, 0.4500000000000007300 ) ;
#11237 = FACE_OUTER_BOUND ( 'NONE', #5298, .T. ) ;
#11238 = AXIS2_PLACEMENT_3D ( 'NONE', #7288, #2916, #357 ) ;
#11239 = CARTESIAN_POINT ( 'NONE',  ( -4.837073890375361200, 11.78284682717160900, 16.42360679775009700 ) ) ;
#11240 = DIRECTION ( 'NONE',  ( 0.0000000000000000000, -0.0000000000000000000, 1.000000000000000000 ) ) ;
#11241 = MANIFOLD_SOLID_BREP ( 'Washer 2', #7858 ) ;
#11242 = DIRECTION ( 'NONE',  ( 0.0000000000000000000, 1.000000000000000000, 0.0000000000000000000 ) ) ;
#11243 = VECTOR ( 'NONE', #3149, 1000.000000000000000 ) ;
#11244 = DIRECTION ( 'NONE',  ( 1.000000000000000000, 0.0000000000000000000, 0.0000000000000000000 ) ) ;
#11245 = ORIENTED_EDGE ( 'NONE', *, *, #3649, .T. ) ;
#11246 = VECTOR ( 'NONE', #1850, 1000.000000000000000 ) ;
#11247 = VECTOR ( 'NONE', #1307, 1000.000000000000000 ) ;
#11248 = DIRECTION ( 'NONE',  ( 0.6846169860849559100, 0.3601944209030644200, 0.6336872742246425500 ) ) ;
#11249 = EDGE_CURVE ( 'NONE', #9489, #10210, #507, .T. ) ;
#11250 = CARTESIAN_POINT ( 'NONE',  ( 3.462499999999991000, 1.827774078792768100, -6.400000000000001200 ) ) ;
#11251 = CARTESIAN_POINT ( 'NONE',  ( 2.932702847350674400, 9.259228901349223100, 10.91443881637578200 ) ) ;
#11252 = AXIS2_PLACEMENT_3D ( 'NONE', #8293, #3005, #5531 ) ;
#11253 = FACE_OUTER_BOUND ( 'NONE', #5327, .T. ) ;
#11254 = DIRECTION ( 'NONE',  ( 0.6846169860849561400, 0.3601944209030643100, -0.6336872742246424400 ) ) ;
#11255 = CARTESIAN_POINT ( 'NONE',  ( -8.350000000000001400, 12.30000000000000100, 12.45000000000011300 ) ) ;
#11256 = ORIENTED_EDGE ( 'NONE', *, *, #10927, .F. ) ;
#11257 = LINE ( 'NONE', #10187, #8925 ) ;
#11258 = DIRECTION ( 'NONE',  ( -0.0000000000000000000, -0.0000000000000000000, 1.000000000000000000 ) ) ;
#11259 = DIRECTION ( 'NONE',  ( 1.000000000000000000, 0.0000000000000000000, 0.0000000000000000000 ) ) ;
#11260 = CARTESIAN_POINT ( 'NONE',  ( 0.0000000000000000000, 8.000000000000000000, 14.60000000000000000 ) ) ;
#11261 = ORIENTED_EDGE ( 'NONE', *, *, #10890, .F. ) ;
#11262 = DIRECTION ( 'NONE',  ( -0.4265687399014594400, 0.9044551454543675600, -0.0000000000000000000 ) ) ;
#11263 = EDGE_CURVE ( 'NONE', #5151, #2918, #9566, .T. ) ;
#11264 = CARTESIAN_POINT ( 'NONE',  ( -8.350000000000001400, -3.349999999999998800, 17.35000000000011900 ) ) ;
#11265 = CARTESIAN_POINT ( 'NONE',  ( -3.300000000000007400, 3.600000000000000100, 10.42500000000000200 ) ) ;
#11266 = AXIS2_PLACEMENT_3D ( 'NONE', #3003, #3896, #3812 ) ;
#11267 = LINE ( 'NONE', #8310, #7438 ) ;
#11268 = EDGE_LOOP ( 'NONE', ( #9938, #1149 ) ) ;
#11269 = ORIENTED_EDGE ( 'NONE', *, *, #1572, .F. ) ;
#11270 = CARTESIAN_POINT ( 'NONE',  ( -1.449034526683843800, 9.733879744213474800, 10.79716679393220400 ) ) ;
#11271 = EDGE_LOOP ( 'NONE', ( #10124, #10028, #4463, #2061 ) ) ;
#11272 = ADVANCED_FACE ( 'NONE', ( #1324 ), #6804, .T. ) ;
#11273 = CARTESIAN_POINT ( 'NONE',  ( 10.00000000000000200, 8.000000000000000000, 0.0000000000000000000 ) ) ;
#11274 = ORIENTED_EDGE ( 'NONE', *, *, #8227, .T. ) ;
#11275 = DIRECTION ( 'NONE',  ( -1.000000000000000000, 0.0000000000000000000, 0.0000000000000000000 ) ) ;
#11276 = CARTESIAN_POINT ( 'NONE',  ( 7.673004626611401600, 8.000000000000000000, 0.0000000000000000000 ) ) ;
#11277 = FACE_OUTER_BOUND ( 'NONE', #5386, .T. ) ;
#11278 = EDGE_LOOP ( 'NONE', ( #5792, #10959, #6103, #58, #6390, #1658, #5908, #1295, #5158, #657, #8695, #7052 ) ) ;
#11279 = DIRECTION ( 'NONE',  ( -1.000000000000000000, 0.0000000000000000000, 0.0000000000000000000 ) ) ;
#11280 = CARTESIAN_POINT ( 'NONE',  ( -7.874999999999998200, 7.825000000000000200, -8.199999999999994000 ) ) ;
#11281 = VERTEX_POINT ( 'NONE', #7647 ) ;
#11282 = EDGE_CURVE ( 'NONE', #8922, #1201, #3535, .T. ) ;
#11283 = CARTESIAN_POINT ( 'NONE',  ( -7.950000000000000200, 8.000000000000000000, 17.60000000000011500 ) ) ;
#11284 = ORIENTED_EDGE ( 'NONE', *, *, #10928, .T. ) ;
#11285 = AXIS2_PLACEMENT_3D ( 'NONE', #5657, #1239, #9100 ) ;
#11286 = ADVANCED_FACE ( 'NONE', ( #73 ), #1458, .T. ) ;
#11287 = ORIENTED_EDGE ( 'NONE', *, *, #5590, .T. ) ;
#11288 = CARTESIAN_POINT ( 'NONE',  ( -8.350000000000001400, -3.349999999999998800, 10.45000000000011700 ) ) ;
#11289 = DIRECTION ( 'NONE',  ( -0.0000000000000000000, -0.0000000000000000000, 1.000000000000000000 ) ) ;
#11290 = CARTESIAN_POINT ( 'NONE',  ( -1.674978353764041500E-015, 7.825000000000000200, -2.999999999999996400 ) ) ;
#11291 = DIRECTION ( 'NONE',  ( -1.000000000000000000, 0.0000000000000000000, 0.0000000000000000000 ) ) ;
#11292 = LINE ( 'NONE', #7680, #9095 ) ;
#11293 = ORIENTED_EDGE ( 'NONE', *, *, #9252, .F. ) ;
#11294 = DIRECTION ( 'NONE',  ( 1.000000000000000000, -0.0000000000000000000, 1.224646799147353200E-016 ) ) ;
#11295 = CARTESIAN_POINT ( 'NONE',  ( -4.578274166955052300E-015, 7.825000000000000200, 8.349999999999999600 ) ) ;
#11296 = ORIENTED_EDGE ( 'NONE', *, *, #8861, .F. ) ;
#11297 = VERTEX_POINT ( 'NONE', #11059 ) ;
#11298 = DIRECTION ( 'NONE',  ( -0.7071067811865510100, 0.0000000000000000000, -0.7071067811865441300 ) ) ;
#11299 = EDGE_CURVE ( 'NONE', #9612, #6633, #5185, .T. ) ;
#11300 = ORIENTED_EDGE ( 'NONE', *, *, #7904, .T. ) ;
#11301 = EDGE_CURVE ( 'NONE', #3767, #713, #2840, .T. ) ;
#11302 = DIRECTION ( 'NONE',  ( -0.7014534268891475800, 0.08923614685469501200, -0.7071067811865464600 ) ) ;
#11303 = ORIENTED_EDGE ( 'NONE', *, *, #4585, .T. ) ;
#11304 = AXIS2_PLACEMENT_3D ( 'NONE', #6036, #5121, #768 ) ;
#11305 = CARTESIAN_POINT ( 'NONE',  ( 5.915044977147069000, 10.32787459131577800, 1.316568964668701800 ) ) ;
#11306 = PLANE ( 'NONE',  #9050 ) ;
#11307 = ORIENTED_EDGE ( 'NONE', *, *, #3573, .T. ) ;
#11308 = DIRECTION ( 'NONE',  ( 0.9920049496797154200, -0.1261989691358265700, -3.011300041641596900E-017 ) ) ;
#11309 = VECTOR ( 'NONE', #25, 1000.000000000000000 ) ;
#11310 = ORIENTED_EDGE ( 'NONE', *, *, #10562, .F. ) ;
#11311 = EDGE_LOOP ( 'NONE', ( #5254, #2503, #10498, #3683 ) ) ;
#11312 = DIRECTION ( 'NONE',  ( -0.0000000000000000000, -1.000000000000000000, -0.0000000000000000000 ) ) ;
#11313 = CARTESIAN_POINT ( 'NONE',  ( -9.999999999999996400, -3.349999999999998800, 10.45000000000011700 ) ) ;
#11314 = EDGE_CURVE ( 'NONE', #7016, #7671, #1451, .T. ) ;
#11315 = ORIENTED_EDGE ( 'NONE', *, *, #3803, .T. ) ;
#11316 = DIRECTION ( 'NONE',  ( -5.583261179213479200E-016, -0.0000000000000000000, -1.000000000000000000 ) ) ;
#11317 = CARTESIAN_POINT ( 'NONE',  ( -2.860270609150314100, 10.41744139280553200, 11.87874079730326000 ) ) ;
#11318 = AXIS2_PLACEMENT_3D ( 'NONE', #8754, #3473, #7045 ) ;
#11319 = CARTESIAN_POINT ( 'NONE',  ( 8.309113651749971300, 1.883021205966708900, 17.20000000000000300 ) ) ;
#11320 = AXIS2_PLACEMENT_3D ( 'NONE', #2194, #427, #10111 ) ;
#11321 = ORIENTED_EDGE ( 'NONE', *, *, #9368, .F. ) ;
#11322 = FACE_OUTER_BOUND ( 'NONE', #3224, .T. ) ;
#11323 = ORIENTED_EDGE ( 'NONE', *, *, #2283, .T. ) ;
#11324 = ORIENTED_EDGE ( 'NONE', *, *, #3407, .F. ) ;
#11325 = CARTESIAN_POINT ( 'NONE',  ( -9.999999999999996400, 8.000000000000000000, 0.0000000000000000000 ) ) ;
#11326 = ORIENTED_EDGE ( 'NONE', *, *, #1827, .F. ) ;
#11327 = DIRECTION ( 'NONE',  ( 1.000000000000000000, -0.0000000000000000000, -0.0000000000000000000 ) ) ;
#11328 = CARTESIAN_POINT ( 'NONE',  ( -7.350000000000001400, 1.600000000000000300, 10.95000000000000100 ) ) ;
#11329 = ADVANCED_FACE ( 'NONE', ( #5731 ), #11347, .T. ) ;
#11330 = EDGE_LOOP ( 'NONE', ( #8156, #4224 ) ) ;
#11331 = FACE_OUTER_BOUND ( 'NONE', #4553, .T. ) ;
#11332 = EDGE_CURVE ( 'NONE', #9666, #7883, #2144, .T. ) ;
#11333 = ORIENTED_EDGE ( 'NONE', *, *, #6209, .F. ) ;
#11334 = DIRECTION ( 'NONE',  ( -1.000000000000000000, 0.0000000000000000000, 0.0000000000000000000 ) ) ;
#11335 = ORIENTED_EDGE ( 'NONE', *, *, #6555, .T. ) ;
#11336 = AXIS2_PLACEMENT_3D ( 'NONE', #1020, #2797, #9734 ) ;
#11337 = CARTESIAN_POINT ( 'NONE',  ( 0.0000000000000000000, 8.000000000000000000, 0.0000000000000000000 ) ) ;
#11338 = DIRECTION ( 'NONE',  ( 0.0000000000000000000, 0.0000000000000000000, -1.000000000000000000 ) ) ;
#11339 = CARTESIAN_POINT ( 'NONE',  ( 7.350000000000001400, 1.600000000000031600, 17.20000000000000300 ) ) ;
#11340 = CARTESIAN_POINT ( 'NONE',  ( -9.999999999999996400, 0.0000000000000000000, 5.100000000000000500 ) ) ;
#11341 = VERTEX_POINT ( 'NONE', #8669 ) ;
#11342 = LINE ( 'NONE', #9012, #4089 ) ;
#11343 = VECTOR ( 'NONE', #3036, 1000.000000000000100 ) ;
#11344 = ORIENTED_EDGE ( 'NONE', *, *, #2249, .F. ) ;
#11345 = DIRECTION ( 'NONE',  ( -1.000000000000000000, 0.0000000000000000000, 0.0000000000000000000 ) ) ;
#11346 = CARTESIAN_POINT ( 'NONE',  ( 3.061838949330783200, 8.826730281731135700, 4.442479397675463700 ) ) ;
#11347 = CYLINDRICAL_SURFACE ( 'NONE', #4417, 0.4500000000000007300 ) ;
#11348 = EDGE_CURVE ( 'NONE', #9489, #1640, #5858, .T. ) ;
#11349 = ORIENTED_EDGE ( 'NONE', *, *, #7547, .F. ) ;
#11350 = PLANE ( 'NONE',  #10897 ) ;
#11351 = AXIS2_PLACEMENT_3D ( 'NONE', #11233, #10393, #5975 ) ;
#11352 = PLANE ( 'NONE',  #9837 ) ;
#11353 = ORIENTED_EDGE ( 'NONE', *, *, #3209, .T. ) ;
#11354 = CARTESIAN_POINT ( 'NONE',  ( -4.104359146306979500, 10.57570944474777400, 2.200000000000114300 ) ) ;
#11355 = ORIENTED_EDGE ( 'NONE', *, *, #10523, .F. ) ;
#11356 = FACE_OUTER_BOUND ( 'NONE', #6689, .T. ) ;
#11357 = LINE ( 'NONE', #11319, #1740 ) ;
#11358 = DIRECTION ( 'NONE',  ( -0.0000000000000000000, -1.000000000000000000, -0.0000000000000000000 ) ) ;
#11359 = DIRECTION ( 'NONE',  ( -0.7014534268891473600, 0.08923614685469522000, 0.7071067811865466800 ) ) ;
#11360 = VECTOR ( 'NONE', #2423, 1000.000000000000000 ) ;
#11362 = CARTESIAN_POINT ( 'NONE',  ( -8.350000000000001400, 1.600000000000000100, 9.950000000000001100 ) ) ;
#11361 = CARTESIAN_POINT ( 'NONE',  ( 7.900000000000114900, 7.949999999999998400, 2.200000000000000600 ) ) ;
#11363 = VECTOR ( 'NONE', #2314, 1000.000000000000000 ) ;
#11364 = EDGE_LOOP ( 'NONE', ( #4841, #6903, #8724, #8110 ) ) ;
#11365 = SURFACE_STYLE_USAGE ( .BOTH. , #8715 ) ;
#11366 = VECTOR ( 'NONE', #571, 1000.000000000000000 ) ;
#11367 = EDGE_CURVE ( 'NONE', #1041, #6794, #8602, .T. ) ;
#11368 = FACE_OUTER_BOUND ( 'NONE', #11411, .T. ) ;
#11369 = AXIS2_PLACEMENT_3D ( 'NONE', #8032, #4524, #1964 ) ;
#11370 = LINE ( 'NONE', #2563, #5626 ) ;
#11371 = EDGE_CURVE ( 'NONE', #9925, #5712, #4500, .T. ) ;
#11372 = FACE_OUTER_BOUND ( 'NONE', #7041, .T. ) ;
#11373 = VERTEX_POINT ( 'NONE', #692 ) ;
#11374 = DIRECTION ( 'NONE',  ( -0.7014534268891475800, 0.08923614685469501200, -0.7071067811865464600 ) ) ;
#11375 = LINE ( 'NONE', #10792, #655 ) ;
#11376 = ORIENTED_EDGE ( 'NONE', *, *, #1692, .T. ) ;
#11377 = VECTOR ( 'NONE', #9146, 1000.000000000000000 ) ;
#11378 = VECTOR ( 'NONE', #5621, 999.9999999999998900 ) ;
#11379 = CARTESIAN_POINT ( 'NONE',  ( 5.782165290181058700, 9.804447782059616800, -7.897222960784787000 ) ) ;
#11380 = CARTESIAN_POINT ( 'NONE',  ( 1.309085912708786400, 10.29025604452769800, 15.06750000000011300 ) ) ;
#11381 = LINE ( 'NONE', #1221, #7662 ) ;
#11382 = DIRECTION ( 'NONE',  ( -0.0000000000000000000, -0.0000000000000000000, 1.000000000000000000 ) ) ;
#11383 =( BOUNDED_CURVE ( )  B_SPLINE_CURVE ( 3, ( #10915, #5669, #2241, #9114 ),
 .UNSPECIFIED., .F., .F. ) 
 B_SPLINE_CURVE_WITH_KNOTS ( ( 4, 4 ),
 ( 3.871320309816761900, 4.712388980384689700 ),
 .UNSPECIFIED. ) 
 CURVE ( )  GEOMETRIC_REPRESENTATION_ITEM ( )  RATIONAL_B_SPLINE_CURVE ( ( 1.000000000000000000, 0.9419139527835183000, 0.9419139527835183000, 1.000000000000000000 ) ) 
 REPRESENTATION_ITEM ( '' )  );
#11384 = EDGE_CURVE ( 'NONE', #6559, #1401, #6138, .T. ) ;
#11385 = FACE_OUTER_BOUND ( 'NONE', #10339, .T. ) ;
#11386 = PRODUCT_DEFINITION_SHAPE ( 'NONE', 'NONE',  #6376 ) ;
#11387 = VERTEX_POINT ( 'NONE', #4403 ) ;
#11388 = EDGE_CURVE ( 'NONE', #9460, #1517, #10121, .T. ) ;
#11389 = ADVANCED_FACE ( 'NONE', ( #2557 ), #5276, .T. ) ;
#11390 = LINE ( 'NONE', #6968, #1495 ) ;
#11391 = CARTESIAN_POINT ( 'NONE',  ( -6.850000000000002300, 12.30000000000000100, 14.70000000000011700 ) ) ;
#11392 = CARTESIAN_POINT ( 'NONE',  ( 1.195506840486542100, 9.397451589815954500, 17.04716679393220200 ) ) ;
#11393 = DIRECTION ( 'NONE',  ( 0.0000000000000000000, 0.0000000000000000000, 1.000000000000000000 ) ) ;
#11394 = CARTESIAN_POINT ( 'NONE',  ( 7.950000000000000200, 8.000000000000000000, 9.550000000000000700 ) ) ;
#11395 = CARTESIAN_POINT ( 'NONE',  ( -9.999999999999996400, -3.349999999999998800, 3.550000000000116200 ) ) ;
#11396 = ORIENTED_EDGE ( 'NONE', *, *, #10541, .T. ) ;
#11397 = DIRECTION ( 'NONE',  ( 0.0000000000000000000, 0.0000000000000000000, -1.000000000000000000 ) ) ;
#11398 = VECTOR ( 'NONE', #4671, 1000.000000000000000 ) ;
#11399 = ORIENTED_EDGE ( 'NONE', *, *, #8153, .T. ) ;
#11400 = EDGE_CURVE ( 'NONE', #4196, #7354, #11210, .T. ) ;
#11401 = CARTESIAN_POINT ( 'NONE',  ( -3.462499999999997200, 13.82222592120723300, -6.399999999999990600 ) ) ;
#11402 = DIRECTION ( 'NONE',  ( 1.000000000000000000, 0.0000000000000000000, 0.0000000000000000000 ) ) ;
#11403 = AXIS2_PLACEMENT_3D ( 'NONE', #5850, #10340, #11025 ) ;
#11404 = PLANE ( 'NONE',  #4692 ) ;
#11405 = AXIS2_PLACEMENT_3D ( 'NONE', #8088, #2834, #6359 ) ;
#11406 = VECTOR ( 'NONE', #172, 1000.000000000000000 ) ;
#11407 = VERTEX_POINT ( 'NONE', #7873 ) ;
#11408 = CARTESIAN_POINT ( 'NONE',  ( 3.004255071646474700, 8.796433938085819200, 10.45000000000011500 ) ) ;
#11409 = LINE ( 'NONE', #312, #1925 ) ;
#11410 = ORIENTED_EDGE ( 'NONE', *, *, #3922, .F. ) ;
#11411 = EDGE_LOOP ( 'NONE', ( #8983, #7926, #5681, #5252 ) ) ;
#11412 = NEXT_ASSEMBLY_USAGE_OCCURRENCE ( 'NAUO1', ' ', ' ', #6376, #1884, $ ) ;
ENDSEC;
END-ISO-10303-21;
